0/0/0|
0/0/0|
0.0117808/0.000195268/0|
0.0235604/0.000195052/-6.23768e-09|
0.0353375/0.000194816/-6.44068e-09|
0.0471113/0.000194561/-6.86705e-09|
0.0588804/0.00019429/-7.13602e-09|
0.0706435/0.000193995/-7.41735e-09|
0.0823995/0.000193681/-7.8396e-09|
0.0941473/0.000193351/-8.07146e-09|
0.105886/0.000193/-8.38627e-09|
0.117613/0.000192626/-8.74182e-09|
0.12933/0.000192239/-9.08985e-09|
0.141033/0.000191827/-9.32972e-09|
0.152722/0.000191399/-9.66102e-09|
0.164395/0.000190954/-9.95885e-09|
0.176053/0.000190484/-1.03314e-08|
0.187692/0.000189999/-1.06212e-08|
0.199313/0.000189496/-1.08698e-08|
0.210914/0.000188972/-1.12421e-08|
0.222494/0.000188426/-1.15152e-08|
0.234052/0.000187866/-1.18465e-08|
0.245586/0.000187287/-1.21443e-08|
0.257096/0.000186689/-1.24344e-08|
0.26858/0.000186069/-1.2724e-08|
0.280037/0.000185432/-1.30715e-08|
0.291466/0.00018478/-1.33366e-08|
0.302866/0.000184105/-1.36594e-08|
0.314236/0.000183414/-1.3916e-08|
0.325574/0.000182704/-1.42058e-08|
0.33688/0.000181975/-1.45866e-08|
0.348152/0.000181229/-1.47852e-08|
0.359389/0.000180465/-1.51163e-08|
0.37059/0.000179681/-1.53814e-08|
0.381754/0.000178881/-1.57457e-08|
0.39288/0.000178061/-1.59443e-08|
0.403967/0.000177226/-1.62256e-08|
0.415013/0.000176374/-1.65734e-08|
0.426018/0.000175499/-1.68715e-08|
0.43698/0.000174612/-1.70369e-08|
0.447899/0.000173705/-1.74012e-08|
0.458773/0.000172782/-1.76663e-08|
0.4696/0.000171837/-1.79641e-08|
0.480381/0.000170881/-1.8163e-08|
0.491114/0.000169907/-1.8494e-08|
0.501798/0.000168913/-1.87256e-08|
0.512432/0.0001679/-1.9024e-08|
0.523014/0.000166878/-1.92886e-08|
0.533544/0.000165834/-1.95039e-08|
0.544021/0.000164774/-1.99014e-08|
0.554443/0.000163696/-1.99674e-08|
0.56481/0.000162606/-2.03484e-08|
0.57512/0.000161497/-2.06133e-08|
0.585373/0.000160373/-2.07624e-08|
0.595567/0.000159232/-2.11265e-08|
0.605702/0.000158075/-2.13418e-08|
0.615776/0.000156904/-2.15405e-08|
0.625789/0.00015571/-2.1888e-08|
0.635739/0.000154512/-2.2004e-08|
0.645625/0.000153291/-2.23023e-08|
0.655447/0.000152054/-2.26001e-08|
0.665203/0.000150809/-2.27655e-08|
0.674893/0.000149541/-2.29479e-08|
0.684516/0.000148261/-2.33287e-08|
0.69407/0.000146968/-2.34941e-08|
0.703554/0.000145655/-2.36267e-08|
0.712968/0.000144335/-2.38913e-08|
0.722311/0.000142997/-2.42394e-08|
0.731582/0.00014164/-2.43221e-08|
0.740779/0.000140275/-2.46199e-08|
0.749902/0.000138898/-2.47691e-08|
0.758951/0.000137498/-2.50339e-08|
0.767923/0.000136088/-2.51666e-08|
0.776819/0.000134671/-2.54809e-08|
0.785637/0.000133237/-2.56632e-08|
0.794376/0.000131783/-2.57955e-08|
0.803036/0.000130324/-2.6077e-08|
0.811616/0.000128846/-2.61268e-08|
0.820115/0.00012736/-2.65075e-08|
0.828531/0.000125858/-2.65737e-08|
0.836865/0.000124348/-2.68386e-08|
0.845115/0.000122819/-2.70373e-08|
0.85328/0.00012128/-2.71533e-08|
0.86136/0.000119732/-2.73023e-08|
0.869355/0.000118167/-2.76167e-08|
0.877262/0.0001166/-2.76169e-08|
0.885081/0.000115009/-2.7981e-08|
0.892812/0.000113415/-2.7981e-08|
0.900453/0.000111804/-2.82791e-08|
0.908005/0.000110182/-2.83784e-08|
0.915466/0.000108553/-2.85441e-08|
0.922835/0.000106915/-2.86103e-08|
0.930112/0.000105258/-2.90075e-08|
0.937296/0.000103601/-2.89082e-08|
0.944386/0.000101922/-2.93056e-08|
0.951382/0.000100243/-2.91401e-08|
0.958282/9.85463e-05/-2.95705e-08|
0.965087/9.68436e-05/-2.95044e-08|
0.971795/9.5131e-05/-2.97692e-08|
0.978406/9.34144e-05/-2.98354e-08|
0.984919/9.16739e-05/-3.01003e-08|
0.991334/8.99394e-05/-3.01004e-08|
0.99765/8.81811e-05/-3.02328e-08|
1.00387/8.64327e-05/-3.03983e-08|
1.00998/8.46585e-05/-3.04315e-08|
1.016/8.28882e-05/-3.07295e-08|
1.02191/8.11021e-05/-3.06633e-08|
1.02772/7.93119e-05/-3.08619e-08|
1.03343/7.75059e-05/-3.09613e-08|
1.03903/7.56999e-05/-3.10607e-08|
1.04453/7.38859e-05/-3.11268e-08|
1.04993/7.2062e-05/-3.11931e-08|
1.05522/7.02361e-05/-3.14911e-08|
1.06041/6.83924e-05/-3.13587e-08|
1.06549/6.65526e-05/-3.15573e-08|
1.07046/6.47008e-05/-3.15904e-08|
1.07532/6.28432e-05/-3.17891e-08|
1.08008/6.09795e-05/-3.16567e-08|
1.08473/5.91119e-05/-3.19547e-08|
1.08928/5.72403e-05/-3.18222e-08|
1.09371/5.53509e-05/-3.20541e-08|
1.09803/5.34693e-05/-3.20541e-08|
1.10225/5.15759e-05/-3.22196e-08|
1.10635/4.96805e-05/-3.20541e-08|
1.11034/4.77731e-05/-3.24183e-08|
1.11423/4.58737e-05/-3.20872e-08|
1.118/4.39564e-05/-3.25508e-08|
1.12165/4.20471e-05/-3.22859e-08|
1.1252/4.01239e-05/-3.24845e-08|
1.12864/3.82006e-05/-3.24845e-08|
1.13196/3.62674e-05/-3.24845e-08|
1.13516/3.43442e-05/-3.2617e-08|
1.13826/3.23991e-05/-3.25508e-08|
1.14124/3.04739e-05/-3.26501e-08|
1.14411/2.85208e-05/-3.25839e-08|
1.14686/2.65837e-05/-3.27163e-08|
1.1495/2.46346e-05/-3.26832e-08|
1.15202/2.26855e-05/-3.26832e-08|
1.15443/2.07365e-05/-3.27163e-08|
1.15672/1.87794e-05/-3.27494e-08|
1.15889/1.68264e-05/-3.2617e-08|
1.16096/1.48674e-05/-3.28157e-08|
1.1629/1.29124e-05/-3.26832e-08|
1.16473/1.09494e-05/-3.27163e-08|
1.16644/8.98838e-06/-3.27494e-08|
1.16803/7.02739e-06/-3.26832e-08|
1.16951/5.06441e-06/-3.26832e-08|
1.17087/3.09944e-06/-3.26501e-08|
1.17212/1.14242e-06/-3.26501e-08|
1.17324/-8.26518e-07/-3.26832e-08|
1.17425/-2.78751e-06/-3.25508e-08|
1.17515/-4.75049e-06/-3.25508e-08|
1.17592/-6.71546e-06/-3.25508e-08|
1.17658/-8.67645e-06/-3.25177e-08|
1.17712/-1.06374e-05/-3.23521e-08|
1.17754/-1.25964e-05/-3.24845e-08|
1.17784/-1.45555e-05/-3.2319e-08|
1.17803/-1.65164e-05/-3.23521e-08|
1.1781/-1.84695e-05/-3.22196e-08|
1.17805/-2.04225e-05/-3.22859e-08|
1.17788/-2.23756e-05/-3.20209e-08|
1.1776/-2.43266e-05/-3.21865e-08|
1.17719/-2.62678e-05/-3.19547e-08|
1.17667/-2.82168e-05/-3.19547e-08|
1.17603/-3.0156e-05/-3.18222e-08|
1.17528/-3.20971e-05/-3.18222e-08|
1.1744/-3.40303e-05/-3.1756e-08|
1.17341/-3.59674e-05/-3.15573e-08|
1.17231/-3.78887e-05/-3.16236e-08|
1.17108/-3.98199e-05/-3.14249e-08|
1.16974/-4.17372e-05/-3.13586e-08|
1.16828/-4.36544e-05/-3.12262e-08|
1.1667/-4.55638e-05/-3.12262e-08|
1.16501/-4.74731e-05/-3.10938e-08|
1.1632/-4.93785e-05/-3.09282e-08|
1.16127/-5.12719e-05/-3.08619e-08|
1.15923/-5.31693e-05/-3.07626e-08|
1.15707/-5.50548e-05/-3.06633e-08|
1.1548/-5.69363e-05/-3.04315e-08|
1.15241/-5.88099e-05/-3.04646e-08|
1.14991/-6.06835e-05/-3.02659e-08|
1.14729/-6.25491e-05/-3.01997e-08|
1.14455/-6.44048e-05/-3.00011e-08|
1.14171/-6.62565e-05/-2.98354e-08|
1.13874/-6.81023e-05/-2.98023e-08|
1.13567/-6.99421e-05/-2.95705e-08|
1.13248/-7.1768e-05/-2.95375e-08|
1.12917/-7.35958e-05/-2.93056e-08|
1.12576/-7.54118e-05/-2.91731e-08|
1.12223/-7.72238e-05/-2.90739e-08|
1.11859/-7.90238e-05/-2.88751e-08|
1.11483/-8.0814e-05/-2.87096e-08|
1.11097/-8.26021e-05/-2.86102e-08|
1.10699/-8.43763e-05/-2.83454e-08|
1.10291/-8.61486e-05/-2.83453e-08|
1.09871/-8.79069e-05/-2.80141e-08|
1.09441/-8.96573e-05/-2.79314e-08|
1.08999/-9.14017e-05/-2.77162e-08|
1.08547/-9.31342e-05/-2.76003e-08|
1.08083/-9.48568e-05/-2.73022e-08|
1.07609/-9.65734e-05/-2.73519e-08|
1.07124/-9.82742e-05/-2.69876e-08|
1.06629/-9.99749e-05/-2.67559e-08|
1.06122/-0.000101656/-2.66235e-08|
1.05605/-0.000103332/-2.65902e-08|
1.05078/-0.000104995/-2.61434e-08|
1.0454/-0.000106651/-2.61763e-08|
1.03992/-0.000108289/-2.57956e-08|
1.03433/-0.00010993/-2.56465e-08|
1.02864/-0.000111549/-2.55306e-08|
1.02284/-0.000113154/-2.52328e-08|
1.01695/-0.000114752/-2.50504e-08|
1.01095/-0.000116347/-2.48188e-08|
1.00485/-0.000117916/-2.46034e-08|
0.998648/-0.000119486/-2.44213e-08|
0.992348/-0.000121034/-2.41896e-08|
0.985949/-0.000122573/-2.39246e-08|
0.979452/-0.000124105/-2.38586e-08|
0.972856/-0.000125619/-2.33781e-08|
0.966163/-0.000127122/-2.33616e-08|
0.959374/-0.000128611/-2.30141e-08|
0.952489/-0.000130087/-2.27822e-08|
0.945508/-0.000131552/-2.26331e-08|
0.938433/-0.000133004/-2.23517e-08|
0.931264/-0.000134439/-2.20869e-08|
0.924002/-0.000135871/-2.18715e-08|
0.916647/-0.000137273/-2.16234e-08|
0.909201/-0.000138675/-2.13416e-08|
0.901664/-0.000140056/-2.11267e-08|
0.894037/-0.000141423/-2.08781e-08|
0.88632/-0.000142781/-2.06133e-08|
0.878515/-0.000144122/-2.03484e-08|
0.870622/-0.000145447/-2.01331e-08|
0.862641/-0.00014676/-1.98517e-08|
0.854575/-0.000148057/-1.95866e-08|
0.846423/-0.000149337/-1.93218e-08|
0.838186/-0.000150605/-1.9024e-08|
0.829866/-0.000151858/-1.88086e-08|
0.821462/-0.000153095/-1.8494e-08|
0.812977/-0.000154315/-1.82787e-08|
0.80441/-0.000155523/-1.79641e-08|
0.795763/-0.000156715/-1.7749e-08|
0.787036/-0.00015789/-1.73517e-08|
0.77823/-0.000159049/-1.71693e-08|
0.769347/-0.00016019/-1.6888e-08|
0.760387/-0.000161319/-1.66231e-08|
0.751351/-0.000162429/-1.62753e-08|
0.742239/-0.000163525/-1.59773e-08|
0.733053/-0.000164603/-1.58119e-08|
0.723794/-0.000165668/-1.53979e-08|
0.714463/-0.000166709/-1.51495e-08|
0.70506/-0.000167739/-1.49012e-08|
0.695587/-0.000168753/-1.45866e-08|
0.686044/-0.00016975/-1.42388e-08|
0.676432/-0.000170727/-1.39989e-08|
0.666753/-0.000171685/-1.36594e-08|
0.657008/-0.000172634/-1.34608e-08|
0.647196/-0.000173558/-1.30218e-08|
0.63732/-0.000174467/-1.28399e-08|
0.62738/-0.000175361/-1.24921e-08|
0.617377/-0.000176236/-1.2161e-08|
0.607313/-0.00017709/-1.1863e-08|
0.597188/-0.00017793/-1.16229e-08|
0.587003/-0.00017875/-1.12338e-08|
0.576759/-0.000179558/-1.10105e-08|
0.566458/-0.000180339/-1.06047e-08|
0.5561/-0.000181109/-1.03728e-08|
0.545686/-0.000181859/-1.00333e-08|
0.535218/-0.000182588/-9.71074e-09|
0.524697/-0.0001833/-9.39593e-09|
0.514123/-0.000183998/-9.09786e-09|
0.503497/-0.000184672/-8.77529e-09|
0.492821/-0.000185332/-8.46048e-09|
0.482096/-0.000185968/-8.16265e-09|
0.471323/-0.000186591/-7.83136e-09|
0.460503/-0.000187193/-7.50006e-09|
0.449636/-0.000187775/-7.21072e-09|
0.438725/-0.000188339/-6.86681e-09|
0.427769/-0.000188885/-6.55661e-09|
0.416771/-0.000189412/-6.20057e-09|
0.405731/-0.000189919/-5.92724e-09|
0.394651/-0.000190409/-5.62116e-09|
0.383531/-0.000190879/-5.22778e-09|
0.372373/-0.000191329/-4.95056e-09|
0.361178/-0.000191762/-4.60689e-09|
0.349946/-0.000192174/-4.29233e-09|
0.33868/-0.000192567/-3.97364e-09|
0.327379/-0.000192939/-3.67145e-09|
0.316046/-0.000193295/-3.31541e-09|
0.304681/-0.000193632/-2.96374e-09|
0.293286/-0.000193946/-2.69259e-09|
0.281862/-0.000194243/-2.30139e-09|
0.270409/-0.000194519/-2.06758e-09|
0.258929/-0.000194777/-1.63806e-09|
0.247423/-0.000195015/-1.40523e-09|
0.235893/-0.000195235/-1.01354e-09|
0.224339/-0.000195434/-7.02615e-10|
0.212763/-0.000195612/-3.89991e-10|
0.201165/-0.000195774/-3.90476e-11|
0.189547/-0.000195912/2.92494e-10|
0.17791/-0.000196036/5.65827e-10|
0.166256/-0.000196134/9.16286e-10|
0.154585/-0.000196218/1.32665e-09|
0.142898/-0.000196279/1.50152e-09|
0.131197/-0.000196321/1.95165e-09|
0.119483/-0.000196345/2.22281e-09|
0.107757/-0.000196347/2.59533e-09|
0.0960203/-0.000196329/2.86624e-09|
0.0842739/-0.000196296/3.19972e-09|
0.0725192/-0.000196241/3.57007e-09|
0.0607571/-0.000196161/3.84122e-09|
0.048989/-0.000196071/4.21375e-09|
0.0372159/-0.000195954/4.50333e-09|
0.0254392/-0.00019582/4.83875e-09|
0.0136599/-0.000195665/5.15332e-09|
0.00187923/-0.000195493/5.49699e-09|
-0.00990159/-0.000195301/5.81131e-09|
-0.0216814/-0.000195086/6.10962e-09|
-0.0334591/-0.000194856/6.47366e-09|
-0.0452335/-0.000194603/6.747e-09|
-0.0570032/-0.000194333/7.10279e-09|
-0.0687674/-0.000194043/7.40911e-09|
-0.0805247/-0.000193733/7.72391e-09|
-0.0922739/-0.000193404/8.03824e-09|
-0.104014/-0.000193055/8.39427e-09|
-0.115743/-0.000192688/8.65111e-09|
-0.127461/-0.0001923/9.01515e-09|
-0.139167/-0.000191895/9.28e-09|
-0.150858/-0.000191469/9.64452e-09|
-0.162534/-0.000191024/9.90088e-09|
-0.174194/-0.000190561/1.02652e-08|
-0.185837/-0.000190079/1.05717e-08|
-0.197461/-0.000189575/1.08363e-08|
-0.209065/-0.000189056/1.11841e-08|
-0.220648/-0.000188515/1.14739e-08|
-0.232209/-0.000187958/1.17968e-08|
-0.243747/-0.00018738/1.20866e-08|
-0.255261/-0.000186786/1.23762e-08|
-0.266749/-0.00018617/1.27157e-08|
-0.278211/-0.000185535/1.29888e-08|
-0.289644/-0.000184885/1.32951e-08|
-0.301049/-0.000184214/1.35849e-08|
-0.312424/-0.000183526/1.39242e-08|
-0.323767/-0.000182818/1.41728e-08|
-0.335078/-0.000182093/1.44539e-08|
-0.346355/-0.00018135/1.4802e-08|
-0.357598/-0.000180587/1.50501e-08|
-0.368805/-0.000179808/1.53649e-08|
-0.379976/-0.00017901/1.56462e-08|
-0.391108/-0.000178195/1.59276e-08|
-0.402201/-0.00017736/1.61926e-08|
-0.413254/-0.000176509/1.65072e-08|
-0.424265/-0.000175642/1.68053e-08|
-0.435234/-0.000174754/1.70204e-08|
-0.44616/-0.000173851/1.73847e-08|
-0.457041/-0.000172929/1.75833e-08|
-0.467876/-0.00017199/1.79144e-08|
-0.478664/-0.000171035/1.81297e-08|
-0.489405/-0.000170063/1.8461e-08|
-0.500097/-0.000169073/1.87092e-08|
-0.510738/-0.000168064/1.89575e-08|
-0.521329/-0.000167043/1.92226e-08|
-0.531867/-0.000166/1.95204e-08|
-0.542353/-0.000164945/1.9769e-08|
-0.552784/-0.00016387/2.00171e-08|
-0.563159/-0.000162782/2.02657e-08|
-0.573479/-0.000161675/2.05471e-08|
-0.583741/-0.000160552/2.07787e-08|
-0.593945/-0.000159415/2.10603e-08|
-0.604089/-0.000158261/2.12921e-08|
-0.614173/-0.00015709/2.1524e-08|
-0.624196/-0.000155904/2.17888e-08|
-0.634156/-0.000154703/2.20207e-08|
-0.644052/-0.000153487/2.22855e-08|
-0.653884/-0.000152254/2.25171e-08|
-0.663651/-0.000151007/2.2716e-08|
-0.673352/-0.000149744/2.29644e-08|
-0.682985/-0.000148466/2.32457e-08|
-0.69255/-0.000147175/2.34281e-08|
-0.702046/-0.000145867/2.36597e-08|
-0.711471/-0.000144546/2.38916e-08|
-0.720825/-0.000143209/2.41067e-08|
-0.730107/-0.000141858/2.43386e-08|
-0.739317/-0.000140495/2.45704e-08|
-0.748452/-0.000139117/2.46861e-08|
-0.757512/-0.000137722/2.49844e-08|
-0.766497/-0.000136317/2.51993e-08|
-0.775405/-0.000134897/2.54149e-08|
-0.784235/-0.000133464/2.55803e-08|
-0.792987/-0.000132017/2.57956e-08|
-0.80166/-0.000130557/2.60273e-08|
-0.810253/-0.000129083/2.6193e-08|
-0.818764/-0.000127602/2.63916e-08|
-0.827194/-0.000126103/2.65902e-08|
-0.835541/-0.000124591/2.68056e-08|
-0.843804/-0.000123066/2.6938e-08|
-0.851983/-0.000121531/2.71531e-08|
-0.860077/-0.000119983/2.73519e-08|
-0.868085/-0.000118422/2.74844e-08|
-0.876006/-0.00011685/2.7683e-08|
-0.883839/-0.000115266/2.78652e-08|
-0.891584/-0.000113671/2.80472e-08|
-0.89924/-0.000112063/2.81798e-08|
-0.906807/-0.000110446/2.83784e-08|
-0.914282/-0.000108817/2.8511e-08|
-0.921666/-0.000107176/2.86764e-08|
-0.928958/-0.000105527/2.8842e-08|
-0.936157/-0.000103866/2.89746e-08|
-0.943262/-0.000102194/2.91732e-08|
-0.950273/-0.000100511/2.92724e-08|
-0.957189/-9.88205e-05/2.94713e-08|
-0.964009/-9.71178e-05/2.95374e-08|
-0.970733/-9.54072e-05/2.9703e-08|
-0.97736/-9.36866e-05/2.98685e-08|
-0.983889/-9.19561e-05/3.00011e-08|
-0.990319/-9.02176e-05/3.01003e-08|
-0.996651/-8.84672e-05/3.02328e-08|
-1.00288/-8.67109e-05/3.03321e-08|
-1.00901/-8.49426e-05/3.05309e-08|
-1.01505/-8.31703e-05/3.05639e-08|
-1.02097/-8.13882e-05/3.07626e-08|
-1.0268/-7.9596e-05/3.07957e-08|
-1.03253/-7.7796e-05/3.09282e-08|
-1.03815/-7.599e-05/3.10276e-08|
-1.04366/-7.4176e-05/3.116e-08|
-1.04908/-7.23561e-05/3.12593e-08|
-1.05439/-7.05242e-05/3.13255e-08|
-1.05959/-6.86904e-05/3.14249e-08|
-1.06468/-6.68446e-05/3.15242e-08|
-1.06968/-6.49969e-05/3.15904e-08|
-1.07456/-6.31412e-05/3.17229e-08|
-1.07933/-6.12795e-05/3.1756e-08|
-1.084/-5.94099e-05/3.18222e-08|
-1.08856/-5.75344e-05/3.19547e-08|
-1.09301/-5.56548e-05/3.19878e-08|
-1.09735/-5.37693e-05/3.20209e-08|
-1.10158/-5.18779e-05/3.21534e-08|
-1.10571/-4.99825e-05/3.21865e-08|
-1.10972/-4.80791e-05/3.22196e-08|
-1.11362/-4.61737e-05/3.2319e-08|
-1.11741/-4.42644e-05/3.2319e-08|
-1.12108/-4.23471e-05/3.24183e-08|
-1.12465/-4.04278e-05/3.24183e-08|
-1.1281/-3.85066e-05/3.25177e-08|
-1.13144/-3.65774e-05/3.24845e-08|
-1.13466/-3.46462e-05/3.25839e-08|
-1.13778/-3.2713e-05/3.25508e-08|
-1.14078/-3.07739e-05/3.26501e-08|
-1.14366/-2.88347e-05/3.2617e-08|
-1.14643/-2.68896e-05/3.26832e-08|
-1.14909/-2.49445e-05/3.26501e-08|
-1.15163/-2.29935e-05/3.27494e-08|
-1.15405/-2.10444e-05/3.26501e-08|
-1.15636/-1.90894e-05/3.27494e-08|
-1.15856/-1.71363e-05/3.27163e-08|
-1.16064/-1.51773e-05/3.27163e-08|
-1.1626/-1.32203e-05/3.27494e-08|
-1.16445/-1.12593e-05/3.27163e-08|
-1.16618/-9.30031e-06/3.26832e-08|
-1.16779/-7.33534e-06/3.27163e-08|
-1.16929/-5.37634e-06/3.27163e-08|
-1.17067/-3.41137e-06/3.26501e-08|
-1.17193/-1.44839e-06/3.26501e-08|
-1.17307/5.14587e-07/3.2617e-08|
-1.1741/2.47955e-06/3.2617e-08|
-1.17501/4.44253e-06/3.25839e-08|
-1.17581/6.40353e-06/3.25177e-08|
-1.17648/8.36651e-06/3.25177e-08|
-1.17704/1.03295e-05/3.24514e-08|
-1.17748/1.22885e-05/3.23852e-08|
-1.1778/1.42475e-05/3.24183e-08|
-1.17801/1.62045e-05/3.22858e-08|
-1.17809/1.81615e-05/3.22859e-08|
-1.17806/2.01166e-05/3.21865e-08|
-1.17791/2.20676e-05/3.21865e-08|
-1.17765/2.40187e-05/3.20872e-08|
-1.17726/2.59658e-05/3.20209e-08|
-1.17676/2.79089e-05/3.19216e-08|
-1.17614/2.9854e-05/3.18885e-08|
-1.1754/3.17911e-05/3.18222e-08|
-1.17455/3.37283e-05/3.1756e-08|
-1.17358/3.56595e-05/3.16236e-08|
-1.17249/3.75907e-05/3.15242e-08|
-1.17128/3.95159e-05/3.14911e-08|
-1.16996/4.14371e-05/3.14249e-08|
-1.16852/4.33524e-05/3.12262e-08|
-1.16696/4.52658e-05/3.12262e-08|
-1.16528/4.71751e-05/3.10937e-08|
-1.16349/4.90805e-05/3.09613e-08|
-1.16158/5.09779e-05/3.08952e-08|
-1.15956/5.28693e-05/3.07957e-08|
-1.15742/5.47588e-05/3.06301e-08|
-1.15517/5.66443e-05/3.04978e-08|
-1.15279/5.85179e-05/3.04646e-08|
-1.15031/6.03914e-05/3.0299e-08|
-1.14771/6.22571e-05/3.01666e-08|
-1.14499/6.41147e-05/3.00341e-08|
-1.14216/6.59684e-05/2.99347e-08|
-1.13922/6.78162e-05/2.97692e-08|
-1.13616/6.9654e-05/2.96368e-08|
-1.13299/7.14839e-05/2.95043e-08|
-1.1297/7.33117e-05/2.93387e-08|
-1.1263/7.51297e-05/2.92394e-08|
-1.12279/7.69397e-05/2.90408e-08|
-1.11917/7.87417e-05/2.89413e-08|
-1.11543/8.05378e-05/2.87427e-08|
-1.11158/8.23239e-05/2.86103e-08|
-1.10763/8.41022e-05/2.84115e-08|
-1.10356/8.58724e-05/2.83122e-08|
-1.09938/8.76327e-05/2.80803e-08|
-1.09509/8.93871e-05/2.79314e-08|
-1.09069/9.11295e-05/2.77824e-08|
-1.08618/9.2866e-05/2.76003e-08|
-1.08157/9.45906e-05/2.74181e-08|
-1.07684/9.63072e-05/2.72195e-08|
-1.07201/9.80119e-05/2.70704e-08|
-1.06707/9.97106e-05/2.68718e-08|
-1.06202/0.000101395/2.66731e-08|
-1.05687/0.000103071/2.64744e-08|
-1.05161/0.000104738/2.63088e-08|
-1.04625/0.000106394/2.61101e-08|
-1.04078/0.000108039/2.58784e-08|
-1.03521/0.000109673/2.57127e-08|
-1.02953/0.000111297/2.54809e-08|
-1.02376/0.000112909/2.5299e-08|
-1.01788/0.000114509/2.51001e-08|
-1.01189/0.000116098/2.48518e-08|
-1.00581/0.000117676/2.46531e-08|
-0.999625/0.000119243/2.4438e-08|
-0.993341/0.000120796/2.42226e-08|
-0.986957/0.000122339/2.3991e-08|
-0.980475/0.000123867/2.37589e-08|
-0.973894/0.000125385/2.3577e-08|
-0.967217/0.000126891/2.33119e-08|
-0.960442/0.000128382/2.30803e-08|
-0.953571/0.000129862/2.28649e-08|
-0.946606/0.000131328/2.26168e-08|
-0.939545/0.000132781/2.23847e-08|
-0.93239/0.000134221/2.21531e-08|
-0.925143/0.000135646/2.18883e-08|
-0.917802/0.000137061/2.16562e-08|
-0.91037/0.00013846/2.14081e-08|
-0.902847/0.000139844/2.11597e-08|
-0.895234/0.000141216/2.09278e-08|
-0.887531/0.000142573/2.06465e-08|
-0.879739/0.000143916/2.04144e-08|
-0.871859/0.000145246/2.01333e-08|
-0.863892/0.000146559/1.98847e-08|
-0.855839/0.000147858/1.96364e-08|
-0.8477/0.000149143/1.9355e-08|
-0.839477/0.000150412/1.91067e-08|
-0.831169/0.000151668/1.88251e-08|
-0.822779/0.000152907/1.85767e-08|
-0.814306/0.000154132/1.82787e-08|
-0.805751/0.00015534/1.80141e-08|
-0.797116/0.000156533/1.77487e-08|
-0.788401/0.000157711/1.75006e-08|
-0.779608/0.000158872/1.71696e-08|
-0.770736/0.000160019/1.6921e-08|
-0.761788/0.000161148/1.66231e-08|
-0.752763/0.000162263/1.63583e-08|
-0.743663/0.000163359/1.606e-08|
-0.734489/0.00016444/1.57954e-08|
-0.725241/0.000165505/1.54806e-08|
-0.71592/0.000166555/1.51827e-08|
-0.706528/0.000167585/1.49506e-08|
-0.697066/0.000168601/1.46198e-08|
-0.687533/0.000169598/1.42885e-08|
-0.677932/0.00017058/1.40567e-08|
-0.668263/0.000171543/1.37506e-08|
-0.658528/0.000172491/1.3411e-08|
-0.648726/0.00017342/1.31544e-08|
-0.63886/0.000174331/1.28314e-08|
-0.628929/0.000175228/1.25501e-08|
-0.618936/0.000176105/1.22357e-08|
-0.608881/0.000176962/1.19124e-08|
-0.598765/0.000177806/1.16313e-08|
-0.588589/0.000178631/1.13248e-08|
-0.578354/0.000179435/1.10187e-08|
-0.568062/0.000180225/1.06624e-08|
-0.557712/0.000180994/1.04226e-08|
-0.547307/0.000181747/1.00998e-08|
-0.536847/0.000182482/9.73547e-09|
-0.526334/0.000183196/9.47863e-09|
-0.515767/0.000183894/9.11459e-09|
-0.505149/0.000184574/8.84975e-09|
-0.494481/0.000185235/8.50196e-09|
-0.483763/0.000185875/8.22038e-09|
-0.472997/0.0001865/7.87283e-09|
-0.462184/0.000187106/7.54978e-09|
-0.451324/0.00018769/7.23958e-09|
-0.440419/0.000188259/6.92065e-09|
-0.42947/0.000188806/6.61457e-09|
-0.418479/0.000189337/6.26266e-09|
-0.407445/0.000189847/5.96459e-09|
-0.39637/0.00019034/5.66239e-09|
-0.385256/0.000190812/5.30248e-09|
-0.374104/0.000191265/4.97118e-09|
-0.362914/0.0001917/4.68547e-09|
-0.351688/0.000192115/4.3503e-09|
-0.340426/0.000192512/4.01512e-09|
-0.329131/0.000192888/3.66733e-09|
-0.317802/0.000193245/3.41485e-09|
-0.306442/0.000193585/3.00303e-09|
-0.295051/0.000193903/2.78984e-09|
-0.283631/0.000194202/2.30139e-09|
-0.272182/0.000194483/2.12531e-09|
-0.260706/0.000194744/1.71785e-09|
-0.249204/0.000194985/1.38461e-09|
-0.237677/0.000195205/1.11128e-09|
-0.226127/0.00019541/7.80468e-10|
-0.214553/0.00019559/3.70831e-10|
-0.202959/0.000195757/1.55705e-10|
-0.191344/0.000195895/-2.34043e-10|
-0.179709/0.000196023/-5.84987e-10|
-0.168057/0.000196126/-8.5832e-10|
-0.156388/0.000196209/-1.17046e-09|
-0.144704/0.000196276/-1.59974e-09|
-0.133005/0.000196322/-1.79328e-09|
-0.121292/0.000196345/-2.22475e-09|
-0.109568/0.000196354/-2.53543e-09|
-0.0978323/0.00019634/-2.80852e-09|
-0.0860869/0.000196305/-3.16019e-09|
-0.0743331/0.000196253/-3.50992e-09|
-0.0625718/0.000196183/-3.78738e-09|
-0.0508042/0.000196087/-4.17252e-09|
-0.0390317/0.00019598/-4.44537e-09|
-0.0272551/0.000195846/-4.80165e-09|
-0.0154758/0.000195694/-5.10772e-09|
-0.00369512/0.000195525/-5.42229e-09|
0.00808612/0.000195336/-5.7742e-09|
0.0198665/0.000195125/-6.04753e-09|
0.0316448/0.000194898/-6.43631e-09|
0.04342/0.000194648/-6.71377e-09|
0.055191/0.000194381/-7.05331e-09|
0.0669562/0.000194093/-7.3429e-09|
0.078715/0.000193786/-7.67419e-09|
0.0904658/0.000193461/-8.00525e-09|
0.102207/0.000193115/-8.34455e-09|
0.113939/0.000192752/-8.58466e-09|
0.125659/0.000192366/-8.97392e-09|
0.137367/0.000191963/-9.24701e-09|
0.14906/0.00019154/-9.59456e-09|
0.160739/0.000191099/-9.8679e-09|
0.172402/0.000190639/-1.01825e-08|
0.184048/0.000190158/-1.05303e-08|
0.195675/0.000189658/-1.08116e-08|
0.207283/0.000189142/-1.11179e-08|
0.218869/0.000188604/-1.14325e-08|
0.230435/0.000188049/-1.1772e-08|
0.241977/0.000187474/-1.20204e-08|
0.253494/0.000186881/-1.23264e-08|
0.264987/0.00018627/-1.26825e-08|
0.276453/0.000185639/-1.29143e-08|
0.287891/0.00018499/-1.32951e-08|
0.2993/0.000184323/-1.35022e-08|
0.31068/0.000183637/-1.38913e-08|
0.322028/0.000182931/-1.41229e-08|
0.333345/0.000182209/-1.44209e-08|
0.344628/0.00018147/-1.47522e-08|
0.355876/0.000180709/-1.50171e-08|
0.367089/0.000179934/-1.52984e-08|
0.378265/0.000179136/-1.56132e-08|
0.389403/0.000178326/-1.58946e-08|
0.400503/0.000177493/-1.61759e-08|
0.411562/0.000176645/-1.6441e-08|
0.42258/0.00017578/-1.67391e-08|
0.433556/0.000174895/-1.70204e-08|
0.444489/0.000173994/-1.72688e-08|
0.455377/0.000173076/-1.75998e-08|
0.46622/0.000172139/-1.78319e-08|
0.477016/0.000171186/-1.81462e-08|
0.487764/0.000170215/-1.83946e-08|
0.498463/0.000169229/-1.86597e-08|
0.509113/0.000168224/-1.89575e-08|
0.519712/0.000167203/-1.91564e-08|
0.530258/0.000166167/-1.94707e-08|
0.540752/0.000165111/-1.97193e-08|
0.551192/0.000164041/-2.00006e-08|
0.561576/0.000162952/-2.02325e-08|
0.571905/0.000161848/-2.05138e-08|
0.582176/0.000160729/-2.07292e-08|
0.592389/0.000159591/-2.10105e-08|
0.602542/0.000158442/-2.12756e-08|
0.612636/0.000157274/-2.1441e-08|
0.622668/0.000156091/-2.18221e-08|
0.632638/0.000154891/-2.19542e-08|
0.642545/0.000153677/-2.22361e-08|
0.652387/0.000152446/-2.24842e-08|
0.662164/0.000151202/-2.27325e-08|
0.671875/0.000149941/-2.28982e-08|
0.681519/0.000148665/-2.31463e-08|
0.691094/0.000147378/-2.35108e-08|
0.700601/0.000146069/-2.35273e-08|
0.710037/0.000144752/-2.39413e-08|
0.719403/0.000143418/-2.39743e-08|
0.728696/0.000142069/-2.44048e-08|
0.737917/0.000140705/-2.44213e-08|
0.747064/0.000139331/-2.48685e-08|
0.756136/0.000137942/-2.48353e-08|
0.765132/0.000136531/-2.52325e-08|
0.774052/0.00013512/-2.5299e-08|
0.782895/0.000133683/-2.56133e-08|
0.791659/0.000132245/-2.56796e-08|
0.800344/0.000130781/-2.61268e-08|
0.808949/0.000129315/-2.61101e-08|
0.817473/0.000127823/-2.63751e-08|
0.825916/0.000126333/-2.65571e-08|
0.834275/0.000124819/-2.66731e-08|
0.842552/0.000123301/-2.7054e-08|
0.850744/0.000121764/-2.70704e-08|
0.858851/0.000120224/-2.73353e-08|
0.866872/0.000118656/-2.74016e-08|
0.874807/0.000117089/-2.77162e-08|
0.882653/0.000115507/-2.77989e-08|
0.890412/0.000113913/-2.80805e-08|
0.898082/0.000112313/-2.81135e-08|
0.905662/0.00011069/-2.83454e-08|
0.913151/0.000109066/-2.85108e-08|
0.920549/0.000107425/-2.85771e-08|
0.927855/0.000105781/-2.90077e-08|
0.935068/0.000104118/-2.8842e-08|
0.942188/0.00010245/-2.90738e-08|
0.949213/0.000100766/-2.92725e-08|
0.956143/9.90788e-05/-2.94713e-08|
0.962978/9.73781e-05/-2.95374e-08|
0.969717/9.56674e-05/-2.97361e-08|
0.976358/9.39528e-05/-2.97692e-08|
0.982902/9.22124e-05/-3.0001e-08|
0.989348/9.04818e-05/-3.00342e-08|
0.995695/8.87374e-05/-3.0299e-08|
1.00194/8.69811e-05/-3.03321e-08|
1.00809/8.52128e-05/-3.04315e-08|
1.01413/8.34405e-05/-3.04978e-08|
1.02008/8.16564e-05/-3.08619e-08|
1.02592/7.98702e-05/-3.07626e-08|
1.03166/7.80702e-05/-3.08619e-08|
1.0373/7.62681e-05/-3.10275e-08|
1.04283/7.44502e-05/-3.11931e-08|
1.04826/7.26302e-05/-3.11931e-08|
1.05359/7.08044e-05/-3.12924e-08|
1.0588/6.89745e-05/-3.1458e-08|
1.06392/6.71228e-05/-3.15242e-08|
1.06892/6.5277e-05/-3.15242e-08|
1.07382/6.34253e-05/-3.16898e-08|
1.07861/6.15637e-05/-3.18222e-08|
1.0833/5.96921e-05/-3.18222e-08|
1.08788/5.78205e-05/-3.18885e-08|
1.09234/5.59429e-05/-3.19216e-08|
1.0967/5.40555e-05/-3.21203e-08|
1.10095/5.2164e-05/-3.20872e-08|
1.10509/5.02725e-05/-3.21534e-08|
1.10911/4.83712e-05/-3.2319e-08|
1.11303/4.64618e-05/-3.22527e-08|
1.11684/4.45525e-05/-3.22196e-08|
1.12053/4.26392e-05/-3.25176e-08|
1.12411/4.07239e-05/-3.24183e-08|
1.12758/3.87967e-05/-3.24183e-08|
1.13094/3.68714e-05/-3.25839e-08|
1.13418/3.49422e-05/-3.24845e-08|
1.13731/3.30031e-05/-3.26501e-08|
1.14033/3.10679e-05/-3.24845e-08|
1.14323/2.91347e-05/-3.28157e-08|
1.14602/2.71837e-05/-3.25839e-08|
1.14869/2.52386e-05/-3.2617e-08|
1.15125/2.32935e-05/-3.27826e-08|
1.15369/2.13385e-05/-3.25839e-08|
1.15602/1.93894e-05/-3.28819e-08|
1.15823/1.74304e-05/-3.26832e-08|
1.16033/1.54813e-05/-3.25839e-08|
1.16231/1.35124e-05/-3.2915e-08|
1.16417/1.15573e-05/-3.2617e-08|
1.16592/9.60032e-06/-3.26832e-08|
1.16755/7.63337e-06/-3.27825e-08|
1.16907/5.67834e-06/-3.26501e-08|
1.17046/3.70542e-06/-3.27163e-08|
1.17174/1.74443e-06/-3.2617e-08|
1.17291/-2.10603e-07/-3.2617e-08|
1.17395/-2.1855e-06/-3.26501e-08|
1.17488/-4.14252e-06/-3.25177e-08|
1.17569/-6.10352e-06/-3.2617e-08|
1.17639/-8.07047e-06/-3.23521e-08|
1.17696/-1.00295e-05/-3.26832e-08|
1.17742/-1.19925e-05/-3.22527e-08|
1.17776/-1.39495e-05/-3.24514e-08|
1.17798/-1.59065e-05/-3.2319e-08|
1.17809/-1.78655e-05/-3.22527e-08|
1.17808/-1.98166e-05/-3.22196e-08|
1.17794/-2.17736e-05/-3.22196e-08|
1.1777/-2.37147e-05/-3.20872e-08|
1.17733/-2.56757e-05/-3.19878e-08|
1.17685/-2.76109e-05/-3.20209e-08|
1.17624/-2.95579e-05/-3.18554e-08|
1.17552/-3.14971e-05/-3.17891e-08|
1.17469/-3.34322e-05/-3.17891e-08|
1.17373/-3.53654e-05/-3.15904e-08|
1.17266/-3.72986e-05/-3.16898e-08|
1.17147/-3.92238e-05/-3.14249e-08|
1.17017/-4.11431e-05/-3.14249e-08|
1.16874/-4.30644e-05/-3.12262e-08|
1.1672/-4.49757e-05/-3.12593e-08|
1.16555/-4.6883e-05/-3.10275e-08|
1.16377/-4.87904e-05/-3.116e-08|
1.16188/-5.06858e-05/-3.07957e-08|
1.15988/-5.25872e-05/-3.07957e-08|
1.15775/-5.44727e-05/-3.06633e-08|
1.15552/-5.63582e-05/-3.0597e-08|
1.15316/-5.82318e-05/-3.03654e-08|
1.15069/-6.01073e-05/-3.03321e-08|
1.14811/-6.1969e-05/-3.01996e-08|
1.14541/-6.38386e-05/-3.01004e-08|
1.1426/-6.56863e-05/-2.99347e-08|
1.13967/-6.7534e-05/-2.97692e-08|
1.13663/-6.93738e-05/-2.96368e-08|
1.13347/-7.12097e-05/-2.96368e-08|
1.13021/-7.30316e-05/-2.92724e-08|
1.12683/-7.48515e-05/-2.92394e-08|
1.12333/-7.66635e-05/-2.91732e-08|
1.11972/-7.84695e-05/-2.88751e-08|
1.11601/-8.02656e-05/-2.87427e-08|
1.11218/-8.20518e-05/-2.86765e-08|
1.10824/-8.383e-05/-2.84777e-08|
1.10418/-8.56082e-05/-2.82129e-08|
1.10002/-8.73645e-05/-2.8246e-08|
1.09575/-8.91189e-05/-2.78817e-08|
1.09137/-9.08693e-05/-2.78486e-08|
1.08688/-9.26018e-05/-2.76334e-08|
1.08228/-9.43263e-05/-2.74181e-08|
1.07757/-9.60469e-05/-2.71533e-08|
1.07275/-9.77556e-05/-2.7236e-08|
1.06783/-9.94484e-05/-2.68718e-08|
1.0628/-0.000101143/-2.67228e-08|
1.05766/-0.000102816/-2.64412e-08|
1.05242/-0.000104487/-2.6342e-08|
1.04707/-0.000106145/-2.61432e-08|
1.04162/-0.00010779/-2.5928e-08|
1.03606/-0.000109419/-2.57956e-08|
1.0304/-0.000111053/-2.53982e-08|
1.02464/-0.000112666/-2.53982e-08|
1.01878/-0.000114269/-2.50836e-08|
1.01281/-0.000115856/-2.50009e-08|
1.00674/-0.000117436/-2.45372e-08|
1.00057/-0.000119005/-2.45704e-08|
0.994303/-0.00012056/-2.42391e-08|
0.987934/-0.000122108/-2.4024e-08|
0.981467/-0.000123632/-2.37592e-08|
0.974902/-0.000125156/-2.36432e-08|
0.968239/-0.000126661/-2.33284e-08|
0.961479/-0.000128161/-2.313e-08|
0.954623/-0.000129633/-2.29147e-08|
0.947671/-0.000131107/-2.26001e-08|
0.940625/-0.000132562/-2.24512e-08|
0.933485/-0.000134003/-2.22358e-08|
0.926251/-0.000135429/-2.18383e-08|
0.918925/-0.000136847/-2.17723e-08|
0.911507/-0.000138247/-2.14081e-08|
0.903997/-0.000139635/-2.12259e-08|
0.896398/-0.00014101/-2.09113e-08|
0.888708/-0.000142366/-2.0729e-08|
0.88093/-0.000143713/-2.04314e-08|
0.873064/-0.000145047/-2.0166e-08|
0.86511/-0.000146357/-1.99344e-08|
0.85707/-0.000147664/-1.97028e-08|
0.848944/-0.000148948/-1.93383e-08|
0.840733/-0.000150222/-1.92061e-08|
0.832438/-0.000151476/-1.88416e-08|
0.82406/-0.00015272/-1.861e-08|
0.8156/-0.000153946/-1.83284e-08|
0.807058/-0.000155156/-1.80635e-08|
0.798435/-0.000156352/-1.77987e-08|
0.789732/-0.000157534/-1.75004e-08|
0.780951/-0.000158694/-1.72193e-08|
0.772091/-0.000159847/-1.70039e-08|
0.763154/-0.000160977/-1.66561e-08|
0.754141/-0.000162094/-1.63748e-08|
0.745052/-0.000163194/-1.61262e-08|
0.735889/-0.000164277/-1.58451e-08|
0.726652/-0.000165345/-1.55136e-08|
0.717343/-0.000166395/-1.52157e-08|
0.707962/-0.000167428/-1.49676e-08|
0.69851/-0.000168449/-1.4719e-08|
0.688988/-0.000169448/-1.43215e-08|
0.679397/-0.000170431/-1.40816e-08|
0.669739/-0.000171398/-1.38083e-08|
0.660013/-0.000172349/-1.3494e-08|
0.650221/-0.00017328/-1.31544e-08|
0.640365/-0.000174193/-1.28646e-08|
0.630444/-0.000175091/-1.2608e-08|
0.62046/-0.000175974/-1.22852e-08|
0.610415/-0.000176833/-1.19789e-08|
0.600308/-0.000177678/-1.16643e-08|
0.590141/-0.000178506/-1.1391e-08|
0.579915/-0.000179316/-1.09937e-08|
0.569631/-0.000180105/-1.07786e-08|
0.55929/-0.000180877/-1.04473e-08|
0.548893/-0.000181634/-1.0141e-08|
0.538442/-0.000182371/-9.83491e-09|
0.527936/-0.00018309/-9.44565e-09|
0.517378/-0.000183789/-9.23877e-09|
0.506768/-0.000184473/-8.85775e-09|
0.496107/-0.000185133/-8.54343e-09|
0.485397/-0.000185779/-8.2701e-09|
0.474638/-0.000186406/-7.9143e-09|
0.463832/-0.000187015/-7.61599e-09|
0.452979/-0.000187605/-7.28517e-09|
0.442081/-0.000188171/-6.95388e-09|
0.431139/-0.000188726/-6.70552e-09|
0.420153/-0.000189257/-6.28327e-09|
0.409126/-0.00018977/-6.00169e-09|
0.398058/-0.000190266/-5.74122e-09|
0.38695/-0.000190741/-5.30223e-09|
0.375803/-0.000191198/-5.07062e-09|
0.364619/-0.000191635/-4.72282e-09|
0.353398/-0.000192052/-4.40826e-09|
0.342141/-0.000192454/-4.01512e-09|
0.330851/-0.000192831/-3.78738e-09|
0.319528/-0.000193192/-3.43134e-09|
0.308172/-0.000193536/-3.04232e-09|
0.296786/-0.000193854/-2.81046e-09|
0.28537/-0.000194158/-2.41732e-09|
0.273926/-0.000194442/-2.10687e-09|
0.262454/-0.000194706/-1.83378e-09|
0.250956/-0.000194947/-1.40523e-09|
0.239432/-0.000195174/-1.16925e-09|
0.227885/-0.00019538/-8.1903e-10|
0.216315/-0.000195563/-4.29767e-10|
0.204724/-0.000195731/-1.94753e-10|
0.193112/-0.000195877/1.94996e-10|
0.18148/-0.000196003/4.87489e-10|
0.169831/-0.000196113/8.58806e-10|
0.158164/-0.000196197/1.13044e-09|
0.146482/-0.000196267/1.48308e-09|
0.134785/-0.000196317/1.81293e-09|
0.123075/-0.000196342/2.14811e-09|
0.111352/-0.000196354/2.43599e-09|
0.0996181/-0.000196342/2.80852e-09|
0.0878742/-0.000196313/3.12308e-09|
0.0761216/-0.000196262/3.42916e-09|
0.0643615/-0.000196194/3.76676e-09|
0.0525947/-0.000196105/4.09782e-09|
0.0408229/-0.000195996/4.40826e-09|
0.0290468/-0.000195867/4.75605e-09|
0.0172678/-0.000195721/5.03739e-09|
0.00548728/-0.000195552/5.41816e-09|
-0.00629397/-0.000195365/5.67888e-09|
-0.0180745/-0.000195159/6.04341e-09|
-0.0298533/-0.000194933/6.36185e-09|
-0.041629/-0.000194687/6.67254e-09|
-0.0534006/-0.000194423/6.97861e-09|
-0.0651669/-0.000194138/7.30991e-09|
-0.0769266/-0.000193835/7.64097e-09|
-0.0886787/-0.00019351/7.94729e-09|
-0.100422/-0.000193169/8.2701e-09|
-0.112155/-0.000192807/8.56817e-09|
-0.123877/-0.000192425/8.93245e-09|
-0.135587/-0.000192025/9.16431e-09|
-0.147283/-0.000191606/9.56158e-09|
-0.158964/-0.000191167/9.82642e-09|
-0.170629/-0.000190709/1.01492e-08|
-0.182277/-0.000190232/1.04558e-08|
-0.193908/-0.000189736/1.07784e-08|
-0.205518/-0.000189222/1.10849e-08|
-0.217108/-0.000188686/1.13663e-08|
-0.228677/-0.000188136/1.1714e-08|
-0.240222/-0.000187562/1.19622e-08|
-0.251744/-0.000186973/1.23349e-08|
-0.26324/-0.000186364/1.2608e-08|
-0.27471/-0.000185737/1.28811e-08|
-0.286153/-0.00018509/1.32291e-08|
-0.297567/-0.000184425/1.34773e-08|
-0.308951/-0.000183743/1.38083e-08|
-0.320304/-0.00018304/1.41229e-08|
-0.331625/-0.000182322/1.43715e-08|
-0.342913/-0.000181582/1.46858e-08|
-0.354167/-0.000180826/1.49841e-08|
-0.365386/-0.000180053/1.52654e-08|
-0.376567/-0.000179259/1.55633e-08|
-0.387712/-0.00017845/1.58284e-08|
-0.398817/-0.000177622/1.61264e-08|
-0.409882/-0.000176774/1.64245e-08|
-0.420907/-0.000175912/1.66891e-08|
-0.431889/-0.000175031/1.69874e-08|
-0.442829/-0.000174132/1.72358e-08|
-0.453724/-0.000173216/1.75336e-08|
-0.464573/-0.000172282/1.78317e-08|
-0.475376/-0.000171333/1.80635e-08|
-0.486132/-0.000170365/1.83451e-08|
-0.496839/-0.00016938/1.86265e-08|
-0.507496/-0.000168378/1.88913e-08|
-0.518103/-0.000167359/1.91561e-08|
-0.528657/-0.000166325/1.94377e-08|
-0.539159/-0.000165273/1.96696e-08|
-0.549607/-0.000164203/1.99512e-08|
-0.56/-0.000163119/2.01993e-08|
-0.570337/-0.000162018/2.04809e-08|
-0.580617/-0.000160901/2.0696e-08|
-0.590839/-0.000159767/2.09611e-08|
-0.601002/-0.000158618/2.12259e-08|
-0.611104/-0.000157452/2.1441e-08|
-0.621146/-0.000156271/2.17391e-08|
-0.631125/-0.000155074/2.19377e-08|
-0.641042/-0.000153862/2.22028e-08|
-0.650894/-0.000152634/2.24344e-08|
-0.660681/-0.000151392/2.26995e-08|
-0.670402/-0.000150134/2.28649e-08|
-0.680056/-0.000148861/2.31465e-08|
-0.689642/-0.000147574/2.33949e-08|
-0.699159/-0.00014627/2.35935e-08|
-0.708606/-0.000144954/2.38086e-08|
-0.717983/-0.000143621/2.40405e-08|
-0.727287/-0.000142275/2.42891e-08|
-0.736519/-0.000140913/2.4471e-08|
-0.745677/-0.000139541/2.47193e-08|
-0.75476/-0.000138153/2.4885e-08|
-0.763768/-0.000136749/2.51663e-08|
-0.7727/-0.000135333/2.52987e-08|
-0.781555/-0.000133905/2.55473e-08|
-0.790331/-0.000132462/2.57625e-08|
-0.799028/-0.000131005/2.59445e-08|
-0.807645/-0.000129537/2.61268e-08|
-0.816182/-0.000128054/2.6342e-08|
-0.824637/-0.000126561/2.65406e-08|
-0.833009/-0.000125051/2.67227e-08|
-0.841298/-0.000123533/2.68883e-08|
-0.849503/-0.000122/2.71037e-08|
-0.857623/-0.000120454/2.72856e-08|
-0.865657/-0.000118897/2.74513e-08|
-0.873605/-0.00011733/2.76334e-08|
-0.881465/-0.000115749/2.78155e-08|
-0.889238/-0.000114157/2.79479e-08|
-0.896921/-0.000112553/2.81798e-08|
-0.904515/-0.00011094/2.83122e-08|
-0.912018/-0.000109314/2.84446e-08|
-0.91943/-0.000107677/2.86434e-08|
-0.92675/-0.00010603/2.88089e-08|
-0.933977/-0.000104372/2.89413e-08|
-0.941111/-0.000102703/2.90739e-08|
-0.94815/-0.000101026/2.92725e-08|
-0.955095/-9.93351e-05/2.93718e-08|
-0.961945/-9.76364e-05/2.95374e-08|
-0.968698/-9.59297e-05/2.96699e-08|
-0.975354/-9.42111e-05/2.98023e-08|
-0.981913/-9.24826e-05/2.99679e-08|
-0.988374/-9.07461e-05/3.00673e-08|
-0.994736/-8.90017e-05/3.01665e-08|
-1.001/-8.72453e-05/3.03654e-08|
-1.00716/-8.5483e-05/3.04315e-08|
-1.01322/-8.37108e-05/3.05639e-08|
-1.01918/-8.19306e-05/3.06964e-08|
-1.02504/-8.01424e-05/3.07957e-08|
-1.0308/-7.83443e-05/3.08619e-08|
-1.03645/-7.65403e-05/3.10276e-08|
-1.042/-7.47303e-05/3.11268e-08|
-1.04744/-7.29084e-05/3.11931e-08|
-1.05278/-7.10825e-05/3.13255e-08|
-1.05802/-6.92487e-05/3.13918e-08|
-1.06315/-6.74069e-05/3.14911e-08|
-1.06817/-6.55592e-05/3.15904e-08|
-1.07308/-6.37074e-05/3.16567e-08|
-1.07789/-6.18458e-05/3.1756e-08|
-1.08259/-5.99782e-05/3.17891e-08|
-1.08719/-5.81066e-05/3.19216e-08|
-1.09167/-5.6227e-05/3.19878e-08|
-1.09604/-5.43435e-05/3.20209e-08|
-1.10031/-5.24541e-05/3.21203e-08|
-1.10446/-5.05586e-05/3.21203e-08|
-1.10851/-4.86592e-05/3.22527e-08|
-1.11244/-4.67539e-05/3.22859e-08|
-1.11626/-4.48465e-05/3.23521e-08|
-1.11998/-4.29312e-05/3.23521e-08|
-1.12357/-4.1012e-05/3.24183e-08|
-1.12706/-3.90907e-05/3.24514e-08|
-1.13043/-3.71635e-05/3.25508e-08|
-1.13369/-3.52363e-05/3.25177e-08|
-1.13684/-3.33011e-05/3.2617e-08|
-1.13988/-3.1364e-05/3.25839e-08|
-1.14279/-2.94228e-05/3.2617e-08|
-1.1456/-2.74817e-05/3.26501e-08|
-1.14829/-2.55366e-05/3.27163e-08|
-1.15087/-2.35895e-05/3.26501e-08|
-1.15333/-2.16365e-05/3.27494e-08|
-1.15567/-1.96854e-05/3.26832e-08|
-1.1579/-1.77284e-05/3.27163e-08|
-1.16002/-1.57734e-05/3.27494e-08|
-1.16202/-1.38164e-05/3.27163e-08|
-1.1639/-1.18574e-05/3.27163e-08|
-1.16566/-9.89437e-06/3.27163e-08|
-1.16731/-7.93536e-06/3.27163e-08|
-1.16884/-5.9704e-06/3.26832e-08|
-1.17026/-4.00941e-06/3.26832e-08|
-1.17156/-2.04643e-06/3.26501e-08|
-1.17274/-8.14597e-08/3.26501e-08|
-1.1738/1.88152e-06/3.2617e-08|
-1.17475/3.8445e-06/3.25508e-08|
-1.17558/5.80748e-06/3.25839e-08|
-1.17629/7.77046e-06/3.24845e-08|
-1.17688/9.73145e-06/3.24845e-08|
-1.17736/1.16924e-05/3.24183e-08|
-1.17772/1.36515e-05/3.23852e-08|
-1.17796/1.56105e-05/3.2319e-08|
-1.17808/1.75675e-05/3.2319e-08|
-1.17808/1.95205e-05/3.22196e-08|
-1.17797/2.14756e-05/3.21534e-08|
-1.17774/2.34246e-05/3.21203e-08|
-1.17739/2.53737e-05/3.20541e-08|
-1.17693/2.73188e-05/3.19547e-08|
-1.17634/2.92619e-05/3.19216e-08|
-1.17564/3.1201e-05/3.18222e-08|
-1.17482/3.31402e-05/3.1756e-08|
-1.17389/3.50734e-05/3.16567e-08|
-1.17283/3.70026e-05/3.15904e-08|
-1.17166/3.89298e-05/3.15242e-08|
-1.17037/4.0853e-05/3.13918e-08|
-1.16897/4.27703e-05/3.13255e-08|
-1.16744/4.46856e-05/3.12262e-08|
-1.1658/4.65949e-05/3.10937e-08|
-1.16405/4.85003e-05/3.10275e-08|
-1.16218/5.03997e-05/3.08952e-08|
-1.16019/5.22951e-05/3.08288e-08|
-1.15808/5.41866e-05/3.06963e-08|
-1.15586/5.60701e-05/3.0564e-08|
-1.15353/5.79496e-05/3.04646e-08|
-1.15108/5.98232e-05/3.0299e-08|
-1.14851/6.16888e-05/3.02659e-08|
-1.14583/6.35505e-05/3.00342e-08|
-1.14303/6.54042e-05/2.99679e-08|
-1.14012/6.72539e-05/2.98354e-08|
-1.1371/6.90957e-05/2.96699e-08|
-1.13396/7.09295e-05/2.95705e-08|
-1.13071/7.27574e-05/2.9372e-08|
-1.12735/7.45753e-05/2.92724e-08|
-1.12387/7.63913e-05/2.9107e-08|
-1.12028/7.81933e-05/2.89413e-08|
-1.11658/7.99914e-05/2.8842e-08|
-1.11277/8.17815e-05/2.86103e-08|
-1.10884/8.35617e-05/2.85108e-08|
-1.10481/8.5336e-05/2.83122e-08|
-1.10066/8.70983e-05/2.81798e-08|
-1.09641/8.88546e-05/2.7981e-08|
-1.09204/9.0601e-05/2.7799e-08|
-1.08757/9.23375e-05/2.76665e-08|
-1.08298/9.4068e-05/2.74678e-08|
-1.07829/9.57847e-05/2.72857e-08|
-1.07349/9.74953e-05/2.712e-08|
-1.06858/9.9194e-05/2.69215e-08|
-1.06357/0.000100885/2.67393e-08|
-1.05845/0.000102564/2.65406e-08|
-1.05322/0.000104232/2.63585e-08|
-1.04789/0.000105892/2.61763e-08|
-1.04246/0.00010754/2.5928e-08|
-1.03692/0.000109177/2.57956e-08|
-1.03127/0.000110804/2.55307e-08|
-1.02553/0.000112419/2.5365e-08|
-1.01968/0.000114024/2.51333e-08|
-1.01372/0.000115616/2.49512e-08|
-1.00767/0.000117198/2.47193e-08|
-1.00152/0.000118768/2.44877e-08|
-0.995263/0.000120324/2.42888e-08|
-0.988909/0.000121872/2.40737e-08|
-0.982457/0.000123403/2.38251e-08|
-0.975906/0.000124925/2.36267e-08|
-0.969258/0.000126433/2.33949e-08|
-0.962513/0.00012793/2.3163e-08|
-0.955672/0.000129414/2.29312e-08|
-0.948735/0.000130883/2.26828e-08|
-0.941703/0.00013234/2.24512e-08|
-0.934577/0.000133785/2.22193e-08|
-0.927357/0.000135214/2.1971e-08|
-0.920045/0.000136632/2.17391e-08|
-0.912641/0.000138035/2.14908e-08|
-0.905145/0.000139425/2.12094e-08|
-0.897559/0.000140801/2.1027e-08|
-0.889883/0.000142162/2.06962e-08|
-0.882119/0.000143509/2.05138e-08|
-0.874266/0.000144842/2.01993e-08|
-0.866325/0.000146161/1.99841e-08|
-0.858298/0.000147465/1.96861e-08|
-0.850185/0.000148754/1.94709e-08|
-0.841987/0.000150027/1.91729e-08|
-0.833705/0.000151289/1.88913e-08|
-0.82534/0.00015253/1.86429e-08|
-0.816892/0.000153761/1.84113e-08|
-0.808362/0.000154973/1.80965e-08|
-0.799751/0.000156172/1.78152e-08|
-0.791061/0.000157353/1.75503e-08|
-0.782291/0.000158522/1.72853e-08|
-0.773443/0.000159672/1.70039e-08|
-0.764518/0.000160805/1.67223e-08|
-0.755516/0.000161924/1.64245e-08|
-0.746439/0.000163029/1.61594e-08|
-0.737287/0.000164114/1.58616e-08|
-0.728062/0.000165183/1.558e-08|
-0.718763/0.000166236/1.53149e-08|
-0.709393/0.000167273/1.49674e-08|
-0.699952/0.000168294/1.47358e-08|
-0.69044/0.000169297/1.44209e-08|
-0.68086/0.000170283/1.40816e-08|
-0.671212/0.000171252/1.3858e-08|
-0.661496/0.000172204/1.35187e-08|
-0.651715/0.000173139/1.32372e-08|
-0.641868/0.000174057/1.29226e-08|
-0.631957/0.000174956/1.26495e-08|
-0.621983/0.00017584/1.22935e-08|
-0.611946/0.000176705/1.20534e-08|
-0.601849/0.00017755/1.17056e-08|
-0.591691/0.000178381/1.14242e-08|
-0.581474/0.000179192/1.10849e-08|
-0.571199/0.000179987/1.08033e-08|
-0.560866/0.000180762/1.0497e-08|
-0.550478/0.000181521/1.0141e-08|
-0.540035/0.000182259/9.90937e-09|
-0.529537/0.000182982/9.51186e-09|
-0.518987/0.000183684/9.25526e-09|
-0.508385/0.00018437/8.93245e-09|
-0.497732/0.000185035/8.61789e-09|
-0.487029/0.000185683/8.2701e-09|
-0.476277/0.000186313/7.98051e-09|
-0.465478/0.000186921/7.66571e-09|
-0.454632/0.000187516/7.3264e-09|
-0.443741/0.000188086/7.03246e-09|
-0.432806/0.000188642/6.68491e-09|
-0.421827/0.000189178/6.3992e-09|
-0.410806/0.000189695/6.04729e-09|
-0.399743/0.000190191/5.73297e-09|
-0.388641/0.00019067/5.42229e-09|
-0.3775/0.00019113/5.09535e-09|
-0.366322/0.000191569/4.71458e-09|
-0.355106/0.000191991/4.51182e-09|
-0.343855/0.000192392/4.08957e-09|
-0.33257/0.000192776/3.7687e-09|
-0.321252/0.000193139/3.53078e-09|
-0.309901/0.000193483/3.10029e-09|
-0.298519/0.000193808/2.80828e-09|
-0.287108/0.000194114/2.51675e-09|
-0.275668/0.000194397/2.16484e-09|
-0.2642/0.000194668/1.81487e-09|
-0.252706/0.000194913/1.50152e-09|
-0.241186/0.000195139/1.24807e-09|
-0.229643/0.000195351/8.1903e-10|
-0.218076/0.000195537/4.88217e-10|
-0.206488/0.000195706/2.53203e-10|
-0.194879/0.000195857/-1.56191e-10|
-0.18325/0.000195987/-4.29039e-10|
-0.171604/0.000196095/-7.80225e-10|
-0.15994/0.000196186/-1.13044e-09|
-0.14826/0.00019626/-1.4062e-09|
-0.136565/0.00019631/-1.75302e-09|
-0.124856/0.000196339/-2.10906e-09|
-0.113135/0.000196354/-2.41732e-09|
-0.101403/0.000196345/-2.73188e-09|
-0.0896608/0.000196319/-3.07943e-09|
-0.0779094/0.000196272/-3.39617e-09|
-0.0661503/0.000196204/-3.66538e-09|
-0.0543845/0.00019612/-4.09782e-09|
-0.0426134/0.000196015/-4.32968e-09|
-0.0308378/0.000195888/-4.72282e-09|
-0.0190592/0.000195743/-4.98767e-09|
-0.00727887/0.000195579/-5.34783e-09|
0.00450237/0.000195394/-5.65827e-09|
0.0162831/0.000195191/-6.00606e-09|
0.0280622/0.000194971/-6.27915e-09|
0.0398385/0.000194725/-6.59372e-09|
0.0516108/0.000194465/-6.98298e-09|
0.063378/0.000194182/-7.25607e-09|
0.0751388/0.000193882/-7.60774e-09|
0.0868921/0.000193562/-7.88107e-09|
0.0986367/0.000193222/-8.19564e-09|
0.110371/0.000192862/-8.57641e-09|
0.122095/0.000192485/-8.81652e-09|
0.133807/0.000192089/-9.17256e-09|
0.145505/0.00019167/-9.47888e-09|
0.157188/0.000191235/-9.78495e-09|
0.168856/0.000190779/-1.01162e-08|
0.180507/0.000190306/-1.04061e-08|
0.19214/0.000189814/-1.07289e-08|
0.203754/0.000189299/-1.10434e-08|
0.215347/0.00018877/-1.13083e-08|
0.226919/0.00018822/-1.16311e-08|
0.238468/0.000187651/-1.20119e-08|
0.249993/0.000187064/-1.22108e-08|
0.261494/0.000186457/-1.25668e-08|
0.272968/0.000185833/-1.28646e-08|
0.284414/0.000185189/-1.31544e-08|
0.295833/0.000184527/-1.34523e-08|
0.307222/0.000183848/-1.37836e-08|
0.318579/0.00018315/-1.40319e-08|
0.329906/0.000182429/-1.43547e-08|
0.341199/0.000181697/-1.46363e-08|
0.352458/0.000180943/-1.49344e-08|
0.363682/0.000180171/-1.52157e-08|
0.374869/0.000179382/-1.55303e-08|
0.386019/0.000178575/-1.57951e-08|
0.397131/0.000177748/-1.60767e-08|
0.408202/0.000176906/-1.63913e-08|
0.419233/0.000176044/-1.66066e-08|
0.430222/0.000175166/-1.69707e-08|
0.441168/0.00017427/-1.7219e-08|
0.45207/0.000173357/-1.74676e-08|
0.462926/0.000172425/-1.7749e-08|
0.473736/0.000171478/-1.80468e-08|
0.484499/0.000170513/-1.83616e-08|
0.495214/0.00016953/-1.85602e-08|
0.505879/0.000168533/-1.88251e-08|
0.516493/0.000167515/-1.91396e-08|
0.527056/0.000166482/-1.93715e-08|
0.537566/0.000165434/-1.96366e-08|
0.548022/0.000164369/-1.98847e-08|
0.558423/0.000163286/-2.0216e-08|
0.568769/0.000162184/-2.03979e-08|
0.579057/0.000161071/-2.06795e-08|
0.589288/0.000159941/-2.09443e-08|
0.59946/0.000158793/-2.111e-08|
0.609572/0.00015763/-2.1491e-08|
0.619623/0.000156452/-2.16894e-08|
0.629612/0.000155259/-2.1888e-08|
0.639538/0.000154046/-2.21531e-08|
0.6494/0.000152822/-2.24015e-08|
0.659197/0.000151582/-2.26166e-08|
0.668928/0.000150325/-2.28652e-08|
0.678592/0.000149058/-2.32125e-08|
0.688189/0.000147769/-2.31797e-08|
0.697716/0.000146467/-2.36265e-08|
0.707174/0.000145154/-2.38916e-08|
0.716561/0.000143825/-2.39413e-08|
0.725877/0.000142481/-2.41399e-08|
0.73512/0.000141124/-2.45205e-08|
0.744289/0.000139752/-2.47196e-08|
0.753384/0.000138359/-2.48847e-08|
0.762403/0.000136968/-2.50174e-08|
0.771347/0.000135551/-2.53155e-08|
0.780213/0.000134117/-2.55141e-08|
0.789001/0.000132681/-2.57294e-08|
0.79771/0.000131233/-2.5928e-08|
0.80634/0.000129761/-2.60936e-08|
0.814889/0.000128278/-2.63585e-08|
0.823356/0.000126785/-2.64578e-08|
0.831741/0.000125284/-2.66399e-08|
0.840043/0.000123765/-2.69711e-08|
0.848261/0.000122234/-2.70538e-08|
0.856394/0.00012069/-2.72526e-08|
0.864441/0.000119135/-2.73188e-08|
0.872402/0.000117569/-2.77659e-08|
0.880276/0.000115988/-2.77161e-08|
0.888062/0.0001144/-2.79149e-08|
0.895758/0.000112802/-2.80472e-08|
0.903365/0.000111184/-2.84446e-08|
0.910882/0.00010956/-2.84448e-08|
0.918308/0.000107925/-2.85108e-08|
0.925642/0.000106286/-2.88089e-08|
0.932884/0.00010462/-2.89082e-08|
0.940032/0.000102957/-2.9107e-08|
0.947086/0.000101282/-2.92063e-08|
0.954045/9.95994e-05/-2.93718e-08|
0.960909/9.78927e-05/-2.95374e-08|
0.967677/9.6186e-05/-2.96037e-08|
0.974348/9.44753e-05/-2.98023e-08|
0.980922/9.27468e-05/-2.99016e-08|
0.987397/9.10123e-05/-3.01335e-08|
0.993775/8.92659e-05/-3.01003e-08|
1.00005/8.75135e-05/-3.03321e-08|
1.00623/8.57512e-05/-3.04316e-08|
1.01231/8.3979e-05/-3.05639e-08|
1.01828/8.22028e-05/-3.05971e-08|
1.02416/8.04146e-05/-3.0895e-08|
1.02993/7.86205e-05/-3.08619e-08|
1.0356/7.68125e-05/-3.0895e-08|
1.04116/7.50065e-05/-3.11269e-08|
1.04662/7.31866e-05/-3.12262e-08|
1.05198/7.13607e-05/-3.12593e-08|
1.05723/6.95268e-05/-3.1458e-08|
1.06237/6.7691e-05/-3.14249e-08|
1.06741/6.58373e-05/-3.15242e-08|
1.07234/6.39856e-05/-3.1756e-08|
1.07717/6.21319e-05/-3.16236e-08|
1.08189/6.02643e-05/-3.19216e-08|
1.08649/5.83907e-05/-3.18222e-08|
1.09099/5.65151e-05/-3.19547e-08|
1.09539/5.46277e-05/-3.20541e-08|
1.09967/5.27422e-05/-3.21534e-08|
1.10384/5.08507e-05/-3.20209e-08|
1.1079/4.89453e-05/-3.22859e-08|
1.11185/4.70479e-05/-3.22859e-08|
1.11569/4.51326e-05/-3.22859e-08|
1.11942/4.32233e-05/-3.24514e-08|
1.12303/4.1306e-05/-3.2319e-08|
1.12654/3.93828e-05/-3.25176e-08|
1.12993/3.74536e-05/-3.24514e-08|
1.13321/3.55323e-05/-3.26501e-08|
1.13637/3.35952e-05/-3.24845e-08|
1.13942/3.1658e-05/-3.2617e-08|
1.14236/2.97209e-05/-3.26501e-08|
1.14518/2.77738e-05/-3.25839e-08|
1.14789/2.58346e-05/-3.27494e-08|
1.15048/2.38836e-05/-3.2617e-08|
1.15296/2.19365e-05/-3.28157e-08|
1.15532/1.99775e-05/-3.25839e-08|
1.15757/1.80284e-05/-3.27826e-08|
1.1597/1.60714e-05/-3.27494e-08|
1.16172/1.41124e-05/-3.27826e-08|
1.16362/1.21574e-05/-3.25839e-08|
1.1654/1.01924e-05/-3.27494e-08|
1.16707/8.23538e-06/-3.27494e-08|
1.16862/6.26643e-06/-3.27163e-08|
1.17005/4.3114e-06/-3.26832e-08|
1.17137/2.34445e-06/-3.25839e-08|
1.17257/3.79483e-07/-3.26501e-08|
1.17365/-1.58747e-06/-3.27163e-08|
1.17461/-3.5425e-06/-3.24845e-08|
1.17546/-5.50747e-06/-3.25508e-08|
1.17619/-7.47244e-06/-3.25839e-08|
1.1768/-9.43542e-06/-3.24514e-08|
1.17729/-1.13964e-05/-3.23852e-08|
1.17767/-1.33514e-05/-3.24183e-08|
1.17793/-1.53104e-05/-3.23852e-08|
1.17807/-1.72734e-05/-3.22527e-08|
1.17809/-1.92225e-05/-3.22859e-08|
1.178/-2.11755e-05/-3.21203e-08|
1.17778/-2.31306e-05/-3.21203e-08|
1.17745/-2.50777e-05/-3.20541e-08|
1.17701/-2.70208e-05/-3.20209e-08|
1.17644/-2.89659e-05/-3.19878e-08|
1.17576/-3.0909e-05/-3.17229e-08|
1.17495/-3.28441e-05/-3.17891e-08|
1.17404/-3.47813e-05/-3.16898e-08|
1.173/-3.67085e-05/-3.16567e-08|
1.17185/-3.86357e-05/-3.13587e-08|
1.17058/-4.0559e-05/-3.15904e-08|
1.16919/-4.24802e-05/-3.12593e-08|
1.16768/-4.43995e-05/-3.116e-08|
1.16606/-4.63029e-05/-3.13256e-08|
1.16432/-4.82102e-05/-3.08288e-08|
1.16247/-5.01116e-05/-3.10937e-08|
1.1605/-5.2011e-05/-3.06964e-08|
1.15841/-5.38925e-05/-3.07295e-08|
1.15621/-5.5788e-05/-3.06302e-08|
1.15389/-5.76635e-05/-3.04977e-08|
1.15146/-5.95331e-05/-3.03321e-08|
1.14891/-6.14127e-05/-3.01997e-08|
1.14624/-6.32624e-05/-3.01666e-08|
1.14347/-6.5128e-05/-2.99016e-08|
1.14057/-6.69698e-05/-2.98685e-08|
1.13757/-6.88136e-05/-2.97361e-08|
1.13445/-7.06514e-05/-2.96036e-08|
1.13121/-7.24812e-05/-2.92394e-08|
1.12787/-7.43012e-05/-2.94713e-08|
1.12441/-7.61131e-05/-2.90407e-08|
1.12083/-7.79231e-05/-2.89744e-08|
1.11715/-7.97172e-05/-2.88421e-08|
1.11335/-8.15094e-05/-2.87095e-08|
1.10945/-8.32935e-05/-2.84779e-08|
1.10543/-8.50697e-05/-2.83784e-08|
1.1013/-8.68241e-05/-2.80803e-08|
1.09706/-8.85924e-05/-2.82129e-08|
1.09271/-9.03348e-05/-2.76665e-08|
1.08825/-9.20733e-05/-2.77328e-08|
1.08369/-9.38038e-05/-2.7534e-08|
1.07901/-9.55264e-05/-2.73188e-08|
1.07423/-9.7235e-05/-2.71035e-08|
1.06934/-9.89378e-05/-2.69214e-08|
1.06434/-0.000100623/-2.68386e-08|
1.05923/-0.000102315/-2.65241e-08|
1.05403/-0.000103975/-2.6375e-08|
1.04871/-0.000105639/-2.62923e-08|
1.04329/-0.000107291/-2.58949e-08|
1.03777/-0.00010893/-2.58453e-08|
1.03214/-0.000110557/-2.54976e-08|
1.02641/-0.000112172/-2.54809e-08|
1.02057/-0.000113782/-2.51663e-08|
1.01464/-0.000115374/-2.49182e-08|
1.0086/-0.000116956/-2.47358e-08|
1.00246/-0.000118534/-2.45704e-08|
0.996221/-0.000120087/-2.43551e-08|
0.989882/-0.000121638/-2.40737e-08|
0.983445/-0.000123168/-2.38583e-08|
0.976909/-0.000124697/-2.36597e-08|
0.970275/-0.000126207/-2.33949e-08|
0.963545/-0.000127702/-2.32789e-08|
0.956718/-0.000129186/-2.28814e-08|
0.949796/-0.00013066/-2.27657e-08|
0.942778/-0.000132122/-2.24842e-08|
0.935666/-0.000133566/-2.22358e-08|
0.928461/-0.000134998/-2.20704e-08|
0.921163/-0.000136417/-2.16894e-08|
0.913773/-0.000137821/-2.15405e-08|
0.906291/-0.000139218/-2.13086e-08|
0.898719/-0.00014059/-2.10108e-08|
0.891056/-0.000141956/-2.07622e-08|
0.883305/-0.000143305/-2.05636e-08|
0.875466/-0.00014464/-2.01995e-08|
0.867538/-0.000145964/-2.00504e-08|
0.859524/-0.000147265/-1.97523e-08|
0.851425/-0.000148558/-1.94542e-08|
0.843239/-0.000149836/-1.92391e-08|
0.83497/-0.000151097/-1.89078e-08|
0.826617/-0.000152343/-1.87756e-08|
0.818182/-0.000153576/-1.83284e-08|
0.809664/-0.000154788/-1.8196e-08|
0.801066/-0.000155991/-1.78484e-08|
0.792388/-0.000157176/-1.75998e-08|
0.78363/-0.000158344/-1.73185e-08|
0.774794/-0.000159498/-1.70536e-08|
0.76588/-0.000160633/-1.67721e-08|
0.75689/-0.000161759/-1.6474e-08|
0.747824/-0.000162859/-1.61762e-08|
0.738684/-0.000163951/-1.59111e-08|
0.729469/-0.000165021/-1.56627e-08|
0.720182/-0.000166077/-1.52819e-08|
0.710823/-0.000167117/-1.50833e-08|
0.701392/-0.00016814/-1.4719e-08|
0.691891/-0.000169146/-1.44874e-08|
0.682321/-0.000170135/-1.41808e-08|
0.672684/-0.000171105/-1.3858e-08|
0.662978/-0.00017206/-1.35684e-08|
0.653206/-0.000172999/-1.32704e-08|
0.643369/-0.000173916/-1.29888e-08|
0.633468/-0.000174821/-1.26825e-08|
0.623504/-0.000175705/-1.23597e-08|
0.613477/-0.000176574/-1.20616e-08|
0.603388/-0.000177425/-1.1772e-08|
0.593239/-0.000178256/-1.14407e-08|
0.583031/-0.00017907/-1.11924e-08|
0.572765/-0.000179866/-1.08448e-08|
0.562441/-0.000180646/-1.04888e-08|
0.552061/-0.000181407/-1.02239e-08|
0.541626/-0.000182148/-9.9506e-09|
0.531137/-0.000182872/-9.5948e-09|
0.520595/-0.000183578/-9.24677e-09|
0.51/-0.000184265/-9.0154e-09|
0.499355/-0.000184936/-8.61764e-09|
0.48866/-0.000185587/-8.38627e-09|
0.477915/-0.000186216/-7.99676e-09|
0.467123/-0.00018683/-7.68244e-09|
0.456285/-0.000187427/-7.4176e-09|
0.4454/-0.000188002/-7.06132e-09|
0.434471/-0.000188557/-6.747e-09|
0.423499/-0.000189098/-6.43655e-09|
0.412484/-0.000189615/-6.12175e-09|
0.401428/-0.000190118/-5.77832e-09|
0.390332/-0.000190598/-5.42253e-09|
0.379197/-0.000191059/-5.1863e-09|
0.368024/-0.000191504/-4.79728e-09|
0.356814/-0.000191928/-4.49121e-09|
0.345569/-0.000192333/-4.16815e-09|
0.334289/-0.000192719/-3.82885e-09|
0.322975/-0.000193086/-3.54727e-09|
0.311629/-0.000193433/-3.15825e-09|
0.300252/-0.000193758/-2.88904e-09|
0.288845/-0.000194069/-2.53519e-09|
0.277409/-0.000194357/-2.22499e-09|
0.265946/-0.000194627/-1.86992e-09|
0.254455/-0.000194877/-1.60071e-09|
0.24294/-0.000195107/-1.17046e-09|
0.2314/-0.000195319/-9.36416e-10|
0.219837/-0.000195509/-5.84987e-10|
0.208252/-0.000195682/-2.53446e-10|
0.196646/-0.000195834/7.80953e-11|
0.18502/-0.000195968/4.09151e-10|
0.173376/-0.00019608/7.02372e-10|
0.161714/-0.000196176/1.11201e-09|
0.150037/-0.000196246/1.34629e-09|
0.138344/-0.000196303/1.73629e-09|
0.126638/-0.000196338/1.98803e-09|
0.114919/-0.000196353/2.40058e-09|
0.103188/-0.000196348/2.70908e-09|
0.0914472/-0.000196324/2.98654e-09|
0.0796971/-0.000196281/3.31541e-09|
0.067939/-0.000196215/3.70468e-09|
0.0561742/-0.000196134/4.00275e-09|
0.0444037/-0.00019603/4.28821e-09|
0.0326289/-0.000195911/4.66074e-09|
0.0208507/-0.000195766/4.95468e-09|
0.00907047/-0.000195604/5.31048e-09|
-0.00271071/-0.000195425/5.57144e-09|
-0.0144916/-0.000195226/5.97283e-09|
-0.026271/-0.000195004/6.24204e-09|
-0.0380479/-0.000194763/6.55224e-09|
-0.0498208/-0.000194506/6.92914e-09|
-0.0615888/-0.000194226/7.18962e-09|
-0.0733506/-0.000193929/7.55002e-09|
-0.0851052/-0.000193611/7.84785e-09|
-0.0968512/-0.000193276/8.1709e-09|
-0.108587/-0.000192918/8.47722e-09|
-0.120313/-0.000192543/8.79979e-09|
-0.132027/-0.00019215/9.13957e-09|
-0.143727/-0.000191734/9.42891e-09|
-0.155413/-0.000191303/9.71898e-09|
-0.167083/-0.00019085/1.00583e-08|
-0.178736/-0.000190379/1.03811e-08|
-0.190372/-0.000189889/1.06957e-08|
-0.201989/-0.00018938/1.09525e-08|
-0.213585/-0.000188852/1.13e-08|
-0.225161/-0.000188304/1.15814e-08|
-0.236713/-0.000187738/1.19209e-08|
-0.248242/-0.000187155/1.22272e-08|
-0.259746/-0.000186552/1.24921e-08|
-0.271224/-0.000185929/1.28234e-08|
-0.282675/-0.000185287/1.3113e-08|
-0.294098/-0.00018463/1.34028e-08|
-0.305491/-0.000183952/1.37256e-08|
-0.316854/-0.000183257/1.39989e-08|
-0.328185/-0.000182542/1.4305e-08|
-0.339484/-0.000181808/1.45866e-08|
-0.350748/-0.000181059/1.49012e-08|
-0.361977/-0.000180289/1.5166e-08|
-0.37317/-0.000179502/1.54808e-08|
-0.384326/-0.000178698/1.57454e-08|
-0.395443/-0.000177875/1.60602e-08|
-0.406521/-0.000177035/1.63083e-08|
-0.417558/-0.000176176/1.66231e-08|
-0.428554/-0.000175301/1.6888e-08|
-0.439506/-0.000174407/1.71528e-08|
-0.450415/-0.000173497/1.74676e-08|
-0.461278/-0.000172568/1.77157e-08|
-0.472095/-0.000171624/1.80138e-08|
-0.482866/-0.00017066/1.82622e-08|
-0.493588/-0.000169682/1.85273e-08|
-0.50426/-0.000168684/1.88251e-08|
-0.514882/-0.000167671/1.90569e-08|
-0.525453/-0.000166642/1.93383e-08|
-0.535971/-0.000165594/1.96366e-08|
-0.546435/-0.000164531/1.98515e-08|
-0.556845/-0.00016345/2.01166e-08|
-0.567199/-0.000162354/2.03981e-08|
-0.577497/-0.000161242/2.06298e-08|
-0.587736/-0.000160113/2.08781e-08|
-0.597917/-0.00015897/2.11432e-08|
-0.608038/-0.000157809/2.14081e-08|
-0.618098/-0.000156631/2.16232e-08|
-0.628097/-0.00015544/2.18715e-08|
-0.638032/-0.000154233/2.21366e-08|
-0.647904/-0.000153009/2.23682e-08|
-0.657711/-0.000151771/2.25836e-08|
-0.667453/-0.000150519/2.2832e-08|
-0.677127/-0.00014925/2.30801e-08|
-0.686734/-0.000147966/2.33122e-08|
-0.696272/-0.000146668/2.35273e-08|
-0.705741/-0.000145356/2.37424e-08|
-0.715138/-0.000144028/2.3991e-08|
-0.724465/-0.000142686/2.41894e-08|
-0.733719/-0.000141331/2.44048e-08|
-0.742899/-0.000139961/2.46531e-08|
-0.752006/-0.000138576/2.48685e-08|
-0.761037/-0.000137177/2.50504e-08|
-0.769992/-0.000135765/2.52658e-08|
-0.77887/-0.000134341/2.54811e-08|
-0.78767/-0.000132901/2.56795e-08|
-0.796391/-0.00013145/2.5895e-08|
-0.805033/-0.000129986/2.6077e-08|
-0.813594/-0.000128507/2.62591e-08|
-0.822074/-0.000127015/2.65075e-08|
-0.830471/-0.000125511/2.66399e-08|
-0.838786/-0.000123996/2.68718e-08|
-0.847017/-0.000122467/2.70207e-08|
-0.855163/-0.000120926/2.72361e-08|
-0.863223/-0.000119372/2.7385e-08|
-0.871197/-0.000117808/2.75836e-08|
-0.879084/-0.000116232/2.77659e-08|
-0.886883/-0.000114642/2.79148e-08|
-0.894594/-0.000113043/2.80805e-08|
-0.902214/-0.000111431/2.8279e-08|
-0.909745/-0.00010981/2.84448e-08|
-0.917185/-0.000108175/2.85771e-08|
-0.924533/-0.000106532/2.87096e-08|
-0.931788/-0.000104877/2.89413e-08|
-0.938951/-0.000103211/2.90077e-08|
-0.946019/-0.000101537/2.92394e-08|
-0.952993/-9.98517e-05/2.93387e-08|
-0.959872/-9.81549e-05/2.94711e-08|
-0.966654/-9.64483e-05/2.96368e-08|
-0.97334/-9.47336e-05/2.97692e-08|
-0.979929/-9.30111e-05/2.99016e-08|
-0.986419/-9.12746e-05/3.00672e-08|
-0.992811/-8.95341e-05/3.01335e-08|
-0.999104/-8.77798e-05/3.02659e-08|
-1.0053/-8.60194e-05/3.04315e-08|
-1.01139/-8.42512e-05/3.05309e-08|
-1.01738/-8.2473e-05/3.06632e-08|
-1.02327/-8.06868e-05/3.07295e-08|
-1.02906/-7.88927e-05/3.0895e-08|
-1.03474/-7.70887e-05/3.09283e-08|
-1.04032/-7.52807e-05/3.11268e-08|
-1.0458/-7.34647e-05/3.116e-08|
-1.05117/-7.16388e-05/3.13255e-08|
-1.05644/-6.9807e-05/3.12924e-08|
-1.0616/-6.79672e-05/3.15242e-08|
-1.06665/-6.61234e-05/3.15573e-08|
-1.0716/-6.42697e-05/3.15905e-08|
-1.07644/-6.2414e-05/3.1756e-08|
-1.08118/-6.05464e-05/3.18223e-08|
-1.0858/-5.86768e-05/3.18554e-08|
-1.09032/-5.67973e-05/3.19216e-08|
-1.09473/-5.49197e-05/3.20541e-08|
-1.09902/-5.30283e-05/3.20541e-08|
-1.10321/-5.11348e-05/3.21865e-08|
-1.10729/-4.92394e-05/3.21534e-08|
-1.11126/-4.7334e-05/3.22859e-08|
-1.11511/-4.54247e-05/3.23189e-08|
-1.11886/-4.35134e-05/3.23852e-08|
-1.12249/-4.15981e-05/3.23852e-08|
-1.12601/-3.96748e-05/3.24845e-08|
-1.12942/-3.77516e-05/3.24845e-08|
-1.13271/-3.58204e-05/3.25177e-08|
-1.1359/-3.38912e-05/3.25839e-08|
-1.13896/-3.1954e-05/3.25839e-08|
-1.14192/-3.00149e-05/3.2617e-08|
-1.14476/-2.80718e-05/3.26832e-08|
-1.14748/-2.61287e-05/3.26501e-08|
-1.1501/-2.41796e-05/3.26832e-08|
-1.15259/-2.22305e-05/3.27163e-08|
-1.15497/-2.02795e-05/3.27163e-08|
-1.15724/-1.83245e-05/3.26832e-08|
-1.15939/-1.63694e-05/3.27826e-08|
-1.16142/-1.44124e-05/3.26832e-08|
-1.16334/-1.24514e-05/3.27494e-08|
-1.16514/-1.04924e-05/3.27163e-08|
-1.16682/-8.53141e-06/3.26832e-08|
-1.16839/-6.56843e-06/3.27163e-08|
-1.16984/-4.60545e-06/3.26832e-08|
-1.17117/-2.64446e-06/3.26501e-08|
-1.17239/-6.77506e-07/3.26501e-08|
-1.17349/1.28349e-06/3.26501e-08|
-1.17447/3.24845e-06/3.25508e-08|
-1.17534/5.21143e-06/3.25508e-08|
-1.17608/7.17243e-06/3.25508e-08|
-1.17671/9.1354e-06/3.24845e-08|
-1.17723/1.10964e-05/3.24183e-08|
-1.17762/1.30554e-05/3.24183e-08|
-1.1779/1.50144e-05/3.23521e-08|
-1.17806/1.69734e-05/3.22859e-08|
-1.1781/1.89265e-05/3.22527e-08|
-1.17802/2.08795e-05/3.21865e-08|
-1.17782/2.28326e-05/3.21203e-08|
-1.17751/2.47816e-05/3.20872e-08|
-1.17708/2.67267e-05/3.19878e-08|
-1.17653/2.86718e-05/3.19216e-08|
-1.17587/3.06129e-05/3.18222e-08|
-1.17508/3.25501e-05/3.18222e-08|
-1.17418/3.44853e-05/3.16898e-08|
-1.17316/3.64165e-05/3.15904e-08|
-1.17203/3.83437e-05/3.15573e-08|
-1.17078/4.02689e-05/3.13918e-08|
-1.16941/4.21882e-05/3.13918e-08|
-1.16792/4.41035e-05/3.12262e-08|
-1.16632/4.60128e-05/3.116e-08|
-1.1646/4.79221e-05/3.10606e-08|
-1.16276/4.98235e-05/3.08952e-08|
-1.16081/5.1719e-05/3.0895e-08|
-1.15874/5.36124e-05/3.06964e-08|
-1.15655/5.54959e-05/3.0597e-08|
-1.15425/5.73794e-05/3.04978e-08|
-1.15183/5.9253e-05/3.03983e-08|
-1.1493/6.11226e-05/3.02328e-08|
-1.14666/6.29862e-05/3.01334e-08|
-1.1439/6.48399e-05/3.00011e-08|
-1.14102/6.66936e-05/2.98354e-08|
-1.13803/6.85354e-05/2.97361e-08|
-1.13493/7.03712e-05/2.95705e-08|
-1.13171/7.22011e-05/2.94713e-08|
-1.12838/7.4025e-05/2.92725e-08|
-1.12494/7.5839e-05/2.92062e-08|
-1.12138/7.7647e-05/2.89415e-08|
-1.11772/7.9447e-05/2.89082e-08|
-1.11394/8.12372e-05/2.86765e-08|
-1.11005/8.30213e-05/2.85108e-08|
-1.10605/8.47956e-05/2.84115e-08|
-1.10193/8.65638e-05/2.81798e-08|
-1.09771/8.83202e-05/2.80472e-08|
-1.09338/9.00725e-05/2.78983e-08|
-1.08894/9.1809e-05/2.76831e-08|
-1.08439/9.35435e-05/2.7534e-08|
-1.07973/9.52641e-05/2.73353e-08|
-1.07496/9.69748e-05/2.71698e-08|
-1.07009/9.86795e-05/2.69711e-08|
-1.06511/0.00010037/2.68221e-08|
-1.06002/0.000102053/2.65737e-08|
-1.05482/0.000103727/2.64247e-08|
-1.04953/0.000105388/2.62261e-08|
-1.04412/0.00010704/2.60274e-08|
-1.03861/0.00010868/2.57956e-08|
-1.033/0.00011031/2.56464e-08|
-1.02728/0.000111929/2.53982e-08|
-1.02147/0.000113538/2.52328e-08|
-1.01554/0.000115132/2.49677e-08|
-1.00952/0.000116718/2.4802e-08|
-1.0034/0.000118291/2.45539e-08|
-0.997176/0.000119853/2.43715e-08|
-0.990852/0.000121401/2.41399e-08|
-0.98443/0.00012294/2.38751e-08|
-0.977909/0.000124463/2.37094e-08|
-0.971291/0.000125977/2.34608e-08|
-0.964575/0.000127475/2.32295e-08|
-0.957763/0.000128964/2.29809e-08|
-0.950855/0.000130437/2.27822e-08|
-0.943852/0.000131899/2.25171e-08|
-0.936754/0.000133348/2.23023e-08|
-0.929563/0.00013478/2.20369e-08|
-0.922279/0.000136203/2.17888e-08|
-0.914902/0.00013761/2.15902e-08|
-0.907435/0.000139004/2.13086e-08|
-0.899876/0.000140383/2.10605e-08|
-0.892227/0.00014175/2.08119e-08|
-0.88449/0.000143101/2.05636e-08|
-0.876663/0.000144439/2.02822e-08|
-0.868749/0.000145761/2.00504e-08|
-0.860749/0.000147068/1.97853e-08|
-0.852662/0.000148364/1.95537e-08|
-0.84449/0.000149642/1.92226e-08|
-0.836233/0.000150906/1.90237e-08|
-0.827893/0.000152155/1.87259e-08|
-0.81947/0.000153389/1.84278e-08|
-0.810965/0.000154606/1.82125e-08|
-0.802379/0.000155809/1.78814e-08|
-0.793712/0.000156996/1.7666e-08|
-0.784967/0.000158169/1.73847e-08|
-0.776143/0.000159322/1.70536e-08|
-0.767241/0.000160464/1.67885e-08|
-0.758262/0.000161587/1.65569e-08|
-0.749208/0.000162693/1.62424e-08|
-0.740079/0.000163786/1.59111e-08|
-0.730875/0.000164859/1.57124e-08|
-0.721599/0.000165918/1.53649e-08|
-0.712251/0.000166962/1.50831e-08|
-0.702831/0.000167985/1.4802e-08|
-0.693341/0.000168992/1.45037e-08|
-0.683781/0.000169985/1.42058e-08|
-0.674154/0.00017096/1.39327e-08|
-0.664458/0.000171915/1.36097e-08|
-0.654697/0.000172857/1.33283e-08|
-0.64487/0.000173779/1.30053e-08|
-0.634978/0.000174684/1.27404e-08|
-0.625023/0.000175572/1.24011e-08|
-0.615005/0.000176443/1.21361e-08|
-0.604926/0.000177295/1.17968e-08|
-0.594787/0.000178131/1.15072e-08|
-0.584588/0.000178948/1.12006e-08|
-0.57433/0.000179747/1.0886e-08|
-0.564015/0.000180528/1.05882e-08|
-0.553644/0.000181292/1.02569e-08|
-0.543217/0.000182036/9.99207e-09|
-0.532736/0.000182764/9.5948e-09|
-0.522201/0.000183472/9.3627e-09|
-0.511615/0.000184162/9.03189e-09|
-0.500977/0.000184834/8.70059e-09|
-0.490289/0.000185488/8.36129e-09|
-0.479552/0.000186123/8.10445e-09|
-0.468768/0.000186738/7.73216e-09|
-0.457936/0.000187338/7.44233e-09|
-0.447058/0.000187914/7.13602e-09|
-0.436136/0.000188475/6.76761e-09|
-0.42517/0.000189017/6.49428e-09|
-0.414162/0.000189539/6.14261e-09|
-0.403112/0.000190041/5.8569e-09|
-0.392022/0.000190527/5.49699e-09|
-0.380893/0.000190991/5.19067e-09|
-0.369726/0.000191438/4.87174e-09|
-0.358521/0.000191866/4.54893e-09|
-0.347281/0.000192272/4.17252e-09|
-0.336006/0.000192662/3.92392e-09|
-0.324698/0.00019303/3.54727e-09|
-0.313357/0.000193382/3.27612e-09|
-0.301984/0.000193711/2.90772e-09|
-0.290582/0.000194023/2.57472e-09|
-0.27915/0.000194315/2.28077e-09|
-0.267691/0.000194588/1.91333e-09|
-0.256205/0.000194838/1.61842e-09|
-0.244693/0.000195074/1.32665e-09|
-0.233156/0.000195287/9.16286e-10|
-0.221597/0.000195483/6.04875e-10|
-0.210015/0.000195658/3.11896e-10|
-0.198412/0.000195812/1.96451e-11|
-0.186789/0.000195949/-3.89991e-10|
-0.175148/0.000196064/-6.6381e-10|
-0.163489/0.000196161/-1.0133e-09|
-0.151814/0.000196241/-1.36594e-09|
-0.140123/0.000196296/-1.63903e-09|
-0.128419/0.000196332/-1.94947e-09|
-0.116702/0.000196351/-2.34092e-09|
-0.104973/0.000196352/-2.65306e-09|
-0.0932332/0.000196328/-2.96592e-09|
-0.0814845/0.000196288/-3.27394e-09|
-0.0697275/0.000196228/-3.63022e-09|
-0.0579637/0.000196146/-3.94042e-09|
-0.0461941/0.000196047/-4.29233e-09|
-0.0344196/0.00019593/-4.56154e-09|
-0.0226419/0.00019579/-4.91733e-09|
-0.010862/0.000195631/-5.26513e-09|
0.00091904/0.000195453/-5.53822e-09|
0.0127001/0.000195256/-5.89425e-09|
0.0244798/0.000195039/-6.20057e-09|
0.0362571/0.000194802/-6.51514e-09|
0.0480308/0.000194545/-6.87093e-09|
0.0597996/0.000194271/-7.16924e-09|
0.0715624/0.000193976/-7.45883e-09|
0.0833182/0.00019366/-7.79837e-09|
0.0950656/0.000193328/-8.15417e-09|
0.106803/0.000192974/-8.41925e-09|
0.118531/0.000192602/-8.75007e-09|
0.130246/0.000192211/-9.08161e-09|
0.141948/0.000191799/-9.37119e-09|
0.153636/0.000191369/-9.70225e-09|
0.165309/0.000190921/-1.00335e-08|
0.176965/0.000190453/-1.02981e-08|
0.188604/0.000189964/-1.0613e-08|
0.200224/0.000189459/-1.09525e-08|
0.211823/0.000188934/-1.12421e-08|
0.223402/0.000188389/-1.15484e-08|
0.234958/0.000187827/-1.1863e-08|
0.24649/0.000187245/-1.2161e-08|
0.257998/0.000186643/-1.24921e-08|
0.26948/0.000186025/-1.27569e-08|
0.280936/0.000185388/-1.3022e-08|
0.292363/0.000184731/-1.34275e-08|
0.303761/0.000184056/-1.36099e-08|
0.315128/0.000183363/-1.40069e-08|
0.326464/0.000182651/-1.4239e-08|
0.337768/0.000181922/-1.45534e-08|
0.349037/0.000181172/-1.48679e-08|
0.360272/0.000180407/-1.51165e-08|
0.37147/0.000179626/-1.54309e-08|
0.382632/0.00017882/-1.57124e-08|
0.393755/0.000178003/-1.5961e-08|
0.404839/0.000177163/-1.63248e-08|
0.415882/0.000176309/-1.65569e-08|
0.426884/0.000175435/-1.6855e-08|
0.437843/0.000174543/-1.71363e-08|
0.448759/0.000173636/-1.73847e-08|
0.459629/0.00017271/-1.7666e-08|
0.470453/0.000171768/-1.79973e-08|
0.481231/0.00017081/-1.8163e-08|
0.49196/0.000169831/-1.85932e-08|
0.50264/0.000168837/-1.87092e-08|
0.51327/0.000167826/-1.90737e-08|
0.523849/0.000166798/-1.92721e-08|
0.534375/0.000165755/-1.95537e-08|
0.544847/0.000164695/-1.98185e-08|
0.555265/0.000163615/-2.01166e-08|
0.565628/0.000162525/-2.03319e-08|
0.575934/0.000161409/-2.06463e-08|
0.586183/0.000160287/-2.07789e-08|
0.596373/0.000159142/-2.11597e-08|
0.606503/0.000157986/-2.12754e-08|
0.616572/0.000156813/-2.16399e-08|
0.62658/0.000155624/-2.18715e-08|
0.636526/0.000154417/-2.20702e-08|
0.646407/0.000153197/-2.22855e-08|
0.656224/0.000151958/-2.26333e-08|
0.665976/0.000150711/-2.27822e-08|
0.67566/0.000149442/-2.29644e-08|
0.685277/0.000148165/-2.33452e-08|
0.694826/0.000146867/-2.34776e-08|
0.704305/0.000145555/-2.37094e-08|
0.713714/0.00014423/-2.39578e-08|
0.723051/0.000142893/-2.41564e-08|
0.732316/0.000141535/-2.44048e-08|
0.741508/0.000140168/-2.45537e-08|
0.750626/0.00013879/-2.4885e-08|
0.759668/0.00013739/-2.49677e-08|
0.768635/0.000135981/-2.53155e-08|
0.777525/0.000134558/-2.53485e-08|
0.786337/0.000133121/-2.57294e-08|
0.79507/0.000131672/-2.58122e-08|
0.803724/0.000130207/-2.60935e-08|
0.812297/0.000128734/-2.62261e-08|
0.820789/0.000127241/-2.64413e-08|
0.8292/0.000125743/-2.66564e-08|
0.837527/0.000124224/-2.67063e-08|
0.84577/0.000122703/-2.71698e-08|
0.853929/0.000121159/-2.71035e-08|
0.862003/0.000119611/-2.7385e-08|
0.86999/0.000118045/-2.765e-08|
0.87789/0.000116471/-2.76003e-08|
0.885703/0.000114885/-2.79313e-08|
0.893427/0.000113286/-2.81467e-08|
0.901061/0.000111683/-2.81467e-08|
0.908606/0.000110053/-2.84446e-08|
0.916059/0.000108427/-2.84777e-08|
0.923421/0.000106784/-2.8842e-08|
0.930691/0.000105125/-2.8842e-08|
0.937868/0.000103469/-2.90408e-08|
0.94495/0.000101793/-2.90407e-08|
0.951939/0.000100104/-2.94713e-08|
0.958832/9.84152e-05/-2.9438e-08|
0.965629/9.67085e-05/-2.96037e-08|
0.97233/9.49999e-05/-2.9736e-08|
0.978933/9.32694e-05/-2.98687e-08|
0.985439/9.15388e-05/-3.00672e-08|
0.991846/8.97964e-05/-3.01004e-08|
0.998153/8.80539e-05/-3.02328e-08|
1.00436/8.62857e-05/-3.04315e-08|
1.01047/8.45194e-05/-3.05308e-08|
1.01648/8.27432e-05/-3.05971e-08|
1.02238/8.0959e-05/-3.08288e-08|
1.02818/7.91669e-05/-3.07295e-08|
1.03388/7.73629e-05/-3.10606e-08|
1.03948/7.55568e-05/-3.09945e-08|
1.04497/7.37429e-05/-3.116e-08|
1.05036/7.1917e-05/-3.13255e-08|
1.05564/7.00851e-05/-3.12924e-08|
1.06082/6.82493e-05/-3.15573e-08|
1.06589/6.63996e-05/-3.1458e-08|
1.07085/6.45558e-05/-3.15573e-08|
1.07571/6.26922e-05/-3.18554e-08|
1.08046/6.08325e-05/-3.16567e-08|
1.0851/5.89629e-05/-3.19878e-08|
1.08964/5.70834e-05/-3.18885e-08|
1.09406/5.52058e-05/-3.19878e-08|
1.09838/5.33124e-05/-3.20541e-08|
1.10258/5.14249e-05/-3.22196e-08|
1.10668/4.95315e-05/-3.20872e-08|
1.11066/4.76201e-05/-3.23852e-08|
1.11453/4.57207e-05/-3.21865e-08|
1.1183/4.38015e-05/-3.24514e-08|
1.12195/4.18882e-05/-3.2319e-08|
1.12548/3.99689e-05/-3.25177e-08|
1.12891/3.80456e-05/-3.25177e-08|
1.13222/3.61125e-05/-3.24514e-08|
1.13542/3.41872e-05/-3.2617e-08|
1.13851/3.22441e-05/-3.25177e-08|
1.14148/3.03129e-05/-3.26832e-08|
1.14433/2.83659e-05/-3.2617e-08|
1.14708/2.64267e-05/-3.27163e-08|
1.14971/2.44757e-05/-3.26501e-08|
1.15222/2.25246e-05/-3.26832e-08|
1.15462/2.05775e-05/-3.27163e-08|
1.1569/1.86205e-05/-3.27494e-08|
1.15907/1.66694e-05/-3.27163e-08|
1.16112/1.47084e-05/-3.27494e-08|
1.16305/1.27514e-05/-3.26501e-08|
1.16487/1.07884e-05/-3.27826e-08|
1.16657/8.82943e-06/-3.26832e-08|
1.16816/6.86844e-06/-3.27494e-08|
1.16963/4.90546e-06/-3.2617e-08|
1.17098/2.9405e-06/-3.27163e-08|
1.17221/9.77516e-07/-3.2617e-08|
1.17333/-9.8745e-07/-3.26501e-08|
1.17433/-2.94646e-06/-3.25177e-08|
1.17521/-4.91341e-06/-3.2617e-08|
1.17598/-6.8744e-06/-3.25508e-08|
1.17663/-8.83937e-06/-3.24514e-08|
1.17716/-1.07964e-05/-3.24845e-08|
1.17757/-1.27594e-05/-3.23521e-08|
1.17786/-1.47164e-05/-3.23852e-08|
1.17804/-1.66754e-05/-3.23852e-08|
1.1781/-1.86265e-05/-3.22196e-08|
1.17804/-2.05835e-05/-3.20872e-08|
1.17786/-2.25365e-05/-3.21865e-08|
1.17757/-2.44836e-05/-3.21865e-08|
1.17715/-2.64327e-05/-3.18554e-08|
1.17662/-2.83738e-05/-3.20541e-08|
1.17598/-3.03169e-05/-3.18223e-08|
1.17521/-3.226e-05/-3.17229e-08|
1.17433/-3.41932e-05/-3.17891e-08|
1.17333/-3.61184e-05/-3.15904e-08|
1.17221/-3.80496e-05/-3.16236e-08|
1.17097/-3.99808e-05/-3.13255e-08|
1.16962/-4.18921e-05/-3.13586e-08|
1.16815/-4.38154e-05/-3.13586e-08|
1.16657/-4.57247e-05/-3.116e-08|
1.16486/-4.76281e-05/-3.10275e-08|
1.16305/-4.95354e-05/-3.10275e-08|
1.16111/-5.14309e-05/-3.07295e-08|
1.15906/-5.33283e-05/-3.07626e-08|
1.15689/-5.52078e-05/-3.06964e-08|
1.15461/-5.70893e-05/-3.04646e-08|
1.15221/-5.89708e-05/-3.04647e-08|
1.1497/-6.08404e-05/-3.01665e-08|
1.14707/-6.27021e-05/-3.02328e-08|
1.14432/-6.45637e-05/-3.00011e-08|
1.14147/-6.64075e-05/-2.98023e-08|
1.13849/-6.82533e-05/-2.97692e-08|
1.13541/-7.00951e-05/-2.96367e-08|
1.13221/-7.19229e-05/-2.94713e-08|
1.1289/-7.37508e-05/-2.92725e-08|
1.12547/-7.55608e-05/-2.92393e-08|
1.12193/-7.73748e-05/-2.90077e-08|
1.11828/-7.91748e-05/-2.89413e-08|
1.11452/-8.0963e-05/-2.86434e-08|
1.11065/-8.27491e-05/-2.85108e-08|
1.10666/-8.45273e-05/-2.8511e-08|
1.10257/-8.62956e-05/-2.81466e-08|
1.09836/-8.8052e-05/-2.81798e-08|
1.09404/-8.98063e-05/-2.78155e-08|
1.08962/-9.15468e-05/-2.77327e-08|
1.08509/-9.32833e-05/-2.74678e-08|
1.08044/-9.50019e-05/-2.75838e-08|
1.07569/-9.67125e-05/-2.70704e-08|
1.07084/-9.84232e-05/-2.69545e-08|
1.06587/-0.000100112/-2.68386e-08|
1.0608/-0.000101803/-2.67228e-08|
1.05562/-0.000103472/-2.64247e-08|
1.05034/-0.000105136/-2.6193e-08|
1.04495/-0.000106784/-2.6077e-08|
1.03946/-0.000108439/-2.58618e-08|
1.03386/-0.000110063/-2.56632e-08|
1.02816/-0.00011168/-2.54314e-08|
1.02236/-0.000113291/-2.5216e-08|
1.01645/-0.000114894/-2.50339e-08|
1.01044/-0.000116479/-2.48518e-08|
1.00434/-0.000118051/-2.45704e-08|
0.998128/-0.000119616/-2.44048e-08|
0.99182/-0.000121167/-2.42061e-08|
0.985413/-0.000122707/-2.38748e-08|
0.978907/-0.000124233/-2.36929e-08|
0.972303/-0.000125746/-2.35935e-08|
0.965602/-0.000127248/-2.31962e-08|
0.958805/-0.000128739/-2.30801e-08|
0.951911/-0.000130213/-2.27325e-08|
0.944923/-0.000131678/-2.26333e-08|
0.937839/-0.00013313/-2.2302e-08|
0.930663/-0.000134562/-2.20869e-08|
0.923392/-0.000135984/-2.18053e-08|
0.91603/-0.0001374/-2.16232e-08|
0.908576/-0.000138791/-2.13583e-08|
0.901031/-0.000140176/-2.11267e-08|
0.893396/-0.00014154/-2.08119e-08|
0.885672/-0.000142898/-2.06133e-08|
0.877859/-0.000144236/-2.03152e-08|
0.869959/-0.000145561/-2.01001e-08|
0.861971/-0.00014687/-1.98515e-08|
0.853897/-0.000148167/-1.95372e-08|
0.845738/-0.000149449/-1.93218e-08|
0.837494/-0.000150716/-1.89907e-08|
0.829167/-0.000151965/-1.88086e-08|
0.820756/-0.000153202/-1.8494e-08|
0.812264/-0.000154421/-1.82457e-08|
0.80369/-0.000155627/-1.79144e-08|
0.795036/-0.000156818/-1.7716e-08|
0.786302/-0.00015799/-1.73515e-08|
0.77749/-0.000159149/-1.71696e-08|
0.7686/-0.000160289/-1.68383e-08|
0.759633/-0.000161417/-1.65569e-08|
0.75059/-0.000162527/-1.63083e-08|
0.741472/-0.000163622/-1.59775e-08|
0.73228/-0.000164697/-1.56957e-08|
0.723014/-0.00016576/-1.54476e-08|
0.713677/-0.000166801/-1.5133e-08|
0.704268/-0.000167831/-1.4835e-08|
0.694788/-0.000168841/-1.45866e-08|
0.685239/-0.000169835/-1.41891e-08|
0.675622/-0.000170813/-1.40072e-08|
0.665937/-0.000171772/-1.36594e-08|
0.656185/-0.000172713/-1.33778e-08|
0.646368/-0.00017364/-1.30303e-08|
0.636486/-0.000174548/-1.27984e-08|
0.626541/-0.000175438/-1.24426e-08|
0.616533/-0.000176314/-1.21693e-08|
0.606463/-0.000177165/-1.1863e-08|
0.596332/-0.000178005/-1.15484e-08|
0.586142/-0.000178825/-1.12751e-08|
0.575894/-0.000179628/-1.0878e-08|
0.565587/-0.000180409/-1.06542e-08|
0.555224/-0.000181177/-1.03316e-08|
0.544806/-0.000181924/-9.99207e-09|
0.534333/-0.000182654/-9.71874e-09|
0.523807/-0.000183366/-9.3547e-09|
0.513228/-0.000184059/-9.08961e-09|
0.502598/-0.000184735/-8.70884e-09|
0.491918/-0.000185388/-8.49371e-09|
0.481188/-0.000186027/-8.07971e-09|
0.470411/-0.000186647/-7.79837e-09|
0.459586/-0.000187247/-7.5003e-09|
0.448716/-0.00018783/-7.169e-09|
0.4378/-0.000188391/-6.86705e-09|
0.426841/-0.000188936/-6.47778e-09|
0.415839/-0.000189459/-6.24204e-09|
0.404795/-0.000189968/-5.84866e-09|
0.393711/-0.000190453/-5.58381e-09|
0.382588/-0.000190921/-5.261e-09|
0.371426/-0.000191371/-4.87998e-09|
0.360228/-0.000191801/-4.60277e-09|
0.348993/-0.000192213/-4.2511e-09|
0.337723/-0.000192602/-3.98189e-09|
0.32642/-0.000192976/-3.58462e-09|
0.315083/-0.000193327/-3.28024e-09|
0.303716/-0.000193662/-3.00303e-09|
0.292318/-0.000193978/-2.61183e-09|
0.280891/-0.000194271/-2.30357e-09|
0.269435/-0.000194547/-2.02902e-09|
0.257953/-0.000194802/-1.63709e-09|
0.246445/-0.000195041/-1.32762e-09|
0.234912/-0.000195256/-1.01378e-09|
0.223356/-0.000195453/-6.63082e-10|
0.211777/-0.000195633/-3.51186e-10|
0.200178/-0.00019579/-3.88051e-11|
0.188558/-0.000195928/3.11896e-10|
0.176919/-0.00019605/6.24277e-10|
0.165263/-0.000196148/9.55576e-10|
0.15359/-0.000196228/1.26771e-09|
0.141902/-0.000196288/1.63927e-09|
0.1302/-0.000196328/1.9308e-09|
0.118484/-0.000196349/2.2621e-09|
0.106757/-0.000196352/2.59315e-09|
0.0950191/-0.000196333/2.92857e-09|
0.0832717/-0.000196296/3.23489e-09|
0.0715161/-0.000196238/3.57419e-09|
0.0597531/-0.000196162/3.87833e-09|
0.0479842/-0.000196064/4.23024e-09|
0.0362105/-0.000195948/4.52831e-09|
0.0244332/-0.000195812/4.8761e-09|
0.0126535/-0.000195657/5.19043e-09|
0.000872555/-0.000195481/5.5176e-09|
-0.0109085/-0.000195287/5.83216e-09|
-0.0226885/-0.000195072/6.16322e-09|
-0.0344663/-0.00019484/6.45717e-09|
-0.0462405/-0.000194586/6.80496e-09|
-0.0580103/-0.000194314/7.14839e-09|
-0.0697741/-0.000194022/7.40086e-09|
-0.081531/-0.00019371/7.77363e-09|
-0.0932797/-0.000193379/8.06297e-09|
-0.105019/-0.000193029/8.39451e-09|
-0.116748/-0.000192659/8.71708e-09|
-0.128465/-0.000192272/8.99866e-09|
-0.14017/-0.000191864/9.3547e-09|
-0.15186/-0.000191435/9.63604e-09|
-0.163535/-0.000190991/9.9506e-09|
-0.175194/-0.000190524/1.02984e-08|
-0.186835/-0.00019004/1.05797e-08|
-0.198458/-0.000189537/1.08696e-08|
-0.210061/-0.000189014/1.12091e-08|
-0.221642/-0.000188474/1.15152e-08|
-0.233202/-0.000187913/1.17885e-08|
-0.244738/-0.000187334/1.21363e-08|
-0.25625/-0.000186737/1.24424e-08|
-0.267736/-0.000186119/1.26742e-08|
-0.279195/-0.000185485/1.30553e-08|
-0.290627/-0.000184833/1.33116e-08|
-0.302029/-0.00018416/1.36179e-08|
-0.313402/-0.000183469/1.39245e-08|
-0.324742/-0.000182762/1.42056e-08|
-0.336051/-0.000182034/1.45039e-08|
-0.347326/-0.000181287/1.48185e-08|
-0.358566/-0.000180527/1.50998e-08|
-0.36977/-0.000179743/1.53317e-08|
-0.380937/-0.000178945/1.56959e-08|
-0.392066/-0.000178127/1.59773e-08|
-0.403156/-0.000177292/1.62256e-08|
-0.414206/-0.00017644/1.65072e-08|
-0.425214/-0.000175569/1.68383e-08|
-0.43618/-0.00017468/1.70371e-08|
-0.447102/-0.000173774/1.74012e-08|
-0.457979/-0.000172854/1.7633e-08|
-0.46881/-0.000171913/1.78979e-08|
-0.479595/-0.000170954/1.8196e-08|
-0.490332/-0.000169981/1.8461e-08|
-0.501019/-0.00016899/1.87421e-08|
-0.511657/-0.00016798/1.90075e-08|
-0.522243/-0.000166958/1.92224e-08|
-0.532777/-0.000165914/1.95372e-08|
-0.543258/-0.000164856/1.9802e-08|
-0.553685/-0.000163782/2.00336e-08|
-0.564056/-0.00016269/2.02987e-08|
-0.574371/-0.000161582/2.05638e-08|
-0.584628/-0.000160458/2.08284e-08|
-0.594827/-0.000159317/2.10273e-08|
-0.604966/-0.000158164/2.13583e-08|
-0.615045/-0.000156992/2.15237e-08|
-0.625062/-0.000155804/2.18221e-08|
-0.635017/-0.000154602/2.20537e-08|
-0.644909/-0.000153384/2.22855e-08|
-0.654735/-0.00015215/2.25339e-08|
-0.664497/-0.0001509/2.27657e-08|
-0.674192/-0.000149638/2.29974e-08|
-0.683819/-0.000148357/2.32127e-08|
-0.693378/-0.000147066/2.34941e-08|
-0.702868/-0.000145756/2.36597e-08|
-0.712288/-0.000144433/2.39248e-08|
-0.721636/-0.000143096/2.41232e-08|
-0.730912/-0.000141744/2.43551e-08|
-0.740115/-0.000140378/2.45539e-08|
-0.749244/-0.000138998/2.48353e-08|
-0.758298/-0.000137605/2.49512e-08|
-0.767276/-0.000136196/2.52325e-08|
-0.776178/-0.000134776/2.54149e-08|
-0.785002/-0.000133341/2.55968e-08|
-0.793747/-0.000131893/2.58618e-08|
-0.802413/-0.000130432/2.60108e-08|
-0.810999/-0.000128959/2.61928e-08|
-0.819503/-0.000127469/2.64413e-08|
-0.827926/-0.000125971/2.66068e-08|
-0.836266/-0.000124457/2.67559e-08|
-0.844522/-0.000122933/2.70373e-08|
-0.852694/-0.000121397/2.712e-08|
-0.86078/-0.000119845/2.73685e-08|
-0.868781/-0.000118284/2.7534e-08|
-0.876695/-0.000116713/2.76996e-08|
-0.88452/-0.000115126/2.78652e-08|
-0.892258/-0.00011353/2.80472e-08|
-0.899906/-0.000111925/2.82129e-08|
-0.907464/-0.000110302/2.83453e-08|
-0.914932/-0.000108675/2.85772e-08|
-0.922308/-0.000107033/2.86764e-08|
-0.929592/-0.000105381/2.88752e-08|
-0.936782/-0.000103719/2.89744e-08|
-0.943879/-0.000102047/2.91732e-08|
-0.950882/-0.000100364/2.93056e-08|
-0.95779/-9.86715e-05/2.9438e-08|
-0.964601/-9.69708e-05/2.96037e-08|
-0.971317/-9.52562e-05/2.96698e-08|
-0.977935/-9.35356e-05/2.99349e-08|
-0.984456/-9.18031e-05/2.99679e-08|
-0.990878/-9.00646e-05/3.01003e-08|
-0.9972/-8.83142e-05/3.02659e-08|
-1.00342/-8.65559e-05/3.03654e-08|
-1.00955/-8.47896e-05/3.05308e-08|
-1.01557/-8.30134e-05/3.0564e-08|
-1.02149/-8.12332e-05/3.07625e-08|
-1.02731/-7.94371e-05/3.0829e-08|
-1.03302/-7.7639e-05/3.09282e-08|
-1.03863/-7.5833e-05/3.10606e-08|
-1.04414/-7.40171e-05/3.11269e-08|
-1.04955/-7.21951e-05/3.12593e-08|
-1.05485/-7.03633e-05/3.13586e-08|
-1.06004/-6.85294e-05/3.1458e-08|
-1.06513/-6.66837e-05/3.14911e-08|
-1.07011/-6.4834e-05/3.16236e-08|
-1.07498/-6.29783e-05/3.16898e-08|
-1.07975/-6.11146e-05/3.17891e-08|
-1.08441/-5.9247e-05/3.18554e-08|
-1.08896/-5.73715e-05/3.19216e-08|
-1.0934/-5.54899e-05/3.19878e-08|
-1.09773/-5.36025e-05/3.20541e-08|
-1.10195/-5.1713e-05/3.21534e-08|
-1.10606/-4.98156e-05/3.21865e-08|
-1.11006/-4.79142e-05/3.22527e-08|
-1.11395/-4.60068e-05/3.22859e-08|
-1.11773/-4.40955e-05/3.23521e-08|
-1.1214/-4.21802e-05/3.23852e-08|
-1.12495/-4.0261e-05/3.24514e-08|
-1.1284/-3.83377e-05/3.25177e-08|
-1.13172/-3.64085e-05/3.24845e-08|
-1.13494/-3.44773e-05/3.25839e-08|
-1.13804/-3.25421e-05/3.25508e-08|
-1.14103/-3.0605e-05/3.26832e-08|
-1.14391/-2.86639e-05/3.25839e-08|
-1.14667/-2.67208e-05/3.26832e-08|
-1.14931/-2.47737e-05/3.26832e-08|
-1.15184/-2.28226e-05/3.26832e-08|
-1.15426/-2.08735e-05/3.27163e-08|
-1.15656/-1.89185e-05/3.27494e-08|
-1.15874/-1.69655e-05/3.26832e-08|
-1.16081/-1.50045e-05/3.27494e-08|
-1.16277/-1.30494e-05/3.27163e-08|
-1.1646/-1.10885e-05/3.27163e-08|
-1.16632/-9.12746e-06/3.27163e-08|
-1.16793/-7.16646e-06/3.27163e-08|
-1.16941/-5.20349e-06/3.26832e-08|
-1.17078/-3.23852e-06/3.26501e-08|
-1.17203/-1.27753e-06/3.26501e-08|
-1.17317/6.8744e-07/3.26501e-08|
-1.17419/2.65042e-06/3.25839e-08|
-1.17509/4.6134e-06/3.25839e-08|
-1.17587/6.57638e-06/3.25177e-08|
-1.17654/8.53936e-06/3.24845e-08|
-1.17708/1.05004e-05/3.24845e-08|
-1.17751/1.24594e-05/3.23852e-08|
-1.17782/1.44184e-05/3.23852e-08|
-1.17802/1.63774e-05/3.2319e-08|
-1.1781/1.83324e-05/3.22527e-08|
-1.17805/2.02874e-05/3.21865e-08|
-1.1779/2.22385e-05/3.21865e-08|
-1.17762/2.41876e-05/3.20541e-08|
-1.17722/2.61366e-05/3.20209e-08|
-1.17671/2.80797e-05/3.19547e-08|
-1.17608/3.00229e-05/3.18885e-08|
-1.17533/3.1962e-05/3.17891e-08|
-1.17447/3.38972e-05/3.16898e-08|
-1.17349/3.58284e-05/3.16898e-08|
-1.17239/3.77595e-05/3.15242e-08|
-1.17117/3.96828e-05/3.1458e-08|
-1.16984/4.1604e-05/3.13918e-08|
-1.16838/4.35213e-05/3.12924e-08|
-1.16682/4.54346e-05/3.116e-08|
-1.16513/4.7342e-05/3.10937e-08|
-1.16333/4.92434e-05/3.09283e-08|
-1.16141/5.11448e-05/3.09282e-08|
-1.15938/5.30362e-05/3.07295e-08|
-1.15723/5.49237e-05/3.06633e-08|
-1.15496/5.68072e-05/3.04977e-08|
-1.15258/5.86847e-05/3.04646e-08|
-1.15009/6.05543e-05/3.02328e-08|
-1.14747/6.242e-05/3.01997e-08|
-1.14475/6.42757e-05/3.0001e-08|
-1.14191/6.61314e-05/2.99018e-08|
-1.13895/6.79751e-05/2.98023e-08|
-1.13588/6.98149e-05/2.96036e-08|
-1.1327/7.16448e-05/2.95044e-08|
-1.12941/7.34727e-05/2.93387e-08|
-1.126/7.52866e-05/2.91731e-08|
-1.12248/7.70986e-05/2.90739e-08|
-1.11884/7.88987e-05/2.89082e-08|
-1.1151/8.06928e-05/2.87427e-08|
-1.11124/8.24809e-05/2.85772e-08|
-1.10727/8.42571e-05/2.84446e-08|
-1.1032/8.60274e-05/2.82129e-08|
-1.09901/8.77877e-05/2.81135e-08|
-1.09471/8.95381e-05/2.79479e-08|
-1.0903/9.12825e-05/2.77493e-08|
-1.08578/9.3017e-05/2.75507e-08|
-1.08116/9.47416e-05/2.74181e-08|
-1.07642/9.64562e-05/2.72195e-08|
-1.07158/9.81629e-05/2.70538e-08|
-1.06663/9.98557e-05/2.68387e-08|
-1.06158/0.000101542/2.66564e-08|
-1.05642/0.000103219/2.6491e-08|
-1.05115/0.000104884/2.62592e-08|
-1.04578/0.000106537/2.60935e-08|
-1.0403/0.000108182/2.58784e-08|
-1.03472/0.000109816/2.56632e-08|
-1.02903/0.000111439/2.54974e-08|
-1.02325/0.000113049/2.52658e-08|
-1.01736/0.000114649/2.50836e-08|
-1.01136/0.000116238/2.48188e-08|
-1.00527/0.000117814/2.46531e-08|
-0.999079/0.000119379/2.44048e-08|
-0.992786/0.000120932/2.42061e-08|
-0.986394/0.000122472/2.39908e-08|
-0.979903/0.000124001/2.37427e-08|
-0.973314/0.000125517/2.35273e-08|
-0.966628/0.000127022/2.33119e-08|
-0.959845/0.000128512/2.30471e-08|
-0.952966/0.000129991/2.28484e-08|
-0.945991/0.000131455/2.26168e-08|
-0.938923/0.000132907/2.2335e-08|
-0.93176/0.000134347/2.21201e-08|
-0.924504/0.000135771/2.19048e-08|
-0.917156/0.000137183/2.16067e-08|
-0.909716/0.000138582/2.14078e-08|
-0.902185/0.000139965/2.11267e-08|
-0.894563/0.000141336/2.09111e-08|
-0.886853/0.000142693/2.06133e-08|
-0.879053/0.000144033/2.03981e-08|
-0.871166/0.00014536/2.01166e-08|
-0.863191/0.000146674/1.98517e-08|
-0.85513/0.000147971/1.96364e-08|
-0.846984/0.000149255/1.92888e-08|
-0.838753/0.000150523/1.91232e-08|
-0.830438/0.000151777/1.87919e-08|
-0.82204/0.000153014/1.85437e-08|
-0.81356/0.000154238/1.82457e-08|
-0.804999/0.000155445/1.80303e-08|
-0.796357/0.000156636/1.7716e-08|
-0.787635/0.000157814/1.74342e-08|
-0.778835/0.000158972/1.71696e-08|
-0.769957/0.000160119/1.6888e-08|
-0.761001/0.000161246/1.66231e-08|
-0.75197/0.000162359/1.63083e-08|
-0.742863/0.000163454/1.60602e-08|
-0.733682/0.000164536/1.57289e-08|
-0.724428/0.000165599/1.54973e-08|
-0.715101/0.000166645/1.5166e-08|
-0.705703/0.000167675/1.48682e-08|
-0.696234/0.000168688/1.46361e-08|
-0.686696/0.000169685/1.42555e-08|
-0.677089/0.000170664/1.40319e-08|
-0.667414/0.000171628/1.37009e-08|
-0.657673/0.000172571/1.34193e-08|
-0.647865/0.000173501/1.3113e-08|
-0.637993/0.000174411/1.28316e-08|
-0.628057/0.000175303/1.24838e-08|
-0.618059/0.000176181/1.22023e-08|
-0.607998/0.000177037/1.19292e-08|
-0.597877/0.000177879/1.15816e-08|
-0.587696/0.000178701/1.12918e-08|
-0.577456/0.000179506/1.09855e-08|
-0.567158/0.000180293/1.06874e-08|
-0.556804/0.000181063/1.03564e-08|
-0.546394/0.000181812/1.00251e-08|
-0.535929/0.000182544/9.79344e-09|
-0.525411/0.000183259/9.40418e-09|
-0.51484/0.000183954/9.10635e-09|
-0.504218/0.000184632/8.81652e-09|
-0.493545/0.000185291/8.46048e-09|
-0.482823/0.000185932/8.20388e-09|
-0.472053/0.000186554/7.81486e-09|
-0.461235/0.000187155/7.56651e-09|
-0.450372/0.000187743/7.18161e-09|
-0.439463/0.000188307/6.92065e-09|
-0.42851/0.000188853/6.55661e-09|
-0.417515/0.000189382/6.26266e-09|
-0.406477/0.00018989/5.94785e-09|
-0.3954/0.000190382/5.57557e-09|
-0.384282/0.000190851/5.33134e-09|
-0.373126/0.000191305/4.92995e-09|
-0.361933/0.000191736/4.644e-09|
-0.350704/0.000192151/4.28821e-09|
-0.339439/0.000192545/4.08133e-09|
-0.328141/0.00019292/3.56813e-09|
-0.316809/0.000193277/3.37338e-09|
-0.305446/0.000193612/3.04426e-09|
-0.294053/0.000193932/2.66979e-09|
-0.28263/0.000194227/2.34286e-09|
-0.271179/0.000194506/2.06661e-09|
-0.259701/0.000194763/1.69797e-09|
-0.248197/0.000195008/1.38364e-09|
-0.236668/0.000195222/1.05453e-09|
-0.225115/0.000195425/7.21047e-10|
-0.21354/0.000195607/4.29281e-10|
-0.201943/0.000195768/1.94026e-11|
-0.190326/0.000195908/-2.14398e-10|
-0.17869/0.000196032/-5.85472e-10|
-0.167037/0.000196134/-8.9664e-10|
-0.155366/0.000196217/-1.24904e-09|
-0.143681/0.00019628/-1.55948e-09|
-0.13198/0.000196324/-1.91333e-09|
-0.120267/0.000196349/-2.18351e-09|
-0.108541/0.000196351/-2.53519e-09|
-0.0968048/0.000196338/-2.8871e-09|
-0.0850588/0.000196303/-3.19948e-09|
-0.0733043/0.000196249/-3.51235e-09|
-0.0615423/0.000196174/-3.82036e-09|
-0.0497743/0.00019608/-4.1764e-09|
-0.0380013/0.000195965/-4.52419e-09|
-0.0262245/0.000195834/-4.79728e-09|
-0.014445/0.000195682/-5.1492e-09|
-0.00266408/0.000195509/-5.42665e-09|
0.00911695/0.000195317/-5.84866e-09|
0.0208972/0.000195106/-6.08464e-09|
0.0326754/0.000194877/-6.3992e-09|
0.0444503/0.000194627/-6.78823e-09|
0.0562207/0.000194355/-7.02009e-09|
0.0679855/0.000194067/-7.4176e-09|
0.0797435/0.000193758/-7.71543e-09|
0.0914935/0.000193433/-8.04672e-09|
0.103234/0.000193082/-8.30332e-09|
0.114965/0.000192717/-8.65912e-09|
0.126684/0.000192333/-9.01515e-09|
0.13839/0.000191925/-9.23877e-09|
0.150083/0.000191504/-9.60305e-09|
0.161761/0.000191059/-9.9506e-09|
0.173422/0.000190596/-1.02154e-08|
0.185066/0.000190113/-1.04973e-08|
0.196691/0.000189615/-1.08778e-08|
0.208297/0.000189096/-1.11262e-08|
0.219882/0.000188555/-1.15069e-08|
0.231445/0.000188001/-1.16976e-08|
0.242985/0.000187424/-1.21361e-08|
0.254501/0.000186827/-1.23267e-08|
0.265991/0.000186214/-1.2724e-08|
0.277455/0.000185585/-1.29473e-08|
0.28889/0.000184932/-1.32621e-08|
0.300297/0.000184264/-1.36097e-08|
0.311674/0.000183574/-1.38663e-08|
0.32302/0.000182872/-1.41479e-08|
0.334333/0.000182144/-1.44707e-08|
0.345613/0.000181404/-1.47522e-08|
0.356859/0.000180641/-1.50501e-08|
0.368068/0.000179864/-1.53481e-08|
0.379241/0.000179068/-1.56297e-08|
0.390376/0.000178252/-1.58781e-08|
0.401472/0.00017742/-1.62256e-08|
0.412528/0.000176571/-1.64742e-08|
0.423542/0.000175703/-1.67721e-08|
0.434515/0.000174817/-1.70039e-08|
0.445443/0.000173914/-1.73182e-08|
0.456328/0.000172994/-1.76498e-08|
0.467166/0.000172056/-1.78482e-08|
0.477958/0.000171103/-1.81462e-08|
0.488702/0.00017013/-1.84113e-08|
0.499397/0.000169141/-1.86927e-08|
0.510042/0.000168135/-1.89575e-08|
0.520637/0.000167115/-1.92723e-08|
0.531179/0.000166075/-1.94212e-08|
0.541668/0.000165016/-1.97523e-08|
0.552103/0.000163946/-2.00336e-08|
0.562482/0.000162857/-2.0216e-08|
0.572806/0.000161752/-2.05636e-08|
0.583072/0.000160631/-2.07457e-08|
0.59328/0.000159493/-2.10438e-08|
0.603428/0.000158337/-2.12756e-08|
0.613516/0.000157171/-2.1557e-08|
0.623543/0.000155986/-2.17061e-08|
0.633507/0.000154784/-2.20537e-08|
0.643408/0.000153571/-2.22523e-08|
0.653245/0.000152338/-2.24842e-08|
0.663017/0.000151093/-2.2716e-08|
0.672722/0.00014983/-2.29809e-08|
0.68236/0.000148554/-2.31962e-08|
0.691929/0.00014726/-2.33452e-08|
0.701429/0.000145958/-2.37921e-08|
0.71086/0.000144635/-2.38751e-08|
0.720219/0.0001433/-2.39411e-08|
0.729506/0.00014195/-2.44712e-08|
0.73872/0.000140587/-2.4504e-08|
0.74786/0.000139209/-2.46864e-08|
0.756926/0.000137817/-2.50007e-08|
0.765916/0.000136416/-2.51333e-08|
0.774829/0.000134989/-2.54811e-08|
0.783665/0.000133556/-2.55802e-08|
0.792422/0.00013212/-2.5746e-08|
0.8011/0.000130651/-2.59776e-08|
0.809698/0.000129181/-2.6193e-08|
0.818215/0.0001277/-2.65075e-08|
0.82665/0.0001262/-2.63916e-08|
0.835003/0.000124692/-2.69049e-08|
0.843272/0.000123163/-2.68386e-08|
0.851457/0.000121628/-2.72692e-08|
0.859556/0.000120083/-2.7236e-08|
0.86757/0.000118525/-2.7534e-08|
0.875497/0.000116953/-2.76665e-08|
0.883336/0.000115363/-2.78155e-08|
0.891087/0.000113779/-2.80474e-08|
0.898749/0.000112165/-2.82129e-08|
0.906321/0.000110555/-2.82128e-08|
0.913802/0.000108919/-2.86434e-08|
0.921192/0.000107284/-2.87096e-08|
0.92849/0.000105632/-2.87427e-08|
0.935695/0.000103972/-2.90075e-08|
0.942806/0.000102303/-2.91401e-08|
0.949823/0.000100621/-2.92394e-08|
0.956745/9.89278e-05/-2.95374e-08|
0.963572/9.7235e-05/-2.94049e-08|
0.970302/9.55164e-05/-2.97692e-08|
0.976935/9.37939e-05/-2.98685e-08|
0.98347/9.20693e-05/-3.00011e-08|
0.989907/9.03289e-05/-3.00341e-08|
0.996245/8.85804e-05/-3.0299e-08|
1.00248/8.68261e-05/-3.03321e-08|
1.00862/8.50538e-05/-3.03983e-08|
1.01466/8.32895e-05/-3.06964e-08|
1.02059/8.15034e-05/-3.06302e-08|
1.02643/7.97113e-05/-3.0895e-08|
1.03216/7.79112e-05/-3.0895e-08|
1.03779/7.61092e-05/-3.09945e-08|
1.04331/7.42912e-05/-3.12262e-08|
1.04873/7.24713e-05/-3.116e-08|
1.05405/7.06474e-05/-3.12924e-08|
1.05926/6.88056e-05/-3.15242e-08|
1.06436/6.69678e-05/-3.15242e-08|
1.06936/6.51141e-05/-3.14911e-08|
1.07425/6.32604e-05/-3.17229e-08|
1.07903/6.14007e-05/-3.17229e-08|
1.0837/5.95272e-05/-3.20209e-08|
1.08827/5.76576e-05/-3.17229e-08|
1.09273/5.578e-05/-3.20872e-08|
1.09708/5.38886e-05/-3.20209e-08|
1.10132/5.19971e-05/-3.21203e-08|
1.10544/5.01076e-05/-3.22196e-08|
1.10946/4.82043e-05/-3.21203e-08|
1.11337/4.63009e-05/-3.24514e-08|
1.11716/4.43796e-05/-3.21865e-08|
1.12085/4.24763e-05/-3.25508e-08|
1.12442/4.0551e-05/-3.23521e-08|
1.12788/3.86298e-05/-3.24514e-08|
1.13123/3.67026e-05/-3.25839e-08|
1.13446/3.47694e-05/-3.24514e-08|
1.13758/3.28422e-05/-3.26832e-08|
1.14059/3.08951e-05/-3.2617e-08|
1.14348/2.89639e-05/-3.25839e-08|
1.14626/2.70108e-05/-3.27163e-08|
1.14892/2.50697e-05/-3.25839e-08|
1.15147/2.31226e-05/-3.28157e-08|
1.1539/2.11676e-05/-3.26501e-08|
1.15622/1.92205e-05/-3.27163e-08|
1.15842/1.72595e-05/-3.26832e-08|
1.16051/1.53025e-05/-3.28157e-08|
1.16248/1.33475e-05/-3.25839e-08|
1.16433/1.13845e-05/-3.28488e-08|
1.16607/9.42945e-06/-3.26501e-08|
1.16769/7.46051e-06/-3.27494e-08|
1.16919/5.50151e-06/-3.27163e-08|
1.17058/3.53853e-06/-3.25839e-08|
1.17185/1.57754e-06/-3.26832e-08|
1.173/-3.91404e-07/-3.26832e-08|
1.17404/-2.34644e-06/-3.25508e-08|
1.17496/-4.31736e-06/-3.25839e-08|
1.17576/-6.27637e-06/-3.25839e-08|
1.17644/-8.24134e-06/-3.24845e-08|
1.17701/-1.02043e-05/-3.23852e-08|
1.17745/-1.21593e-05/-3.24514e-08|
1.17778/-1.41203e-05/-3.24183e-08|
1.178/-1.60813e-05/-3.22859e-08|
1.17809/-1.80344e-05/-3.22859e-08|
1.17807/-1.99894e-05/-3.21865e-08|
1.17793/-2.19444e-05/-3.21865e-08|
1.17767/-2.38935e-05/-3.21534e-08|
1.17729/-2.58366e-05/-3.19547e-08|
1.1768/-2.77837e-05/-3.19216e-08|
1.17619/-2.97288e-05/-3.19547e-08|
1.17546/-3.1666e-05/-3.18222e-08|
1.17461/-3.36031e-05/-3.16898e-08|
1.17364/-3.55343e-05/-3.16567e-08|
1.17256/-3.74655e-05/-3.15573e-08|
1.17136/-3.93947e-05/-3.1458e-08|
1.17005/-4.1312e-05/-3.1458e-08|
1.16861/-4.32273e-05/-3.12924e-08|
1.16706/-4.51446e-05/-3.11931e-08|
1.16539/-4.70539e-05/-3.09944e-08|
1.16361/-4.89553e-05/-3.10937e-08|
1.16171/-5.08547e-05/-3.08621e-08|
1.15969/-5.27481e-05/-3.06632e-08|
1.15756/-5.46356e-05/-3.07957e-08|
1.15531/-5.65231e-05/-3.05971e-08|
1.15295/-5.84006e-05/-3.03652e-08|
1.15047/-6.02722e-05/-3.02328e-08|
1.14788/-6.21319e-05/-3.02659e-08|
1.14517/-6.39975e-05/-2.99679e-08|
1.14235/-6.58492e-05/-3.00011e-08|
1.13941/-6.7689e-05/-2.9736e-08|
1.13636/-6.95368e-05/-2.97361e-08|
1.13319/-7.13726e-05/-2.94049e-08|
1.12992/-7.31945e-05/-2.94713e-08|
1.12652/-7.50085e-05/-2.92063e-08|
1.12302/-7.68244e-05/-2.90407e-08|
1.1194/-7.86225e-05/-2.89082e-08|
1.11568/-8.04226e-05/-2.86765e-08|
1.11184/-8.22067e-05/-2.87758e-08|
1.10788/-8.39909e-05/-2.84115e-08|
1.10382/-8.57552e-05/-2.83122e-08|
1.09965/-8.75235e-05/-2.79479e-08|
1.09537/-8.92758e-05/-2.81467e-08|
1.09098/-9.10183e-05/-2.76831e-08|
1.08648/-9.27528e-05/-2.76665e-08|
1.08187/-9.44734e-05/-2.73022e-08|
1.07715/-9.61999e-05/-2.7352e-08|
1.07232/-9.79046e-05/-2.70704e-08|
1.06739/-9.96033e-05/-2.68386e-08|
1.06235/-0.00010128/-2.67724e-08|
1.05721/-0.000102969/-2.63917e-08|
1.05196/-0.00010463/-2.63419e-08|
1.0466/-0.00010629/-2.61432e-08|
1.04114/-0.000107928/-2.58949e-08|
1.03557/-0.000109569/-2.57127e-08|
1.0299/-0.000111193/-2.55141e-08|
1.02413/-0.000112804/-2.52658e-08|
1.01826/-0.00011441/-2.51333e-08|
1.01228/-0.000115994/-2.49015e-08|
1.00621/-0.000117574/-2.46696e-08|
1.00003/-0.000119143/-2.43718e-08|
0.993749/-0.000120696/-2.42391e-08|
0.987372/-0.000122239/-2.41234e-08|
0.980896/-0.00012377/-2.36762e-08|
0.974322/-0.000125286/-2.36765e-08|
0.967651/-0.000126794/-2.32457e-08|
0.960882/-0.000128288/-2.31133e-08|
0.954018/-0.000129768/-2.28817e-08|
0.947058/-0.000131231/-2.26331e-08|
0.940004/-0.000132685/-2.24347e-08|
0.932855/-0.000134132/-2.21199e-08|
0.925613/-0.000135553/-2.19212e-08|
0.918279/-0.000136973/-2.16894e-08|
0.910853/-0.000138368/-2.13751e-08|
0.903336/-0.000139755/-2.12257e-08|
0.895728/-0.000141128/-2.09113e-08|
0.888031/-0.000142486/-2.0663e-08|
0.880245/-0.000143832/-2.04476e-08|
0.872371/-0.000145159/-2.01498e-08|
0.86441/-0.000146474/-1.98682e-08|
0.856362/-0.000147776/-1.97191e-08|
0.848229/-0.000149058/-1.93385e-08|
0.84001/-0.000150332/-1.91232e-08|
0.831708/-0.000151587/-1.88416e-08|
0.823323/-0.000152826/-1.861e-08|
0.814855/-0.000154053/-1.82954e-08|
0.806306/-0.000155262/-1.80138e-08|
0.797676/-0.000156454/-1.7749e-08|
0.788967/-0.000157637/-1.75336e-08|
0.780178/-0.000158798/-1.71861e-08|
0.771312/-0.000159945/-1.69377e-08|
0.762368/-0.000161076/-1.66726e-08|
0.753348/-0.000162192/-1.63251e-08|
0.744253/-0.00016329/-1.61264e-08|
0.735083/-0.000164371/-1.57786e-08|
0.72584/-0.000165436/-1.5547e-08|
0.716524/-0.000166488/-1.5166e-08|
0.707137/-0.000167519/-1.49839e-08|
0.697679/-0.000168535/-1.45866e-08|
0.688151/-0.000169535/-1.4388e-08|
0.678554/-0.000170515/-1.40237e-08|
0.66889/-0.000171483/-1.37586e-08|
0.659158/-0.000172429/-1.35022e-08|
0.649361/-0.000173362/-1.31047e-08|
0.639499/-0.000174272/-1.28729e-08|
0.629573/-0.000175171/-1.25668e-08|
0.619583/-0.000176046/-1.22437e-08|
0.609532/-0.00017691/-1.19374e-08|
0.59942/-0.000177751/-1.16726e-08|
0.589248/-0.000178577/-1.13415e-08|
0.579017/-0.000179387/-1.10102e-08|
0.568728/-0.000180173/-1.07206e-08|
0.558382/-0.000180945/-1.04226e-08|
0.547981/-0.000181699/-1.00995e-08|
0.537524/-0.000182434/-9.79344e-09|
0.527014/-0.00018315/-9.47888e-09|
0.516451/-0.000183851/-9.16407e-09|
0.505837/-0.000184531/-8.82477e-09|
0.495172/-0.000185192/-8.53518e-09|
0.484457/-0.000185835/-8.23687e-09|
0.473694/-0.00018646/-7.92255e-09|
0.462883/-0.000187066/-7.51679e-09|
0.452027/-0.000187654/-7.30579e-09|
0.441125/-0.000188223/-6.94151e-09|
0.430179/-0.000188772/-6.63082e-09|
0.41919/-0.000189302/-6.27939e-09|
0.408159/-0.000189814/-6.00994e-09|
0.397087/-0.000190308/-5.61704e-09|
0.385975/-0.000190784/-5.38518e-09|
0.374825/-0.000191235/-4.95032e-09|
0.363638/-0.000191673/-4.72282e-09|
0.352414/-0.000192089/-4.37115e-09|
0.341154/-0.000192487/-4.05635e-09|
0.329861/-0.000192864/-3.70468e-09|
0.318535/-0.000193225/-3.3547e-09|
0.307177/-0.000193562/-3.12114e-09|
0.295788/-0.000193885/-2.69235e-09|
0.284369/-0.000194182/-2.41732e-09|
0.272922/-0.000194465/-2.10906e-09|
0.261448/-0.000194727/-1.75399e-09|
0.249948/-0.000194971/-1.40426e-09|
0.238422/-0.000195193/-1.13141e-09|
0.226873/-0.000195394/-7.8071e-10|
0.215301/-0.000195582/-4.67602e-10|
0.203708/-0.000195743/-1.17143e-10|
0.192094/-0.000195888/2.53446e-10|
0.180461/-0.000196015/4.87974e-10|
0.16881/-0.00019612/8.9664e-10|
0.157142/-0.000196204/1.13214e-09|
0.145459/-0.000196272/1.52116e-09|
0.13376/-0.000196319/1.85222e-09|
0.122049/-0.000196347/2.18546e-09|
0.110325/-0.000196354/2.45661e-09|
0.0985902/-0.000196339/2.84999e-09|
0.0868457/-0.00019631/3.11872e-09|
0.0750924/-0.000196256/3.49367e-09|
0.0633315/-0.000196188/3.7624e-09|
0.0515643/-0.000196097/4.11455e-09|
0.039792/-0.000195985/4.47035e-09|
0.0280157/-0.000195854/4.77667e-09|
0.0162366/-0.000195707/5.09123e-09|
0.00445574/-0.000195536/5.40579e-09|
-0.0073255/-0.000195349/5.7286e-09|
-0.0191058/-0.000195139/6.07227e-09|
-0.0308844/-0.000194913/6.37422e-09|
-0.0426597/-0.000194667/6.68903e-09|
-0.054431/-0.000194398/7.04507e-09|
-0.0661968/-0.000194112/7.31792e-09|
-0.0779559/-0.000193806/7.68244e-09|
-0.0897072/-0.000193482/7.95553e-09|
-0.10145/-0.000193138/8.31157e-09|
-0.113182/-0.000192774/8.58466e-09|
-0.124903/-0.000192391/8.94919e-09|
-0.136611/-0.00019199/9.24677e-09|
-0.148306/-0.000191567/9.52035e-09|
-0.159986/-0.000191128/9.88439e-09|
-0.17165/-0.000190667/1.01825e-08|
-0.183296/-0.00019019/1.04805e-08|
-0.194925/-0.000189691/1.08033e-08|
-0.206534/-0.000189176/1.10929e-08|
-0.218122/-0.000188639/1.1416e-08|
-0.229688/-0.000188084/1.17223e-08|
-0.241232/-0.000187513/1.20369e-08|
-0.252751/-0.00018692/1.231e-08|
-0.264245/-0.000186309/1.2633e-08|
-0.275713/-0.00018568/1.29391e-08|
-0.287153/-0.000185032/1.32207e-08|
-0.298564/-0.000184367/1.35352e-08|
-0.309946/-0.000183682/1.38333e-08|
-0.321297/-0.000182978/1.41146e-08|
-0.332615/-0.000182256/1.44209e-08|
-0.3439/-0.000181518/1.47193e-08|
-0.355151/-0.00018076/1.50004e-08|
-0.366366/-0.000179983/1.52987e-08|
-0.377545/-0.00017919/1.55633e-08|
-0.388685/-0.000178378/1.58781e-08|
-0.399787/-0.000177548/1.61429e-08|
-0.410849/-0.000176701/1.6441e-08|
-0.42187/-0.000175836/1.67388e-08|
-0.432849/-0.000174953/1.69874e-08|
-0.443784/-0.000174053/1.72688e-08|
-0.454675/-0.000173135/1.75833e-08|
-0.465521/-0.000172201/1.77987e-08|
-0.47632/-0.000171248/1.81297e-08|
-0.487071/-0.00017028/1.83781e-08|
-0.497774/-0.000169293/1.861e-08|
-0.508427/-0.000168289/1.89575e-08|
-0.519029/-0.00016727/1.91729e-08|
-0.529579/-0.000166233/1.94377e-08|
-0.540076/-0.000165178/1.97026e-08|
-0.550519/-0.00016411/1.99512e-08|
-0.560907/-0.000163023/2.0249e-08|
-0.571239/-0.00016192/2.04809e-08|
-0.581514/-0.000160803/2.07457e-08|
-0.591731/-0.000159666/2.09608e-08|
-0.601889/-0.000158516/2.12591e-08|
-0.611986/-0.000157349/2.14743e-08|
-0.622022/-0.000156167/2.17391e-08|
-0.631996/-0.00015497/2.19875e-08|
-0.641907/-0.000153755/2.22026e-08|
-0.651753/-0.000152526/2.24512e-08|
-0.661535/-0.000151282/2.26995e-08|
-0.67125/-0.000150024/2.29312e-08|
-0.680898/-0.000148748/2.31465e-08|
-0.690478/-0.00014746/2.34114e-08|
-0.699989/-0.000146156/2.361e-08|
-0.70943/-0.000144836/2.38419e-08|
-0.7188/-0.000143504/2.40572e-08|
-0.728098/-0.000142157/2.42888e-08|
-0.737324/-0.000140795/2.45207e-08|
-0.746475/-0.000139419/2.47193e-08|
-0.755552/-0.00013803/2.4918e-08|
-0.764554/-0.000136626/2.51663e-08|
-0.773478/-0.000135209/2.53155e-08|
-0.782326/-0.000133779/2.55803e-08|
-0.791095/-0.000132335/2.57791e-08|
-0.799786/-0.000130878/2.59446e-08|
-0.808396/-0.000129407/2.61597e-08|
-0.816925/-0.000127923/2.63585e-08|
-0.825373/-0.000126428/2.65406e-08|
-0.833738/-0.000124918/2.67559e-08|
-0.84202/-0.000123399/2.69214e-08|
-0.850217/-0.000121865/2.71035e-08|
-0.85833/-0.000120318/2.73023e-08|
-0.866357/-0.000118761/2.74347e-08|
-0.874297/-0.000117192/2.76996e-08|
-0.88215/-0.00011561/2.77824e-08|
-0.889914/-0.000114018/2.80141e-08|
-0.897589/-0.000112412/2.81798e-08|
-0.905175/-0.000110797/2.82791e-08|
-0.91267/-0.000109171/2.85108e-08|
-0.920074/-0.000107533/2.86434e-08|
-0.927386/-0.000105887/2.88089e-08|
-0.934605/-0.000104225/2.89413e-08|
-0.941731/-0.000102558/2.91401e-08|
-0.948762/-0.000100877/2.92394e-08|
-0.955699/-9.91861e-05/2.94049e-08|
-0.96254/-9.74894e-05/2.95705e-08|
-0.969285/-9.57787e-05/2.96368e-08|
-0.975932/-9.40601e-05/2.98685e-08|
-0.982483/-9.23316e-05/2.99347e-08|
-0.988935/-9.05951e-05/3.00673e-08|
-0.995288/-8.88467e-05/3.02328e-08|
-1.00154/-8.70923e-05/3.03321e-08|
-1.00769/-8.5328e-05/3.04646e-08|
-1.01375/-8.35538e-05/3.0564e-08|
-1.0197/-8.17756e-05/3.06964e-08|
-1.02555/-7.99835e-05/3.07957e-08|
-1.03129/-7.81874e-05/3.09282e-08|
-1.03694/-7.63834e-05/3.09944e-08|
-1.04248/-7.45694e-05/3.11269e-08|
-1.04791/-7.27495e-05/3.12262e-08|
-1.05324/-7.09216e-05/3.12924e-08|
-1.05847/-6.90877e-05/3.1458e-08|
-1.06359/-6.7246e-05/3.1458e-08|
-1.0686/-6.53982e-05/3.16236e-08|
-1.07351/-6.35425e-05/3.16236e-08|
-1.07831/-6.16829e-05/3.17891e-08|
-1.083/-5.98152e-05/3.18222e-08|
-1.08758/-5.79417e-05/3.19216e-08|
-1.09206/-5.60641e-05/3.19547e-08|
-1.09642/-5.41766e-05/3.20541e-08|
-1.10068/-5.22892e-05/3.20872e-08|
-1.10482/-5.03918e-05/3.21865e-08|
-1.10886/-4.84943e-05/3.22527e-08|
-1.11278/-4.6587e-05/3.22527e-08|
-1.11659/-4.46777e-05/3.23189e-08|
-1.12029/-4.27624e-05/3.24183e-08|
-1.12388/-4.08451e-05/3.24183e-08|
-1.12736/-3.89218e-05/3.24845e-08|
-1.13072/-3.69966e-05/3.24845e-08|
-1.13397/-3.50654e-05/3.25839e-08|
-1.13711/-3.31302e-05/3.25508e-08|
-1.14014/-3.11951e-05/3.26501e-08|
-1.14305/-2.92559e-05/3.25839e-08|
-1.14584/-2.73108e-05/3.26832e-08|
-1.14852/-2.53658e-05/3.26501e-08|
-1.15109/-2.34167e-05/3.27494e-08|
-1.15354/-2.14676e-05/3.26501e-08|
-1.15587/-1.95126e-05/3.27494e-08|
-1.15809/-1.75595e-05/3.27163e-08|
-1.1602/-1.56005e-05/3.27163e-08|
-1.16218/-1.36455e-05/3.27163e-08|
-1.16406/-1.16845e-05/3.27494e-08|
-1.16581/-9.72549e-06/3.27163e-08|
-1.16745/-7.76052e-06/3.26832e-08|
-1.16897/-5.80152e-06/3.27163e-08|
-1.17038/-3.83655e-06/3.26501e-08|
-1.17167/-1.87357e-06/3.26832e-08|
-1.17284/8.9407e-08/3.2617e-08|
-1.17389/2.05239e-06/3.2617e-08|
-1.17483/4.01735e-06/3.25508e-08|
-1.17564/5.98033e-06/3.25839e-08|
-1.17635/7.94133e-06/3.24845e-08|
-1.17693/9.90431e-06/3.24514e-08|
-1.17739/1.18633e-05/3.24514e-08|
-1.17774/1.38243e-05/3.23852e-08|
-1.17797/1.57813e-05/3.2319e-08|
-1.17809/1.77383e-05/3.22859e-08|
-1.17808/1.96914e-05/3.22196e-08|
-1.17796/2.16464e-05/3.21534e-08|
-1.17772/2.35955e-05/3.21203e-08|
-1.17736/2.55426e-05/3.20209e-08|
-1.17688/2.74897e-05/3.19878e-08|
-1.17629/2.94328e-05/3.18885e-08|
-1.17557/3.13719e-05/3.18222e-08|
-1.17474/3.33091e-05/3.1756e-08|
-1.1738/3.52422e-05/3.16236e-08|
-1.17273/3.71714e-05/3.16236e-08|
-1.17155/3.90987e-05/3.14911e-08|
-1.17025/4.10199e-05/3.13918e-08|
-1.16884/4.29392e-05/3.13255e-08|
-1.1673/4.48525e-05/3.116e-08|
-1.16566/4.67618e-05/3.116e-08|
-1.16389/4.86672e-05/3.09945e-08|
-1.16201/5.05646e-05/3.0895e-08|
-1.16001/5.2462e-05/3.07957e-08|
-1.15789/5.43515e-05/3.06964e-08|
-1.15566/5.6235e-05/3.05639e-08|
-1.15332/5.81145e-05/3.03985e-08|
-1.15086/5.99841e-05/3.03652e-08|
-1.14828/6.18537e-05/3.01997e-08|
-1.14559/6.37134e-05/3.00672e-08|
-1.14278/6.55671e-05/2.99347e-08|
-1.13986/6.74148e-05/2.98354e-08|
-1.13683/6.92566e-05/2.96368e-08|
-1.13368/7.10905e-05/2.95375e-08|
-1.13042/7.29144e-05/2.94049e-08|
-1.12705/7.47363e-05/2.92394e-08|
-1.12356/7.65483e-05/2.91069e-08|
-1.11996/7.83523e-05/2.89413e-08|
-1.11625/8.01484e-05/2.87758e-08|
-1.11243/8.19385e-05/2.86434e-08|
-1.10849/8.37167e-05/2.84777e-08|
-1.10445/8.5489e-05/2.82791e-08|
-1.10029/8.72533e-05/2.81798e-08|
-1.09603/8.90076e-05/2.7981e-08|
-1.09165/9.0754e-05/2.77824e-08|
-1.08717/9.24905e-05/2.76666e-08|
-1.08258/9.42171e-05/2.74181e-08|
-1.07787/9.59357e-05/2.73022e-08|
-1.07307/9.76443e-05/2.70704e-08|
-1.06815/9.93411e-05/2.69214e-08|
-1.06313/0.000101032/2.67228e-08|
-1.058/0.000102711/2.65241e-08|
-1.05276/0.000104378/2.63419e-08|
-1.04742/0.000106038/2.61268e-08|
-1.04198/0.000107683/2.59777e-08|
-1.03643/0.000109321/2.57127e-08|
-1.03077/0.000110945/2.55472e-08|
-1.02502/0.00011256/2.5332e-08|
-1.01916/0.000114164/2.51333e-08|
-1.0132/0.000115755/2.49015e-08|
-1.00714/0.000117336/2.47193e-08|
-1.00097/0.000118903/2.4471e-08|
-0.994711/0.000120462/2.42888e-08|
-0.988348/0.000122005/2.4024e-08|
-0.981887/0.000123538/2.38254e-08|
-0.975328/0.000125058/2.361e-08|
-0.968672/0.000126566/2.33452e-08|
-0.961918/0.00012806/2.3163e-08|
-0.955068/0.000129543/2.28982e-08|
-0.948123/0.000131011/2.26663e-08|
-0.941083/0.000132468/2.24512e-08|
-0.933948/0.00013391/2.21696e-08|
-0.926721/0.000135339/2.1971e-08|
-0.9194/0.000136756/2.17059e-08|
-0.911988/0.000138157/2.14743e-08|
-0.904485/0.000139546/2.11927e-08|
-0.896891/0.00014092/2.09776e-08|
-0.889207/0.00014228/2.07127e-08|
-0.881435/0.000143627/2.04641e-08|
-0.873574/0.000144958/2.01995e-08|
-0.865626/0.000146276/1.99344e-08|
-0.857591/0.000147578/1.96861e-08|
-0.849471/0.000148867/1.94377e-08|
-0.841266/0.000150138/1.91396e-08|
-0.832976/0.000151397/1.88915e-08|
-0.824603/0.00015264/1.86265e-08|
-0.816148/0.000153867/1.83614e-08|
-0.807611/0.000155079/1.8047e-08|
-0.798994/0.000156275/1.78482e-08|
-0.790296/0.000157457/1.74841e-08|
-0.78152/0.000158623/1.72853e-08|
-0.772665/0.000159771/1.69709e-08|
-0.763733/0.000160905/1.67058e-08|
-0.754725/0.000162022/1.63748e-08|
-0.745641/0.000163124/1.61759e-08|
-0.736483/0.000164207/1.58119e-08|
-0.727251/0.000165278/1.55633e-08|
-0.717946/0.000166327/1.52654e-08|
-0.708569/0.000167364/1.49674e-08|
-0.699122/0.000168382/1.4686e-08|
-0.689604/0.000169384/1.44045e-08|
-0.680018/0.000170367/1.40981e-08|
-0.670364/0.000171338/1.37836e-08|
-0.660643/0.000172286/1.3502e-08|
-0.650855/0.00017322/1.32289e-08|
-0.641003/0.000174136/1.28649e-08|
-0.631086/0.000175034/1.26245e-08|
-0.621106/0.000175915/1.22935e-08|
-0.611065/0.000176779/1.20286e-08|
-0.600962/0.000177625/1.16643e-08|
-0.590799/0.000178452/1.13745e-08|
-0.580577/0.000179262/1.10847e-08|
-0.570296/0.000180056/1.07786e-08|
-0.559959/0.000180828/1.04556e-08|
-0.549566/0.000181586/1.01412e-08|
-0.539118/0.000182323/9.83467e-09|
-0.528616/0.000183045/9.55333e-09|
-0.518061/0.000183745/9.17256e-09|
-0.507454/0.000184427/8.93245e-09|
-0.496797/0.000185092/8.54319e-09|
-0.486089/0.000185739/8.31157e-09|
-0.475334/0.000186366/7.91406e-09|
-0.46453/0.000186975/7.63272e-09|
-0.453681/0.000187565/7.30991e-09|
-0.442786/0.000188138/7.00359e-09|
-0.431846/0.000188688/6.6723e-09|
-0.420863/0.000189224/6.33712e-09|
-0.409839/0.000189737/6.02692e-09|
-0.398773/0.000190236/5.71624e-09|
-0.387668/0.000190711/5.38494e-09|
-0.376523/0.000191168/5.07062e-09|
-0.365341/0.000191607/4.73932e-09|
-0.354123/0.000192027/4.42912e-09|
-0.342869/0.000192428/4.05635e-09|
-0.331581/0.000192808/3.76458e-09|
-0.320259/0.000193169/3.4522e-09|
-0.308906/0.000193512/3.10029e-09|
-0.297522/0.000193836/2.81046e-09|
-0.286107/0.00019414/2.45661e-09|
-0.274665/0.000194424/2.16678e-09|
-0.263195/0.00019469/1.75302e-09|
-0.251698/0.000194933/1.5037e-09|
-0.240177/0.000195159/1.17022e-09|
-0.228631/0.000195366/7.7974e-10|
-0.217063/0.000195552/5.46424e-10|
-0.205472/0.000195721/1.55948e-10|
-0.193862/0.000195868/-1.36303e-10|
-0.182231/0.000195998/-5.07619e-10|
-0.170583/0.000196104/-7.7974e-10|
-0.158918/0.000196194/-1.1707e-09|
-0.147236/0.000196264/-1.40426e-09|
-0.13554/0.000196311/-1.83378e-09|
-0.123831/0.000196344/-2.10687e-09|
-0.112109/0.000196353/-2.45661e-09|
-0.100376/0.000196345/-2.76899e-09|
-0.0886323/0.000196314/-3.0445e-09|
-0.0768802/0.000196267/-3.47063e-09|
-0.0651203/0.000196197/-3.74809e-09|
-0.0533541/0.000196113/-4.01512e-09|
-0.0415825/0.000196003/-4.44973e-09|
-0.0298067/0.000195877/-4.7187e-09|
-0.018028/0.000195729/-4.99179e-09|
-0.00624741/0.000195563/-5.42641e-09|
0.00553376/0.00019538/-5.65415e-09|
0.0173144/0.000195172/-6.01018e-09|
0.0290933/0.000194947/-6.35385e-09|
0.0408693/0.000194706/-6.63931e-09|
0.0526412/0.000194439/-6.97861e-09|
0.064408/0.000194156/-7.25195e-09|
0.0761681/0.000193857/-7.64921e-09|
0.0879207/0.000193531/-7.92255e-09|
0.0996645/0.000193192/-8.2701e-09|
0.111398/0.000192831/-8.54319e-09|
0.123121/0.00019245/-8.84975e-09|
0.134831/0.000192052/-9.21379e-09|
0.146528/0.000191633/-9.51186e-09|
0.158211/0.000191198/-9.79344e-09|
0.169877/0.000190739/-1.01495e-08|
0.181526/0.000190263/-1.04473e-08|
0.193158/0.000189767/-1.07701e-08|
0.20477/0.000189255/-1.10022e-08|
0.216361/0.000188724/-1.1391e-08|
0.227931/0.000188171/-1.16643e-08|
0.239478/0.0001876/-1.20119e-08|
0.251001/0.000187013/-1.22522e-08|
0.262499/0.000186404/-1.2608e-08|
0.273971/0.000185777/-1.28646e-08|
0.285415/0.000185131/-1.31874e-08|
0.296831/0.00018447/-1.3494e-08|
0.308217/0.000183787/-1.37836e-08|
0.319572/0.000183087/-1.40649e-08|
0.330896/0.000182366/-1.43715e-08|
0.342186/0.000181631/-1.47025e-08|
0.353442/0.000180875/-1.49012e-08|
0.364663/0.000180103/-1.52819e-08|
0.375847/0.000179312/-1.55468e-08|
0.386994/0.000178502/-1.58284e-08|
0.398101/0.000177675/-1.60767e-08|
0.40917/0.000176831/-1.64078e-08|
0.420197/0.000175969/-1.66729e-08|
0.431182/0.000175087/-1.69707e-08|
0.442124/0.000174193/-1.72358e-08|
0.453022/0.000173276/-1.75171e-08|
0.463874/0.000172343/-1.77655e-08|
0.474681/0.000171393/-1.85932e-08|
0.485439/0.000170429/-1.83286e-08|
0.496149/0.000169444/-1.86594e-08|
0.50681/0.000168444/-1.87921e-08|
0.51742/0.000167425/-1.91232e-08|
0.527978/0.000166391/-1.94377e-08|
0.538483/0.00016534/-1.96528e-08|
0.548935/0.000164274/-1.98849e-08|
0.559331/0.000163159/-2.02158e-08|
0.569672/0.000162059/-2.04479e-08|
0.579955/0.000160939/-2.06795e-08|
0.590181/0.000159812/-2.08946e-08|
0.600348/0.000158665/-2.12259e-08|
0.610454/0.000157498/-2.14578e-08|
0.6205/0.000156319/-2.16894e-08|
0.630483/0.000155126/-2.18883e-08|
0.640404/0.000153913/-2.22026e-08|
0.65026/0.000152686/-2.2418e-08|
0.66005/0.000151445/-2.26001e-08|
0.669773/0.000150192/-2.29314e-08|
0.67943/0.000148918/-2.31463e-08|
0.689018/0.000147631/-2.32292e-08|
0.698538/0.000146329/-2.366e-08|
0.707988/0.000145016/-2.37921e-08|
0.717367/0.000143684/-2.4024e-08|
0.726675/0.000142339/-2.41894e-08|
0.73591/0.000140983/-2.45372e-08|
0.745071/0.000139607/-2.46534e-08|
0.754158/0.000138218/-2.48518e-08|
0.763169/0.000136824/-2.51333e-08|
0.772104/0.000135405/-2.52658e-08|
0.780962/0.000133977/-2.55968e-08|
0.789742/0.000132536/-2.5663e-08|
0.798443/0.000131085/-2.59943e-08|
0.807064/0.000129612/-2.60107e-08|
0.815604/0.000128133/-2.63751e-08|
0.824063/0.000126642/-2.6524e-08|
0.83244/0.000125134/-2.66566e-08|
0.840733/0.000123618/-2.6938e-08|
0.848942/0.000122082/-2.70869e-08|
0.857066/0.000120542/-2.71533e-08|
0.865105/0.000118983/-2.74843e-08|
0.873057/0.000117422/-2.75507e-08|
0.880922/0.00011584/-2.78651e-08|
0.888699/0.000114248/-2.79811e-08|
0.896387/0.000112649/-2.80472e-08|
0.903986/0.000111033/-2.8246e-08|
0.911494/0.000109407/-2.85772e-08|
0.918911/0.000107778/-2.85439e-08|
0.926236/0.000106129/-2.87758e-08|
0.933468/0.000104476/-2.89744e-08|
0.940607/0.000102804/-2.89746e-08|
0.947652/0.000101125/-2.92725e-08|
0.954603/9.94424e-05/-2.93718e-08|
0.961458/9.77476e-05/-2.9438e-08|
0.968217/9.6033e-05/-2.97692e-08|
0.974879/9.43204e-05/-2.98023e-08|
0.981443/9.25938e-05/-2.98023e-08|
0.98791/9.08554e-05/-3.01997e-08|
0.994277/8.91169e-05/-2.99679e-08|
1.00055/8.73605e-05/-3.04646e-08|
1.00671/8.55982e-05/-3.04316e-08|
1.01278/8.38319e-05/-3.04646e-08|
1.01875/8.20458e-05/-3.07295e-08|
1.02461/8.02577e-05/-3.07295e-08|
1.03038/7.84695e-05/-3.08619e-08|
1.03603/7.66575e-05/-3.10275e-08|
1.04159/7.48595e-05/-3.10607e-08|
1.04704/7.30316e-05/-3.11931e-08|
1.05239/7.12057e-05/-3.13256e-08|
1.05763/6.93778e-05/-3.13586e-08|
1.06277/6.7534e-05/-3.15242e-08|
1.0678/6.56903e-05/-3.15242e-08|
1.07272/6.38386e-05/-3.16236e-08|
1.07753/6.19769e-05/-3.17891e-08|
1.08224/6.01133e-05/-3.17891e-08|
1.08684/5.82417e-05/-3.1756e-08|
1.09133/5.63622e-05/-3.20541e-08|
1.09572/5.44806e-05/-3.19878e-08|
1.09999/5.25892e-05/-3.22196e-08|
1.10415/5.06977e-05/-3.19547e-08|
1.1082/4.88003e-05/-3.2319e-08|
1.11214/4.6893e-05/-3.22196e-08|
1.11597/4.49856e-05/-3.2319e-08|
1.11969/4.30803e-05/-3.23852e-08|
1.1233/4.1157e-05/-3.24514e-08|
1.12679/3.92377e-05/-3.23521e-08|
1.13018/3.73046e-05/-3.25508e-08|
1.13344/3.53873e-05/-3.25839e-08|
1.1366/3.34481e-05/-3.24514e-08|
1.13964/3.1515e-05/-3.27163e-08|
1.14257/2.95758e-05/-3.24514e-08|
1.14538/2.76327e-05/-3.27826e-08|
1.14808/2.56856e-05/-3.26501e-08|
1.15067/2.37445e-05/-3.26832e-08|
1.15314/2.17915e-05/-3.25839e-08|
1.15549/1.98364e-05/-3.27826e-08|
1.15773/1.78893e-05/-3.26832e-08|
1.15985/1.59264e-05/-3.27826e-08|
1.16186/1.39793e-05/-3.25839e-08|
1.16375/1.20123e-05/-3.27826e-08|
1.16552/1.00533e-05/-3.27163e-08|
1.16718/8.09232e-06/-3.27494e-08|
1.16872/6.13729e-06/-3.2617e-08|
1.17015/4.17034e-06/-3.26501e-08|
1.17146/2.20935e-06/-3.26501e-08|
1.17265/2.42392e-07/-3.2617e-08|
1.17372/-1.71264e-06/-3.26832e-08|
1.17467/-3.67959e-06/-3.25177e-08|
1.17551/-5.64257e-06/-3.24514e-08|
1.17623/-7.60754e-06/-3.25839e-08|
1.17684/-9.56456e-06/-3.24845e-08|
1.17732/-1.15236e-05/-3.24183e-08|
1.17769/-1.34826e-05/-3.23521e-08|
1.17794/-1.54396e-05/-3.2319e-08|
1.17807/-1.74006e-05/-3.22527e-08|
1.17809/-1.93516e-05/-3.2319e-08|
1.17799/-2.12987e-05/-3.20872e-08|
1.17777/-2.32538e-05/-3.20872e-08|
1.17743/-2.52028e-05/-3.20872e-08|
1.17697/-2.71479e-05/-3.19878e-08|
1.1764/-2.90891e-05/-3.17891e-08|
1.1757/-3.10282e-05/-3.19878e-08|
1.1749/-3.29634e-05/-3.15905e-08|
1.17397/-3.49025e-05/-3.17891e-08|
1.17293/-3.68277e-05/-3.1458e-08|
1.17176/-3.8753e-05/-3.15905e-08|
1.17049/-4.06782e-05/-3.13255e-08|
1.16909/-4.25975e-05/-3.13918e-08|
1.16758/-4.45048e-05/-3.11931e-08|
1.16595/-4.64241e-05/-3.11268e-08|
1.1642/-4.83195e-05/-3.10275e-08|
1.16234/-5.02268e-05/-3.0829e-08|
1.16037/-5.21143e-05/-3.0895e-08|
1.15827/-5.40098e-05/-3.06301e-08|
1.15606/-5.58893e-05/-3.0564e-08|
1.15374/-5.77728e-05/-3.05308e-08|
1.1513/-5.96444e-05/-3.0299e-08|
1.14874/-6.1512e-05/-3.01666e-08|
1.14607/-6.33736e-05/-3.01335e-08|
1.14328/-6.52234e-05/-2.99016e-08|
1.14039/-6.70771e-05/-2.98685e-08|
1.13737/-6.89149e-05/-2.96699e-08|
1.13424/-7.07487e-05/-2.95374e-08|
1.131/-7.25806e-05/-2.94051e-08|
1.12765/-7.43985e-05/-2.93056e-08|
1.12418/-7.62085e-05/-2.90738e-08|
1.12061/-7.80165e-05/-2.90075e-08|
1.11691/-7.98106e-05/-2.86765e-08|
1.11311/-8.16027e-05/-2.88089e-08|
1.1092/-8.33829e-05/-2.84115e-08|
1.10517/-8.51552e-05/-2.83453e-08|
1.10104/-8.69195e-05/-2.81467e-08|
1.09679/-8.86778e-05/-2.80143e-08|
1.09244/-9.04222e-05/-2.77823e-08|
1.08798/-9.21627e-05/-2.77162e-08|
1.0834/-9.38833e-05/-2.7534e-08|
1.07872/-9.56118e-05/-2.71864e-08|
1.07393/-9.73165e-05/-2.71533e-08|
1.06904/-9.90172e-05/-2.69214e-08|
1.06403/-0.000100706/-2.67559e-08|
1.05893/-0.000102387/-2.65737e-08|
1.05371/-0.000104054/-2.6375e-08|
1.04839/-0.000105717/-2.60936e-08|
1.04296/-0.000107369/-2.60108e-08|
1.03743/-0.000109/-2.57625e-08|
1.0318/-0.000110629/-2.55802e-08|
1.02606/-0.000112244/-2.53652e-08|
1.02023/-0.00011385/-2.51166e-08|
1.01428/-0.000115444/-2.50174e-08|
1.00824/-0.000117027/-2.46366e-08|
1.0021/-0.000118592/-2.45869e-08|
0.995856/-0.000120153/-2.42724e-08|
0.989513/-0.000121699/-2.41067e-08|
0.983071/-0.000123234/-2.38586e-08|
0.976531/-0.000124756/-2.35438e-08|
0.969893/-0.000126263/-2.35106e-08|
0.963158/-0.000127764/-2.31465e-08|
0.956327/-0.000129242/-2.29314e-08|
0.949401/-0.000130717/-2.26993e-08|
0.942379/-0.000132173/-2.24344e-08|
0.935263/-0.00013362/-2.23188e-08|
0.928054/-0.000135051/-2.19212e-08|
0.920752/-0.000136464/-2.17556e-08|
0.913358/-0.000137874/-2.14743e-08|
0.905873/-0.000139263/-2.12921e-08|
0.898297/-0.000140639/-2.10273e-08|
0.890631/-0.000142001/-2.07622e-08|
0.882877/-0.000143347/-2.04311e-08|
0.875034/-0.000144686/-2.02987e-08|
0.867104/-0.000146002/-1.99179e-08|
0.859086/-0.000147307/-1.97855e-08|
0.850983/-0.000148595/-1.94377e-08|
0.842795/-0.000149873/-1.92224e-08|
0.834523/-0.000151135/-1.89245e-08|
0.826167/-0.00015238/-1.86429e-08|
0.817729/-0.000153606/-1.84446e-08|
0.809209/-0.000154824/-1.808e-08|
0.800608/-0.000156019/-1.78647e-08|
0.791927/-0.000157206/-1.75836e-08|
0.783167/-0.000158373/-1.73185e-08|
0.774328/-0.000159526/-1.69872e-08|
0.765413/-0.000160661/-1.67556e-08|
0.75642/-0.00016178/-1.6441e-08|
0.747352/-0.000162887/-1.61759e-08|
0.738209/-0.000163971/-1.59278e-08|
0.728993/-0.000165043/-1.55468e-08|
0.719703/-0.000166098/-1.53814e-08|
0.710342/-0.000167137/-1.49839e-08|
0.70091/-0.000168157/-1.47522e-08|
0.691408/-0.000169162/-1.44209e-08|
0.681836/-0.000170148/-1.41643e-08|
0.672196/-0.000171119/-1.38583e-08|
0.66249/-0.000172075/-1.35267e-08|
0.652716/-0.000173007/-1.33036e-08|
0.642878/-0.00017393/-1.29143e-08|
0.632975/-0.000174829/-1.26825e-08|
0.62301/-0.000175714/-1.23597e-08|
0.612981/-0.00017658/-1.20204e-08|
0.602892/-0.00017743/-1.178e-08|
0.592742/-0.000178261/-1.13912e-08|
0.582533/-0.000179073/-1.11594e-08|
0.572266/-0.000179871/-1.08363e-08|
0.561942/-0.000180646/-1.05053e-08|
0.551561/-0.000181407/-1.02157e-08|
0.541125/-0.000182148/-9.8679e-09|
0.530636/-0.00018287/-9.63604e-09|
0.520093/-0.000183576/-9.21379e-09|
0.509498/-0.00018426/-8.96568e-09|
0.498852/-0.000184929/-8.65912e-09|
0.488157/-0.00018558/-8.31157e-09|
0.477412/-0.00018621/-7.997e-09|
0.46662/-0.000186823/-7.69069e-09|
0.455781/-0.000187415/-7.40911e-09|
0.444897/-0.000187993/-7.02009e-09|
0.433968/-0.000188546/-6.747e-09|
0.422996/-0.000189084/-6.40333e-09|
0.411981/-0.000189603/-6.08052e-09|
0.400926/-0.000190102/-5.7742e-09|
0.38983/-0.000190582/-5.42641e-09|
0.378695/-0.000191043/-5.14507e-09|
0.367522/-0.000191488/-4.80165e-09|
0.356313/-0.000191909/-4.48684e-09|
0.345068/-0.000192314/-4.1308e-09|
0.333789/-0.000192698/-3.8662e-09|
0.322476/-0.000193063/-3.47063e-09|
0.311131/-0.000193409/-3.19972e-09|
0.299755/-0.000193735/-2.84757e-09|
0.288348/-0.000194044/-2.49614e-09|
0.276914/-0.000194332/-2.22256e-09|
0.265451/-0.000194601/-1.87404e-09|
0.253962/-0.000194849/-1.55948e-09|
0.242447/-0.000195081/-1.21072e-09|
0.230908/-0.000195289/-8.56865e-10|
0.219346/-0.000195481/-6.24762e-10|
0.207763/-0.000195652/-1.94996e-10|
0.196158/-0.000195802/7.80953e-11|
0.184534/-0.000195935/3.89991e-10|
0.172891/-0.000196047/7.8071e-10|
0.161231/-0.000196141/1.01354e-09|
0.149555/-0.000196214/1.44355e-09|
0.137864/-0.000196265/1.69797e-09|
0.12616/-0.000196303/2.06564e-09|
0.114442/-0.000196314/2.36129e-09|
0.102713/-0.00019631/2.73188e-09|
0.0909743/-0.000196286/3.04038e-09|
0.0792262/-0.000196239/3.29892e-09|
0.0674701/-0.000196179/3.68382e-09|
0.0557073/-0.000196092/4.01924e-09|
0.0439388/-0.00019599/4.3338e-09|
0.032166/-0.000195866/4.63988e-09|
0.0203901/-0.000195724/4.97118e-09|
0.00861193/-0.00019556/5.3066e-09|
-0.00316693/-0.000195378/5.62092e-09|
-0.0149455/-0.00019518/5.9481e-09|
-0.0267227/-0.000194959/6.23792e-09|
-0.038497/-0.000194718/6.59784e-09|
-0.0502677/-0.000194458/6.92065e-09|
-0.0620333/-0.00019418/7.22309e-09|
-0.0737927/-0.000193881/7.51679e-09|
-0.0855446/-0.000193563/7.87283e-09|
-0.0972881/-0.000193226/8.17066e-09|
-0.109022/-0.000192869/8.51845e-09|
-0.120744/-0.000192494/8.78354e-09|
-0.132455/-0.000192099/9.12284e-09|
-0.144153/-0.000191683/9.44565e-09|
-0.155836/-0.00019125/9.75197e-09|
-0.167503/-0.000190799/1.00665e-08|
-0.179154/-0.000190327/1.03728e-08|
-0.190787/-0.000189836/1.06544e-08|
-0.202401/-0.000189325/1.10352e-08|
-0.213994/-0.000188798/1.12586e-08|
-0.225566/-0.000188251/1.16229e-08|
-0.237116/-0.000187684/1.19127e-08|
-0.248642/-0.000187099/1.22023e-08|
-0.260143/-0.000186495/1.25171e-08|
-0.271618/-0.000185873/1.28316e-08|
-0.283066/-0.000185233/1.3113e-08|
-0.294485/-0.000184571/1.33946e-08|
-0.305876/-0.000183896/1.37421e-08|
-0.317235/-0.000183198/1.40237e-08|
-0.328563/-0.000182484/1.42885e-08|
-0.339858/-0.000181751/1.45866e-08|
-0.351119/-0.000181/1.49177e-08|
-0.362345/-0.000180231/1.5166e-08|
-0.373535/-0.000179444/1.54643e-08|
-0.384687/-0.00017864/1.57619e-08|
-0.395801/-0.000177816/1.60602e-08|
-0.406875/-0.000176974/1.63086e-08|
-0.417909/-0.000176117/1.66229e-08|
-0.428901/-0.000175242/1.69047e-08|
-0.43985/-0.000174347/1.71363e-08|
-0.450755/-0.000173437/1.74839e-08|
-0.461615/-0.000172509/1.7716e-08|
-0.472429/-0.000171563/1.79806e-08|
-0.483196/-0.000170599/1.82954e-08|
-0.493914/-0.000169621/1.8527e-08|
-0.504583/-0.000168624/1.88086e-08|
-0.515201/-0.000167609/1.90902e-08|
-0.525768/-0.000166581/1.93053e-08|
-0.536283/-0.000165532/1.96364e-08|
-0.546744/-0.000164469/1.98682e-08|
-0.55715/-0.00016339/2.01166e-08|
-0.5675/-0.000162293/2.03649e-08|
-0.577794/-0.000161181/2.0663e-08|
-0.58803/-0.000160052/2.08781e-08|
-0.598207/-0.000158907/2.111e-08|
-0.608325/-0.000157749/2.14245e-08|
-0.618381/-0.00015657/2.16067e-08|
-0.628376/-0.000155378/2.19048e-08|
-0.638308/-0.000154171/2.21199e-08|
-0.648176/-0.000152949/2.23353e-08|
-0.65798/-0.00015171/2.26166e-08|
-0.667717/-0.000150457/2.2832e-08|
-0.677388/-0.00014919/2.30636e-08|
-0.686991/-0.000147905/2.32957e-08|
-0.696526/-0.000146609/2.35106e-08|
-0.705991/-0.000145294/2.37756e-08|
-0.715385/-0.000143967/2.39743e-08|
-0.724708/-0.000142627/2.41732e-08|
-0.733958/-0.00014127/2.44543e-08|
-0.743135/-0.0001399/2.46037e-08|
-0.752237/-0.000138516/2.48518e-08|
-0.761265/-0.000137118/2.50339e-08|
-0.770216/-0.000135708/2.5299e-08|
-0.779091/-0.000134281/2.54644e-08|
-0.787887/-0.000132843/2.56961e-08|
-0.796605/-0.000131392/2.58618e-08|
-0.805243/-0.000129925/2.6077e-08|
-0.8138/-0.000128449/2.62427e-08|
-0.822277/-0.000126958/2.65075e-08|
-0.830671/-0.000125456/2.66564e-08|
-0.838982/-0.000123938/2.68221e-08|
-0.847209/-0.00012241/2.70373e-08|
-0.855351/-0.000120868/2.72361e-08|
-0.863408/-0.000119317/2.73684e-08|
-0.871379/-0.000117752/2.75838e-08|
-0.879262/-0.000116177/2.77493e-08|
-0.887058/-0.000114587/2.79148e-08|
-0.894765/-0.000112988/2.81135e-08|
-0.902382/-0.000111378/2.82129e-08|
-0.909909/-0.000109756/2.84446e-08|
-0.917346/-0.000108122/2.85441e-08|
-0.92469/-0.00010648/2.87427e-08|
-0.931942/-0.000104825/2.89413e-08|
-0.939101/-0.00010316/2.89744e-08|
-0.946167/-0.000101485/2.92394e-08|
-0.953137/-9.9798e-05/2.93387e-08|
-0.960012/-9.81053e-05/2.94713e-08|
-0.966792/-9.63986e-05/2.96036e-08|
-0.973474/-9.4686e-05/2.97692e-08|
-0.98006/-9.29614e-05/2.99016e-08|
-0.986547/-9.12249e-05/3.00342e-08|
-0.992936/-8.94864e-05/3.01003e-08|
-0.999225/-8.77321e-05/3.03321e-08|
-1.00541/-8.59718e-05/3.03654e-08|
-1.0115/-8.42035e-05/3.05639e-08|
-1.01749/-8.24273e-05/3.05971e-08|
-1.02338/-8.06411e-05/3.07626e-08|
-1.02916/-7.8847e-05/3.08619e-08|
-1.03484/-7.7045e-05/3.09613e-08|
-1.04042/-7.52389e-05/3.10606e-08|
-1.04589/-7.3419e-05/3.11931e-08|
-1.05126/-7.15971e-05/3.12593e-08|
-1.05653/-6.97633e-05/3.13586e-08|
-1.06169/-6.79274e-05/3.1458e-08|
-1.06674/-6.60817e-05/3.15573e-08|
-1.07168/-6.423e-05/3.16236e-08|
-1.07652/-6.23723e-05/3.16898e-08|
-1.08125/-6.05086e-05/3.17891e-08|
-1.08588/-5.86371e-05/3.18885e-08|
-1.09039/-5.67615e-05/3.19216e-08|
-1.0948/-5.488e-05/3.20209e-08|
-1.09909/-5.29925e-05/3.20541e-08|
-1.10328/-5.10991e-05/3.21203e-08|
-1.10735/-4.92016e-05/3.22196e-08|
-1.11132/-4.73003e-05/3.22527e-08|
-1.11517/-4.53929e-05/3.22858e-08|
-1.11891/-4.34796e-05/3.23852e-08|
-1.12254/-4.15643e-05/3.23852e-08|
-1.12606/-3.9643e-05/3.24514e-08|
-1.12947/-3.77198e-05/3.24514e-08|
-1.13276/-3.57926e-05/3.25508e-08|
-1.13594/-3.38594e-05/3.25508e-08|
-1.13901/-3.19242e-05/3.25839e-08|
-1.14196/-2.99871e-05/3.2617e-08|
-1.1448/-2.8044e-05/3.26501e-08|
-1.14752/-2.61009e-05/3.2617e-08|
-1.15013/-2.41538e-05/3.27163e-08|
-1.15262/-2.22067e-05/3.26832e-08|
-1.155/-2.02537e-05/3.26832e-08|
-1.15726/-1.83006e-05/3.27163e-08|
-1.15941/-1.63456e-05/3.27163e-08|
-1.16144/-1.43886e-05/3.27163e-08|
-1.16336/-1.24296e-05/3.27163e-08|
-1.16516/-1.04725e-05/3.26832e-08|
-1.16684/-8.50956e-06/3.27163e-08|
-1.16841/-6.54856e-06/3.26501e-08|
-1.16986/-4.58757e-06/3.27163e-08|
-1.17119/-2.62459e-06/3.26501e-08|
-1.1724/-6.61612e-07/3.25839e-08|
-1.1735/1.30137e-06/3.26501e-08|
-1.17448/3.26435e-06/3.25839e-08|
-1.17535/5.22534e-06/3.24845e-08|
-1.17609/7.18832e-06/3.25839e-08|
-1.17672/9.14733e-06/3.24183e-08|
-1.17723/1.11103e-05/3.24514e-08|
-1.17762/1.30693e-05/3.23852e-08|
-1.1779/1.50243e-05/3.2319e-08|
-1.17806/1.69833e-05/3.2319e-08|
-1.1781/1.89384e-05/3.22196e-08|
-1.17802/2.08875e-05/3.21865e-08|
-1.17782/2.28425e-05/3.21203e-08|
-1.17751/2.47876e-05/3.20209e-08|
-1.17708/2.67347e-05/3.19878e-08|
-1.17653/2.86778e-05/3.19216e-08|
-1.17586/3.06169e-05/3.18554e-08|
-1.17508/3.25561e-05/3.1756e-08|
-1.17418/3.44892e-05/3.16567e-08|
-1.17316/3.64204e-05/3.16567e-08|
-1.17202/3.83476e-05/3.1458e-08|
-1.17077/4.02689e-05/3.1458e-08|
-1.1694/4.21882e-05/3.13255e-08|
-1.16791/4.41035e-05/3.12262e-08|
-1.16631/4.60148e-05/3.11269e-08|
-1.16458/4.79201e-05/3.10606e-08|
-1.16275/4.98195e-05/3.09282e-08|
-1.16079/5.1719e-05/3.0829e-08|
-1.15873/5.36064e-05/3.07294e-08|
-1.15654/5.54939e-05/3.0564e-08|
-1.15424/5.73734e-05/3.04977e-08|
-1.15182/5.9247e-05/3.03652e-08|
-1.14929/6.11146e-05/3.01997e-08|
-1.14665/6.29783e-05/3.01666e-08|
-1.14388/6.4834e-05/2.99347e-08|
-1.14101/6.66837e-05/2.98685e-08|
-1.13802/6.85275e-05/2.97361e-08|
-1.13492/7.03613e-05/2.95706e-08|
-1.1317/7.21912e-05/2.94049e-08|
-1.12837/7.40131e-05/2.93056e-08|
-1.12493/7.58251e-05/2.91732e-08|
-1.12137/7.7635e-05/2.89413e-08|
-1.11771/7.94311e-05/2.88751e-08|
-1.11393/8.12232e-05/2.86765e-08|
-1.11004/8.30074e-05/2.85108e-08|
-1.10604/8.47816e-05/2.83784e-08|
-1.10193/8.65459e-05/2.82129e-08|
-1.0977/8.83043e-05/2.80143e-08|
-1.09337/9.00547e-05/2.78486e-08|
-1.08893/9.17912e-05/2.77161e-08|
-1.08438/9.35237e-05/2.75176e-08|
-1.07972/9.52442e-05/2.73188e-08|
-1.07496/9.69549e-05/2.71698e-08|
-1.07008/9.86576e-05/2.69545e-08|
-1.0651/0.00010035/2.68056e-08|
-1.06002/0.000102031/2.65737e-08|
-1.05482/0.000103702/2.64247e-08|
-1.04953/0.000105365/2.62095e-08|
-1.04412/0.000107016/2.59943e-08|
-1.03862/0.000108655/2.58287e-08|
-1.033/0.000110285/2.55968e-08|
-1.02729/0.000111903/2.54147e-08|
-1.02147/0.000113511/2.51996e-08|
-1.01555/0.000115106/2.50009e-08|
-1.00953/0.000116691/2.47526e-08|
-1.00341/0.000118264/2.45869e-08|
-0.997188/0.000119823/2.43218e-08|
-0.990866/0.000121373/2.41399e-08|
-0.984445/0.000122909/2.38916e-08|
-0.977925/0.000124434/2.36762e-08|
-0.971308/0.000125946/2.34446e-08|
-0.964594/0.000127446/2.32457e-08|
-0.957783/0.000128931/2.29809e-08|
-0.950877/0.000130406/2.27493e-08|
-0.943876/0.000131865/2.25339e-08|
-0.93678/0.000133314/2.22855e-08|
-0.92959/0.000134747/2.20372e-08|
-0.922308/0.000136168/2.17721e-08|
-0.914934/0.000137574/2.15902e-08|
-0.907468/0.000138969/2.12921e-08|
-0.899911/0.000140348/2.10603e-08|
-0.892264/0.000141713/2.07954e-08|
-0.884528/0.000143065/2.05636e-08|
-0.876704/0.000144402/2.02822e-08|
-0.868792/0.000145724/2.00668e-08|
-0.860793/0.000147031/1.9769e-08|
-0.852708/0.000148326/1.95204e-08|
-0.844538/0.000149604/1.92391e-08|
-0.836284/0.000150867/1.90237e-08|
-0.827946/0.000152115/1.86927e-08|
-0.819525/0.000153349/1.84443e-08|
-0.811022/0.000154566/1.8196e-08|
-0.802438/0.00015577/1.79146e-08|
-0.793774/0.000156956/1.7633e-08|
-0.78503/0.000158127/1.73515e-08|
-0.776209/0.000159281/1.71034e-08|
-0.767309/0.000160423/1.67885e-08|
-0.758333/0.000161544/1.65072e-08|
-0.749281/0.000162651/1.62424e-08|
-0.740154/0.000163743/1.59608e-08|
-0.730953/0.000164818/1.56462e-08|
-0.721679/0.000165876/1.54144e-08|
-0.712333/0.000166917/1.50501e-08|
-0.702915/0.000167943/1.4802e-08|
-0.693428/0.00016895/1.45037e-08|
-0.683871/0.000169941/1.4239e-08|
-0.674246/0.000170915/1.38828e-08|
-0.664553/0.000171873/1.36264e-08|
-0.654794/0.000172812/1.33116e-08|
-0.644969/0.000173737/1.30468e-08|
-0.63508/0.00017464/1.27157e-08|
-0.625128/0.000175528/1.24094e-08|
-0.615113/0.000176398/1.20866e-08|
-0.605036/0.000177252/1.18465e-08|
-0.594899/0.000178085/1.15069e-08|
-0.584703/0.000178903/1.11759e-08|
-0.574448/0.000179702/1.09193e-08|
-0.564135/0.000180484/1.05383e-08|
-0.553767/0.000181247/1.02984e-08|
-0.543342/0.000181992/9.98383e-09|
-0.532864/0.000182717/9.60305e-09|
-0.522332/0.000183428/9.35446e-09|
-0.511748/0.000184118/9.0154e-09|
-0.501113/0.000184789/8.74182e-09|
-0.490428/0.000185444/8.3448e-09|
-0.479694/0.000186076/8.08795e-09|
-0.468912/0.000186694/7.77339e-09|
-0.458083/0.000187293/7.42584e-09|
-0.447208/0.000187869/7.10691e-09|
-0.436289/0.000188431/6.82145e-09|
-0.425325/0.000188972/6.47803e-09|
-0.41432/0.000189496/6.14261e-09|
-0.403273/0.000189997/5.85278e-09|
-0.392185/0.000190482/5.50087e-09|
-0.381059/0.000190948/5.20716e-09|
-0.369894/0.000191394/4.85525e-09|
-0.358693/0.00019182/4.52831e-09|
-0.347455/0.00019223/4.27171e-09|
-0.336183/0.000192618/3.89919e-09|
-0.324877/0.000192987/3.55139e-09|
-0.313539/0.000193338/3.2184e-09|
-0.302169/0.000193668/2.94482e-09|
-0.290769/0.000193981/2.59339e-09|
-0.27934/0.000194272/2.26404e-09|
-0.267883/0.000194544/1.96936e-09|
-0.2564/0.0001948/1.5801e-09|
-0.24489/0.000195034/1.307e-09|
-0.233357/0.000195247/9.35931e-10|
-0.221799/0.00019544/6.63325e-10|
-0.21022/0.000195617/3.31541e-10|
-0.19862/0.000195772/-5.84502e-11|
-0.187/0.000195908/-3.11896e-10|
-0.175361/0.000196026/-7.0213e-10|
-0.163705/0.000196121/-9.75221e-10|
-0.152032/0.0001962/-1.36594e-09|
-0.140344/0.000196256/-1.6383e-09|
-0.128642/0.000196296/-1.95044e-09|
-0.116927/0.000196315/-2.34068e-09|
-0.105201/0.000196312/-2.61401e-09|
-0.0934639/0.000196293/-2.96374e-09|
-0.0817176/0.000196251/-3.27612e-09|
-0.0699631/0.000196193/-3.63022e-09|
-0.0582015/0.000196111/-3.90307e-09|
-0.0464342/0.000196012/-4.28821e-09|
-0.0346622/0.000195895/-4.56566e-09|
-0.0228869/0.000195755/-4.91321e-09|
-0.0111092/0.000195598/-5.22778e-09|
0.000669759/0.00019542/-5.54258e-09|
0.0124485/0.000195224/-5.88576e-09|
0.0242261/0.000195006/-6.16759e-09|
0.0360011/0.000194772/-6.55224e-09|
0.0477727/0.000194514/-6.82558e-09|
0.0595393/0.00019424/-7.14426e-09|
0.0713001/0.000193946/-7.49205e-09|
0.0830538/0.000193632/-7.78988e-09|
0.0947991/0.000193299/-8.12118e-09|
0.106535/0.000192946/-8.39427e-09|
0.11826/0.000192576/-8.76704e-09|
0.129974/0.000192183/-9.05638e-09|
0.141674/0.000191773/-9.36295e-09|
0.15336/0.000191345/-9.66926e-09|
0.165031/0.000190895/-1.00335e-08|
0.176685/0.000190428/-1.02569e-08|
0.188322/0.000189941/-1.06874e-08|
0.19994/0.000189437/-1.08448e-08|
0.211538/0.000188911/-1.12751e-08|
0.223115/0.000188368/-1.15484e-08|
0.234669/0.000187806/-1.18132e-08|
0.2462/0.000187226/-1.21778e-08|
0.257707/0.000186624/-1.24506e-08|
0.269188/0.000186008/-1.27487e-08|
0.280641/0.000185367/-1.30717e-08|
0.292067/0.000184716/-1.32951e-08|
0.303463/0.00018404/-1.37009e-08|
0.31483/0.000183347/-1.39575e-08|
0.326164/0.000182638/-1.42223e-08|
0.337466/0.000181907/-1.45204e-08|
0.348735/0.00018116/-1.48844e-08|
0.359968/0.000180395/-1.50998e-08|
0.371166/0.000179611/-1.53484e-08|
0.382326/0.000178813/-1.57786e-08|
0.393448/0.000177991/-1.59608e-08|
0.404531/0.000177154/-1.62589e-08|
0.415573/0.000176301/-1.65402e-08|
0.426574/0.000175429/-1.68383e-08|
0.437533/0.000174536/-1.71531e-08|
0.448447/0.00017363/-1.7335e-08|
0.459317/0.000172709/-1.76495e-08|
0.47014/0.000171763/-1.80138e-08|
0.480917/0.000170805/-1.8196e-08|
0.491646/0.00016983/-1.84278e-08|
0.502325/0.000168837/-1.88251e-08|
0.512955/0.000167827/-1.89907e-08|
0.523533/0.000166798/-1.92723e-08|
0.534058/0.000165758/-1.95369e-08|
0.544531/0.000164699/-1.98185e-08|
0.554948/0.000163618/-2.01001e-08|
0.565311/0.000162526/-2.02822e-08|
0.575617/0.00016142/-2.06298e-08|
0.585865/0.000160291/-2.08451e-08|
0.596055/0.000159151/-2.10105e-08|
0.606185/0.000157995/-2.13916e-08|
0.616255/0.000156823/-2.15735e-08|
0.626262/0.000155634/-2.18385e-08|
0.636208/0.000154428/-2.20372e-08|
0.64609/0.000153211/-2.23353e-08|
0.655907/0.000151973/-2.25339e-08|
0.665658/0.000150722/-2.2782e-08|
0.675344/0.000149462/-2.30141e-08|
0.684961/0.000148178/-2.32624e-08|
0.69451/0.000146884/-2.34279e-08|
0.70399/0.000145573/-2.38089e-08|
0.713399/0.000144251/-2.37921e-08|
0.722737/0.000142911/-2.42724e-08|
0.732003/0.000141559/-2.42556e-08|
0.741196/0.000140192/-2.46699e-08|
0.750314/0.000138811/-2.48353e-08|
0.759357/0.000137416/-2.49677e-08|
0.768325/0.00013601/-2.5216e-08|
0.777216/0.000134581/-2.54147e-08|
0.786029/0.000133154/-2.55969e-08|
0.794763/0.000131697/-2.59115e-08|
0.803418/0.000130242/-2.60108e-08|
0.811993/0.000128762/-2.62261e-08|
0.820486/0.000127272/-2.64412e-08|
0.828898/0.000125774/-2.66068e-08|
0.837227/0.000124261/-2.68056e-08|
0.845472/0.000122736/-2.70373e-08|
0.853632/0.0001212/-2.70704e-08|
0.861707/0.000119645/-2.74181e-08|
0.869696/0.000118085/-2.75174e-08|
0.877598/0.000116511/-2.77493e-08|
0.885413/0.000114925/-2.78321e-08|
0.893138/0.000113328/-2.81466e-08|
0.900775/0.00011172/-2.80805e-08|
0.908321/0.000110098/-2.84777e-08|
0.915777/0.000108473/-2.85772e-08|
0.923141/0.000106828/-2.86765e-08|
0.930413/0.000105177/-2.87757e-08|
0.937592/0.000103512/-2.90739e-08|
0.944677/0.000101842/-2.91401e-08|
0.951667/0.000100154/-2.93056e-08|
0.958563/9.84689e-05/-2.94711e-08|
0.965362/9.67602e-05/-2.95706e-08|
0.972066/9.50456e-05/-2.97691e-08|
0.978672/9.3325e-05/-2.98356e-08|
0.98518/9.15984e-05/-2.99679e-08|
0.99159/8.9854e-05/-3.02328e-08|
0.9979/8.81056e-05/-3.01334e-08|
1.00411/8.63473e-05/-3.03985e-08|
1.01022/8.4579e-05/-3.04977e-08|
1.01623/8.28048e-05/-3.06633e-08|
1.02214/8.10186e-05/-3.06301e-08|
1.02794/7.92285e-05/-3.09614e-08|
1.03365/7.74304e-05/-3.08288e-08|
1.03925/7.56164e-05/-3.11268e-08|
1.04474/7.38084e-05/-3.116e-08|
1.05013/7.19845e-05/-3.116e-08|
1.05542/7.01547e-05/-3.14911e-08|
1.0606/6.83149e-05/-3.12593e-08|
1.06568/6.64771e-05/-3.15904e-08|
1.07064/6.46194e-05/-3.16898e-08|
1.07551/6.27696e-05/-3.15905e-08|
1.08026/6.0902e-05/-3.17891e-08|
1.0849/5.90324e-05/-3.18885e-08|
1.08944/5.71628e-05/-3.18885e-08|
1.09387/5.52734e-05/-3.20872e-08|
1.09819/5.33978e-05/-3.19216e-08|
1.1024/5.15024e-05/-3.21865e-08|
1.1065/4.9601e-05/-3.21203e-08|
1.11049/4.77056e-05/-3.2319e-08|
1.11436/4.57982e-05/-3.22527e-08|
1.11813/4.38849e-05/-3.2319e-08|
1.12178/4.19716e-05/-3.25177e-08|
1.12533/4.00464e-05/-3.2319e-08|
1.12876/3.81311e-05/-3.24514e-08|
1.13207/3.61999e-05/-3.26501e-08|
1.13528/3.42727e-05/-3.24514e-08|
1.13837/3.23335e-05/-3.25508e-08|
1.14134/3.03984e-05/-3.26832e-08|
1.1442/2.84592e-05/-3.2617e-08|
1.14695/2.65082e-05/-3.2617e-08|
1.14959/2.4569e-05/-3.27163e-08|
1.1521/2.26219e-05/-3.26501e-08|
1.15451/2.06629e-05/-3.26832e-08|
1.15679/1.87159e-05/-3.28157e-08|
1.15897/1.67628e-05/-3.2617e-08|
1.16102/1.48018e-05/-3.27163e-08|
1.16296/1.28448e-05/-3.27163e-08|
1.16479/1.08878e-05/-3.27163e-08|
1.16649/8.9248e-06/-3.26501e-08|
1.16808/6.9658e-06/-3.28157e-08|
1.16956/5.0048e-06/-3.2617e-08|
1.17092/3.03586e-06/-3.25839e-08|
1.17216/1.07884e-06/-3.27163e-08|
1.17328/-8.84136e-07/-3.25507e-08|
1.17428/-2.84712e-06/-3.2617e-08|
1.17517/-4.81009e-06/-3.25508e-08|
1.17594/-6.7691e-06/-3.25508e-08|
1.1766/-8.73804e-06/-3.24183e-08|
1.17713/-1.06951e-05/-3.24514e-08|
1.17755/-1.26501e-05/-3.23852e-08|
1.17785/-1.46131e-05/-3.23521e-08|
1.17803/-1.65661e-05/-3.23521e-08|
1.1781/-1.85231e-05/-3.21865e-08|
1.17804/-2.04762e-05/-3.22527e-08|
1.17787/-2.24292e-05/-3.20872e-08|
1.17758/-2.43743e-05/-3.20209e-08|
1.17718/-2.63214e-05/-3.20872e-08|
1.17665/-2.82645e-05/-3.18885e-08|
1.17601/-3.02056e-05/-3.18222e-08|
1.17525/-3.21468e-05/-3.18554e-08|
1.17438/-3.4078e-05/-3.16236e-08|
1.17338/-3.60131e-05/-3.16236e-08|
1.17227/-3.79384e-05/-3.16236e-08|
1.17104/-3.98596e-05/-3.14249e-08|
1.1697/-4.17848e-05/-3.12593e-08|
1.16823/-4.36982e-05/-3.13255e-08|
1.16666/-4.56075e-05/-3.11269e-08|
1.16496/-4.75188e-05/-3.10606e-08|
1.16315/-4.94162e-05/-3.09944e-08|
1.16122/-5.13136e-05/-3.08288e-08|
1.15917/-5.32111e-05/-3.06964e-08|
1.15701/-5.50965e-05/-3.06633e-08|
1.15474/-5.69721e-05/-3.04977e-08|
1.15234/-5.88516e-05/-3.03985e-08|
1.14984/-6.07193e-05/-3.02658e-08|
1.14722/-6.25829e-05/-3.01004e-08|
1.14448/-6.44426e-05/-3.00342e-08|
1.14163/-6.62923e-05/-2.98354e-08|
1.13866/-6.81341e-05/-2.98685e-08|
1.13558/-6.99739e-05/-2.95043e-08|
1.13239/-7.18037e-05/-2.94049e-08|
1.12909/-7.36276e-05/-2.94713e-08|
1.12567/-7.54436e-05/-2.91069e-08|
1.12214/-7.72496e-05/-2.90077e-08|
1.11849/-7.90517e-05/-2.89744e-08|
1.11474/-8.08418e-05/-2.86103e-08|
1.11087/-8.26339e-05/-2.84777e-08|
1.10689/-8.44041e-05/-2.85108e-08|
1.10281/-8.61684e-05/-2.82791e-08|
1.09861/-8.79367e-05/-2.80474e-08|
1.0943/-8.96831e-05/-2.78486e-08|
1.08988/-9.14236e-05/-2.77493e-08|
1.08536/-9.31621e-05/-2.75505e-08|
1.08072/-9.48787e-05/-2.73188e-08|
1.07598/-9.65873e-05/-2.73023e-08|
1.07113/-9.8298e-05/-2.69545e-08|
1.06617/-9.99947e-05/-2.68386e-08|
1.0611/-0.000101678/-2.66401e-08|
1.05593/-0.000103348/-2.64081e-08|
1.05066/-0.000105013/-2.63089e-08|
1.04528/-0.000106666/-2.59611e-08|
1.03979/-0.000108306/-2.58784e-08|
1.0342/-0.000109944/-2.57459e-08|
1.02851/-0.000111561/-2.5365e-08|
1.02271/-0.000113171/-2.53487e-08|
1.01682/-0.00011477/-2.4885e-08|
1.01082/-0.000116354/-2.49015e-08|
1.00472/-0.000117933/-2.46034e-08|
0.998515/-0.00011949/-2.43883e-08|
0.992214/-0.000121043/-2.41397e-08|
0.985814/-0.000122588/-2.40075e-08|
0.979316/-0.00012411/-2.37094e-08|
0.972719/-0.000125631/-2.34446e-08|
0.966026/-0.000127124/-2.33284e-08|
0.959235/-0.000128618/-2.30638e-08|
0.952349/-0.000130094/-2.27655e-08|
0.945368/-0.000131557/-2.25671e-08|
0.938292/-0.000133006/-2.23353e-08|
0.931122/-0.000134446/-2.21034e-08|
0.92386/-0.000135869/-2.18715e-08|
0.916505/-0.000137275/-2.15735e-08|
0.909058/-0.000138675/-2.13253e-08|
0.90152/-0.000140059/-2.11597e-08|
0.893893/-0.000141425/-2.08781e-08|
0.886176/-0.000142779/-2.058e-08|
0.87837/-0.000144119/-2.03319e-08|
0.870477/-0.000145445/-2.01331e-08|
0.862496/-0.000146758/-1.97855e-08|
0.854429/-0.000148052/-1.96199e-08|
0.846277/-0.000149331/-1.93053e-08|
0.838041/-0.000150601/-1.90237e-08|
0.82972/-0.000151854/-1.87921e-08|
0.821317/-0.000153089/-1.85105e-08|
0.812831/-0.000154308/-1.82622e-08|
0.804265/-0.000155516/-1.79476e-08|
0.795617/-0.000156704/-1.76663e-08|
0.786891/-0.000157881/-1.74342e-08|
0.778085/-0.000159039/-1.71363e-08|
0.769202/-0.000160181/-1.6888e-08|
0.760242/-0.000161308/-1.65902e-08|
0.751206/-0.000162419/-1.62589e-08|
0.742095/-0.000163514/-1.6027e-08|
0.73291/-0.000164591/-1.57289e-08|
0.723651/-0.000165651/-1.54144e-08|
0.71432/-0.000166697/-1.51662e-08|
0.704918/-0.000167725/-1.48679e-08|
0.695445/-0.000168739/-1.45369e-08|
0.685903/-0.000169734/-1.43053e-08|
0.676292/-0.00017071/-1.39407e-08|
0.666613/-0.000171671/-1.37506e-08|
0.656868/-0.000172615/-1.33281e-08|
0.647057/-0.00017354/-1.30717e-08|
0.637182/-0.00017445/-1.27984e-08|
0.627243/-0.000175342/-1.25253e-08|
0.617241/-0.000176214/-1.21278e-08|
0.607177/-0.000177072/-1.19044e-08|
0.597053/-0.000177909/-1.15402e-08|
0.586869/-0.000178734/-1.12751e-08|
0.576627/-0.000179534/-1.0969e-08|
0.566326/-0.000180318/-1.06459e-08|
0.555969/-0.000181086/-1.03316e-08|
0.545557/-0.000181837/-1.00333e-08|
0.53509/-0.000182565/-9.71074e-09|
0.524569/-0.000183279/-9.3627e-09|
0.513997/-0.000183972/-9.13133e-09|
0.503372/-0.000184648/-8.77505e-09|
0.492698/-0.000185306/-8.46873e-09|
0.481974/-0.000185945/-8.11294e-09|
0.471202/-0.000186565/-7.8396e-09|
0.460383/-0.000187167/-7.49205e-09|
0.449517/-0.00018775/-7.17312e-09|
0.438607/-0.000188311/-6.90852e-09|
0.427653/-0.000188859/-6.51514e-09|
0.416657/-0.000189386/-6.2418e-09|
0.405618/-0.000189894/-5.89013e-09|
0.394539/-0.000190381/-5.62116e-09|
0.383421/-0.000190851/-5.22365e-09|
0.372264/-0.000191301/-4.95444e-09|
0.36107/-0.000191731/-4.60301e-09|
0.34984/-0.000192146/-4.29233e-09|
0.338575/-0.000192536/-3.97777e-09|
0.327277/-0.000192911/-3.62998e-09|
0.315945/-0.000193264/-3.31565e-09|
0.304582/-0.000193602/-3.00303e-09|
0.293188/-0.000193915/-2.65306e-09|
0.281765/-0.000194212/-2.34068e-09|
0.270314/-0.000194488/-2.02829e-09|
0.258836/-0.000194746/-1.67735e-09|
0.247332/-0.000194985/-1.32665e-09|
0.235804/-0.000195202/-1.09285e-09|
0.224252/-0.000195401/-6.63082e-10|
0.212677/-0.000195582/-3.89749e-10|
0.201081/-0.000195741/0|
0.189465/-0.000195881/1.95238e-10|
0.17783/-0.000196003/6.42952e-10|
0.166177/-0.000196104/9.36901e-10|
0.154508/-0.000196183/1.24807e-09|
0.142823/-0.000196249/1.5801e-09|
0.131124/-0.000196289/1.93104e-09|
0.119412/-0.000196312/2.18546e-09|
0.107688/-0.000196312/2.61183e-09|
0.0959531/-0.0001963/2.88904e-09|
0.0842086/-0.000196262/3.1956e-09|
0.0724557/-0.000196205/3.51623e-09|
0.0606956/-0.000196131/3.91568e-09|
0.0489293/-0.000196036/4.15578e-09|
0.0371584/-0.00019592/4.54893e-09|
0.0253834/-0.000195789/4.81402e-09|
0.0136061/-0.000195632/5.1492e-09|
0.00182741/-0.000195459/5.50087e-09|
-0.00995131/-0.000195267/5.81155e-09|
-0.0217293/-0.000195056/6.10938e-09|
-0.033505/-0.000194821/6.45305e-09|
-0.0452773/-0.000194572/6.77173e-09|
-0.0570452/-0.000194299/7.09066e-09|
-0.0688073/-0.00019401/7.40086e-09|
-0.0805625/-0.000193701/7.74865e-09|
-0.0923098/-0.000193371/8.02999e-09|
-0.104048/-0.000193022/8.34455e-09|
-0.115775/-0.000192656/8.66761e-09|
-0.127491/-0.000192268/9.00691e-09|
-0.139195/-0.000191862/9.32147e-09|
-0.150884/-0.000191437/9.60305e-09|
-0.162558/-0.000190993/9.92586e-09|
-0.174216/-0.000190528/1.02404e-08|
-0.185857/-0.000190046/1.0555e-08|
-0.197479/-0.000189545/1.08613e-08|
-0.209081/-0.000189025/1.11509e-08|
-0.220662/-0.000188485/1.14987e-08|
-0.232222/-0.000187925/1.17803e-08|
-0.243758/-0.000187349/1.20698e-08|
-0.25527/-0.000186754/1.23929e-08|
-0.266756/-0.000186139/1.26907e-08|
-0.278215/-0.000185506/1.2989e-08|
-0.289647/-0.000184854/1.32869e-08|
-0.30105/-0.000184185/1.36014e-08|
-0.312422/-0.000183495/1.38828e-08|
-0.323764/-0.000182789/1.41728e-08|
-0.335073/-0.000182064/1.44872e-08|
-0.346349/-0.000181321/1.47522e-08|
-0.35759/-0.000180559/1.50666e-08|
-0.368795/-0.00017978/1.53814e-08|
-0.379963/-0.000178983/1.558e-08|
-0.391093/-0.000178167/1.59773e-08|
-0.402185/-0.000177334/1.61762e-08|
-0.413236/-0.000176483/1.6474e-08|
-0.424246/-0.000175614/1.68218e-08|
-0.435213/-0.000174729/1.70039e-08|
-0.446137/-0.000173825/1.73847e-08|
-0.457016/-0.000172902/1.75833e-08|
-0.46785/-0.000171967/1.78484e-08|
-0.478636/-0.000171009/1.82125e-08|
-0.489375/-0.000170038/1.83781e-08|
-0.500065/-0.00016905/1.87256e-08|
-0.510705/-0.00016804/1.89578e-08|
-0.521294/-0.00016702/1.92224e-08|
-0.531831/-0.000165977/1.94874e-08|
-0.542315/-0.000164922/1.9769e-08|
-0.552744/-0.000163851/2.00171e-08|
-0.563119/-0.000162758/2.0249e-08|
-0.573437/-0.000161656/2.05471e-08|
-0.583697/-0.000160532/2.07789e-08|
-0.593899/-0.000159395/2.10438e-08|
-0.604042/-0.000158241/2.12589e-08|
-0.614125/-0.000157072/2.1557e-08|
-0.624146/-0.000155886/2.17558e-08|
-0.634105/-0.000154685/2.20204e-08|
-0.644/-0.00015347/2.22525e-08|
-0.653831/-0.000152237/2.25007e-08|
-0.663597/-0.00015099/2.27493e-08|
-0.673296/-0.000149728/2.29641e-08|
-0.682928/-0.000148452/2.31797e-08|
-0.692492/-0.000147159/2.34443e-08|
-0.701986/-0.000145854/2.36597e-08|
-0.71141/-0.000144532/2.38751e-08|
-0.720764/-0.000143197/2.40902e-08|
-0.730045/-0.000141847/2.43386e-08|
-0.739253/-0.000140482/2.45372e-08|
-0.748387/-0.000139104/2.47526e-08|
-0.757446/-0.000137714/2.49842e-08|
-0.76643/-0.000136307/2.51498e-08|
-0.775337/-0.000134887/2.53982e-08|
-0.784167/-0.000133455/2.55969e-08|
-0.792918/-0.000132009/2.57791e-08|
-0.80159/-0.000130549/2.60108e-08|
-0.810182/-0.000129077/2.61763e-08|
-0.818693/-0.000127592/2.64081e-08|
-0.827122/-0.000126093/2.65572e-08|
-0.835468/-0.000124584/2.67724e-08|
-0.843731/-0.00012306/2.6938e-08|
-0.851909/-0.000121524/2.71698e-08|
-0.860002/-0.000119977/2.72857e-08|
-0.86801/-0.000118417/2.75176e-08|
-0.87593/-0.000116846/2.76665e-08|
-0.883763/-0.000115261/2.78486e-08|
-0.891508/-0.000113668/2.80141e-08|
-0.899163/-0.000112062/2.81798e-08|
-0.906729/-0.000110445/2.83453e-08|
-0.914204/-0.000108815/2.85108e-08|
-0.921587/-0.000107178/2.86765e-08|
-0.928879/-0.000105527/2.8842e-08|
-0.936077/-0.000103867/2.89415e-08|
-0.943182/-0.000102196/2.91731e-08|
-0.950193/-0.000100515/2.92394e-08|
-0.957109/-9.88245e-05/2.9438e-08|
-0.963929/-9.71238e-05/2.95375e-08|
-0.970653/-9.54131e-05/2.97361e-08|
-0.977279/-9.36925e-05/2.98023e-08|
-0.983808/-9.1962e-05/3.0001e-08|
-0.990239/-9.02255e-05/3.00673e-08|
-0.996571/-8.84751e-05/3.02659e-08|
-1.0028/-8.67208e-05/3.03321e-08|
-1.00893/-8.49545e-05/3.04646e-08|
-1.01497/-8.31823e-05/3.0564e-08|
-1.02089/-8.13981e-05/3.07294e-08|
-1.02672/-7.96099e-05/3.07957e-08|
-1.03245/-7.78099e-05/3.09614e-08|
-1.03807/-7.60059e-05/3.09613e-08|
-1.04359/-7.41899e-05/3.11931e-08|
-1.049/-7.237e-05/3.11931e-08|
-1.05431/-7.05421e-05/3.13587e-08|
-1.05951/-6.87083e-05/3.13586e-08|
-1.06461/-6.68645e-05/3.15573e-08|
-1.0696/-6.50167e-05/3.15573e-08|
-1.07448/-6.31591e-05/3.16898e-08|
-1.07926/-6.13014e-05/3.1756e-08|
-1.08393/-5.94298e-05/3.18554e-08|
-1.08849/-5.75582e-05/3.18554e-08|
-1.09294/-5.56767e-05/3.20209e-08|
-1.09728/-5.37952e-05/3.20209e-08|
-1.10152/-5.19017e-05/3.21203e-08|
-1.10564/-5.00083e-05/3.21534e-08|
-1.10965/-4.81069e-05/3.22527e-08|
-1.11355/-4.62015e-05/3.22859e-08|
-1.11734/-4.42902e-05/3.23189e-08|
-1.12102/-4.23789e-05/3.23521e-08|
-1.12458/-4.04576e-05/3.24845e-08|
-1.12804/-3.85364e-05/3.24183e-08|
-1.13138/-3.66092e-05/3.25508e-08|
-1.13461/-3.468e-05/3.25177e-08|
-1.13772/-3.27448e-05/3.25508e-08|
-1.14072/-3.08077e-05/3.2617e-08|
-1.14361/-2.88685e-05/3.26501e-08|
-1.14638/-2.69274e-05/3.2617e-08|
-1.14904/-2.49783e-05/3.27163e-08|
-1.15158/-2.30332e-05/3.26501e-08|
-1.15401/-2.10802e-05/3.26832e-08|
-1.15632/-1.91291e-05/3.27494e-08|
-1.15852/-1.71761e-05/3.26832e-08|
-1.1606/-1.52191e-05/3.27163e-08|
-1.16256/-1.326e-05/3.26832e-08|
-1.16441/-1.1303e-05/3.27494e-08|
-1.16614/-9.34005e-06/3.26832e-08|
-1.16776/-7.38104e-06/3.27163e-08|
-1.16926/-5.42005e-06/3.26501e-08|
-1.17064/-3.45508e-06/3.26501e-08|
-1.1719/-1.49409e-06/3.26501e-08|
-1.17305/4.6889e-07/3.26501e-08|
-1.17408/2.42988e-06/3.25508e-08|
-1.17499/4.39485e-06/3.25839e-08|
-1.17579/6.35584e-06/3.24845e-08|
-1.17647/8.31882e-06/3.25177e-08|
-1.17703/1.02778e-05/3.24514e-08|
-1.17747/1.22368e-05/3.23852e-08|
-1.1778/1.41958e-05/3.23852e-08|
-1.178/1.61548e-05/3.2319e-08|
-1.17809/1.81079e-05/3.22196e-08|
-1.17807/2.00629e-05/3.22196e-08|
-1.17792/2.2012e-05/3.21203e-08|
-1.17766/2.39631e-05/3.20872e-08|
-1.17727/2.59101e-05/3.20541e-08|
-1.17678/2.78532e-05/3.18885e-08|
-1.17616/2.97964e-05/3.19216e-08|
-1.17542/3.17355e-05/3.1756e-08|
-1.17457/3.36687e-05/3.17229e-08|
-1.1736/3.56019e-05/3.16567e-08|
-1.17252/3.75291e-05/3.15242e-08|
-1.17131/3.94543e-05/3.14911e-08|
-1.16999/4.13775e-05/3.13586e-08|
-1.16855/4.32909e-05/3.12924e-08|
-1.167/4.52062e-05/3.116e-08|
-1.16533/4.71115e-05/3.10938e-08|
-1.16354/4.90149e-05/3.09944e-08|
-1.16164/5.09143e-05/3.08288e-08|
-1.15962/5.28057e-05/3.07626e-08|
-1.15748/5.46952e-05/3.06633e-08|
-1.15523/5.65767e-05/3.05308e-08|
-1.15286/5.84543e-05/3.04316e-08|
-1.15038/6.03239e-05/3.02659e-08|
-1.14778/6.21895e-05/3.01665e-08|
-1.14507/6.40492e-05/3.00342e-08|
-1.14224/6.58989e-05/2.99347e-08|
-1.1393/6.77447e-05/2.97361e-08|
-1.13625/6.95845e-05/2.96699e-08|
-1.13308/7.14163e-05/2.94711e-08|
-1.1298/7.32422e-05/2.93718e-08|
-1.1264/7.50581e-05/2.91732e-08|
-1.12289/7.68681e-05/2.90738e-08|
-1.11928/7.86702e-05/2.89083e-08|
-1.11554/8.04663e-05/2.87426e-08|
-1.1117/8.22504e-05/2.86103e-08|
-1.10775/8.40306e-05/2.84115e-08|
-1.10368/8.57989e-05/2.83122e-08|
-1.09951/8.75612e-05/2.80474e-08|
-1.09522/8.93116e-05/2.79644e-08|
-1.09083/9.1056e-05/2.77659e-08|
-1.08632/9.27905e-05/2.75836e-08|
-1.08171/9.45151e-05/2.74182e-08|
-1.07699/9.62317e-05/2.72194e-08|
-1.07216/9.79364e-05/2.70704e-08|
-1.06723/9.96351e-05/2.68387e-08|
-1.06219/0.000101318/2.67062e-08|
-1.05704/0.000102996/2.64578e-08|
-1.05179/0.000104662/2.63089e-08|
-1.04643/0.000106317/2.60935e-08|
-1.04096/0.000107962/2.5895e-08|
-1.0354/0.000109595/2.56963e-08|
-1.02973/0.000111219/2.54974e-08|
-1.02395/0.00011283/2.52825e-08|
-1.01807/0.000114432/2.50836e-08|
-1.0121/0.000116019/2.48518e-08|
-1.00602/0.000117598/2.46696e-08|
-0.999838/0.000119164/2.4438e-08|
-0.993558/0.000120717/2.42061e-08|
-0.987179/0.000122259/2.40073e-08|
-0.980702/0.000123789/2.37592e-08|
-0.974126/0.000125306/2.35603e-08|
-0.967453/0.000126811/2.33287e-08|
-0.960683/0.000128302/2.30638e-08|
-0.953817/0.000129782/2.28814e-08|
-0.946856/0.000131248/2.26166e-08|
-0.9398/0.000132701/2.2385e-08|
-0.93265/0.000134141/2.21199e-08|
-0.925407/0.000135567/2.19212e-08|
-0.918072/0.00013698/2.16729e-08|
-0.910644/0.00013838/2.13916e-08|
-0.903126/0.000139764/2.11597e-08|
-0.895517/0.000141137/2.09278e-08|
-0.887819/0.000142494/2.06463e-08|
-0.880032/0.000143837/2.04146e-08|
-0.872157/0.000145164/2.01498e-08|
-0.864195/0.000146479/1.98682e-08|
-0.856147/0.00014778/1.96528e-08|
-0.848013/0.000149063/1.93715e-08|
-0.839794/0.000150333/1.90902e-08|
-0.831491/0.000151589/1.88581e-08|
-0.823105/0.000152827/1.85437e-08|
-0.814637/0.000154052/1.82954e-08|
-0.806087/0.000155261/1.80303e-08|
-0.797457/0.000156453/1.7749e-08|
-0.788747/0.000157632/1.74841e-08|
-0.779959/0.000158795/1.72025e-08|
-0.771092/0.00015994/1.6921e-08|
-0.762148/0.000161072/1.66231e-08|
-0.753128/0.000162184/1.63748e-08|
-0.744033/0.000163282/1.60767e-08|
-0.734863/0.000164364/1.57619e-08|
-0.72562/0.000165429/1.54973e-08|
-0.716304/0.000166478/1.52157e-08|
-0.706917/0.00016751/1.49509e-08|
-0.697459/0.000168525/1.46196e-08|
-0.687932/0.000169523/1.43053e-08|
-0.678335/0.000170505/1.40567e-08|
-0.668671/0.00017147/1.37339e-08|
-0.65894/0.000172415/1.34525e-08|
-0.649143/0.000173345/1.31544e-08|
-0.639281/0.000174258/1.28646e-08|
-0.629355/0.000175155/1.25336e-08|
-0.619367/0.000176032/1.2219e-08|
-0.609316/0.000176891/1.19622e-08|
-0.599205/0.000177734/1.16396e-08|
-0.589033/0.000178558/1.13e-08|
-0.578803/0.000179365/1.10434e-08|
-0.568515/0.000180155/1.07204e-08|
-0.55817/0.000180926/1.03813e-08|
-0.547769/0.000181678/1.00995e-08|
-0.537314/0.000182412/9.79344e-09|
-0.526804/0.000183129/9.46214e-09|
-0.516242/0.000183828/9.14782e-09|
-0.505629/0.000184506/8.83301e-09|
-0.494965/0.000185168/8.54343e-09|
-0.484251/0.000185812/8.19564e-09|
-0.473489/0.000186434/7.89757e-09|
-0.46268/0.00018704/7.57476e-09|
-0.451825/0.000187628/7.24782e-09|
-0.440924/0.000188196/6.94951e-09|
-0.429979/0.000188745/6.60633e-09|
-0.418991/0.000189275/6.2874e-09|
-0.407962/0.000189787/5.98108e-09|
-0.396891/0.000190279/5.66264e-09|
-0.385781/0.000190753/5.32285e-09|
-0.374633/0.000191207/4.99203e-09|
-0.363447/0.000191642/4.70221e-09|
-0.352224/0.000192059/4.3503e-09|
-0.340966/0.000192455/4.03985e-09|
-0.329675/0.000192833/3.68163e-09|
-0.31835/0.000193192/3.45438e-09|
-0.306994/0.000193531/2.96568e-09|
-0.295606/0.000193851/2.80852e-09|
-0.28419/0.00019415/2.35935e-09|
-0.272744/0.000194432/2.10882e-09|
-0.261272/0.000194693/1.75302e-09|
-0.249773/0.000194936/1.40523e-09|
-0.23825/0.000195157/1.17046e-09|
-0.226703/0.000195364/6.82242e-10|
-0.215133/0.000195542/5.07619e-10|
-0.203541/0.00019571/9.72553e-11|
-0.191929/0.000195852/-2.14641e-10|
-0.180298/0.000195978/-5.06649e-10|
-0.168649/0.000196084/-8.98096e-10|
-0.156983/0.000196168/-1.16925e-09|
-0.145302/0.000196238/-1.48308e-09|
-0.133606/0.000196279/-1.87186e-09|
-0.121896/0.00019631/-2.18546e-09|
-0.110174/0.000196315/-2.45879e-09|
-0.0984418/0.000196303/-2.84563e-09|
-0.0866992/0.000196272/-3.16019e-09|
-0.0749481/0.000196218/-3.43571e-09|
-0.0631894/0.000196148/-3.82036e-09|
-0.0514243/0.000196059/-4.0937e-09|
-0.0396543/0.000195947/-4.45386e-09|
-0.02788/0.000195816/-4.79316e-09|
-0.0161032/0.000195668/-5.07474e-09|
-0.00432464/0.000195497/-5.41816e-09|
0.00745428/0.000195308/-5.73709e-09|
0.0192324/0.000195102/-6.04729e-09|
0.0310088/0.000194872/-6.3992e-09|
0.0427819/0.000194627/-6.70552e-09|
0.0545507/0.00019436/-6.99122e-09|
0.0663143/0.000194072/-7.36763e-09|
0.0780711/0.000193767/-7.64097e-09|
0.08982/0.000193442/-7.96402e-09|
0.10156/0.000193098/-8.31157e-09|
0.11329/0.000192735/-8.61764e-09|
0.125008/0.000192351/-8.89122e-09|
0.136715/0.000191949/-9.29649e-09|
0.148407/0.00019153/-9.50361e-09|
0.160084/0.000191088/-9.88463e-09|
0.171746/0.000190629/-1.01327e-08|
0.18339/0.000190151/-1.05383e-08|
0.195016/0.000189653/-1.07621e-08|
0.206623/0.000189135/-1.11179e-08|
0.218209/0.000188602/-1.13992e-08|
0.229773/0.000188044/-1.1739e-08|
0.241314/0.000187474/-1.20119e-08|
0.252831/0.000186881/-1.22852e-08|
0.264323/0.000186273/-1.26907e-08|
0.275788/0.000185641/-1.29061e-08|
0.287226/0.000184995/-1.32207e-08|
0.298635/0.000184328/-1.35022e-08|
0.310014/0.000183644/-1.38413e-08|
0.321362/0.00018294/-1.40984e-08|
0.332678/0.000182219/-1.44707e-08|
0.343961/0.000181482/-1.46528e-08|
0.355209/0.00018072/-1.50336e-08|
0.366422/0.000179946/-1.52487e-08|
0.377599/0.000179153/-1.55967e-08|
0.388737/0.000178343/-1.58946e-08|
0.399837/0.000177512/-1.60932e-08|
0.410896/0.000176666/-1.6474e-08|
0.421915/0.000175798/-1.67058e-08|
0.432891/0.000174919/-1.69542e-08|
0.443825/0.000174017/-1.73185e-08|
0.454713/0.000173102/-1.75338e-08|
0.465557/0.000172166/-1.77655e-08|
0.476353/0.000171212/-1.8196e-08|
0.487103/0.000170247/-1.83284e-08|
0.497803/0.000169258/-1.86594e-08|
0.508454/0.000168256/-1.88583e-08|
0.519054/0.000167239/-1.92226e-08|
0.529602/0.0001662/-1.94045e-08|
0.540097/0.000165148/-1.96696e-08|
0.550538/0.000164082/-2.00504e-08|
0.560924/0.00016299/-2.01331e-08|
0.571254/0.00016189/-2.05141e-08|
0.581527/0.000160771/-2.07125e-08|
0.591741/0.000159639/-2.0994e-08|
0.601897/0.000158486/-2.12259e-08|
0.611992/0.000157321/-2.14908e-08|
0.622027/0.000156141/-2.17393e-08|
0.631999/0.000154938/-2.19045e-08|
0.641907/0.00015373/-2.22525e-08|
0.651752/0.000152499/-2.2418e-08|
0.661532/0.000151257/-2.2716e-08|
0.671245/0.000149997/-2.28982e-08|
0.680891/0.000148724/-2.3163e-08|
0.69047/0.000147434/-2.33452e-08|
0.699979/0.00014613/-2.36265e-08|
0.709418/0.000144815/-2.38419e-08|
0.718787/0.00014348/-2.4024e-08|
0.728083/0.000142135/-2.43221e-08|
0.737307/0.000140772/-2.45207e-08|
0.746457/0.000139398/-2.47358e-08|
0.755532/0.000138009/-2.47361e-08|
0.764532/0.000136608/-2.53485e-08|
0.773455/0.00013519/-2.5216e-08|
0.782301/0.00013376/-2.55472e-08|
0.791069/0.000132318/-2.5779e-08|
0.799758/0.000130859/-2.59943e-08|
0.808367/0.000129388/-2.61266e-08|
0.816895/0.000127904/-2.62592e-08|
0.825341/0.000126419/-2.66731e-08|
0.833705/0.000124899/-2.66566e-08|
0.841986/0.000123386/-2.68717e-08|
0.850182/0.000121853/-2.71202e-08|
0.858294/0.000120306/-2.7385e-08|
0.866319/0.000118746/-2.73519e-08|
0.874258/0.000117179/-2.76334e-08|
0.88211/0.000115603/-2.78983e-08|
0.889873/0.000114003/-2.78817e-08|
0.897547/0.000112403/-2.8246e-08|
0.905133/0.000110791/-2.8246e-08|
0.912627/0.000109164/-2.84777e-08|
0.92003/0.000107521/-2.86103e-08|
0.927341/0.00010588/-2.88089e-08|
0.934559/0.000104222/-2.90075e-08|
0.941684/0.000102548/-2.90408e-08|
0.948715/0.000100875/-2.92725e-08|
0.955651/9.91801e-05/-2.93387e-08|
0.962491/9.74854e-05/-2.95374e-08|
0.969235/9.57767e-05/-2.97361e-08|
0.975883/9.40601e-05/-2.98354e-08|
0.982433/9.23316e-05/-2.98354e-08|
0.988884/9.05911e-05/-3.01666e-08|
0.995237/8.88487e-05/-3.01335e-08|
1.00149/8.70923e-05/-3.02659e-08|
1.00764/8.5332e-05/-3.0597e-08|
1.0137/8.35598e-05/-3.04315e-08|
1.01965/8.17756e-05/-3.07626e-08|
1.0255/7.99855e-05/-3.07295e-08|
1.03124/7.81953e-05/-3.09614e-08|
1.03689/7.63853e-05/-3.09613e-08|
1.04243/7.45773e-05/-3.10937e-08|
1.04786/7.27614e-05/-3.12262e-08|
1.05319/7.09256e-05/-3.12924e-08|
1.05842/6.90997e-05/-3.14249e-08|
1.06354/6.72539e-05/-3.14911e-08|
1.06855/6.54101e-05/-3.15242e-08|
1.07346/6.35525e-05/-3.16567e-08|
1.07826/6.16948e-05/-3.18885e-08|
1.08295/5.98292e-05/-3.16898e-08|
1.08753/5.79556e-05/-3.18554e-08|
1.09201/5.6078e-05/-3.19216e-08|
1.09637/5.41925e-05/-3.22196e-08|
1.10063/5.23031e-05/-3.20209e-08|
1.10477/5.04116e-05/-3.20541e-08|
1.10881/4.85122e-05/-3.2319e-08|
1.11273/4.65989e-05/-3.22527e-08|
1.11655/4.46975e-05/-3.2319e-08|
1.12025/4.27862e-05/-3.2319e-08|
1.12384/4.08709e-05/-3.25177e-08|
1.12731/3.89377e-05/-3.23852e-08|
1.13068/3.70165e-05/-3.25177e-08|
1.13393/3.50932e-05/-3.25508e-08|
1.13707/3.31541e-05/-3.24845e-08|
1.14009/3.12189e-05/-3.26832e-08|
1.143/2.92798e-05/-3.26501e-08|
1.1458/2.73407e-05/-3.26501e-08|
1.14848/2.53896e-05/-3.25508e-08|
1.15105/2.34465e-05/-3.28157e-08|
1.1535/2.14954e-05/-3.24845e-08|
1.15584/1.95424e-05/-3.2915e-08|
1.15806/1.75933e-05/-3.26501e-08|
1.16016/1.56323e-05/-3.26832e-08|
1.16215/1.36733e-05/-3.27494e-08|
1.16403/1.17143e-05/-3.27163e-08|
1.16578/9.76125e-06/-3.26832e-08|
1.16742/7.79231e-06/-3.26501e-08|
1.16895/5.84324e-06/-3.26501e-08|
1.17035/3.86834e-06/-3.27826e-08|
1.17164/1.90934e-06/-3.2617e-08|
1.17282/-5.16574e-08/-3.25839e-08|
1.17387/-2.01662e-06/-3.25839e-08|
1.17481/-3.9796e-06/-3.25839e-08|
1.17563/-5.9406e-06/-3.25508e-08|
1.17633/-7.8996e-06/-3.25177e-08|
1.17692/-9.85861e-06/-3.24514e-08|
1.17739/-1.18256e-05/-3.23521e-08|
1.17774/-1.37826e-05/-3.2319e-08|
1.17797/-1.57376e-05/-3.24845e-08|
1.17808/-1.76926e-05/-3.22196e-08|
1.17808/-1.96477e-05/-3.21534e-08|
1.17796/-2.16007e-05/-3.21865e-08|
1.17772/-2.35518e-05/-3.20872e-08|
1.17736/-2.54989e-05/-3.19878e-08|
1.17689/-2.744e-05/-3.20209e-08|
1.1763/-2.93791e-05/-3.18885e-08|
1.17559/-3.13282e-05/-3.17891e-08|
1.17476/-3.32614e-05/-3.17229e-08|
1.17382/-3.51906e-05/-3.16898e-08|
1.17276/-3.71218e-05/-3.15904e-08|
1.17158/-3.9047e-05/-3.13918e-08|
1.17028/-4.09663e-05/-3.14249e-08|
1.16887/-4.28875e-05/-3.13255e-08|
1.16734/-4.48008e-05/-3.116e-08|
1.16569/-4.67082e-05/-3.116e-08|
1.16393/-4.86116e-05/-3.09944e-08|
1.16205/-5.0513e-05/-3.08288e-08|
1.16005/-5.24084e-05/-3.08288e-08|
1.15794/-5.42919e-05/-3.06633e-08|
1.15572/-5.61774e-05/-3.05639e-08|
1.15337/-5.80569e-05/-3.04647e-08|
1.15091/-5.99265e-05/-3.0299e-08|
1.14834/-6.17961e-05/-3.01334e-08|
1.14565/-6.36558e-05/-3.01004e-08|
1.14285/-6.55055e-05/-2.99679e-08|
1.13993/-6.73552e-05/-2.97361e-08|
1.1369/-6.9195e-05/-2.97361e-08|
1.13376/-7.10289e-05/-2.94711e-08|
1.1305/-7.28567e-05/-2.94382e-08|
1.12713/-7.46747e-05/-2.92062e-08|
1.12365/-7.64827e-05/-2.90739e-08|
1.12005/-7.82887e-05/-2.89744e-08|
1.11634/-8.00868e-05/-2.86765e-08|
1.11252/-8.1871e-05/-2.87758e-08|
1.10859/-8.36551e-05/-2.83784e-08|
1.10455/-8.54234e-05/-2.83122e-08|
1.1004/-8.71897e-05/-2.81467e-08|
1.09614/-8.8942e-05/-2.80141e-08|
1.09177/-9.06865e-05/-2.77659e-08|
1.08729/-9.24249e-05/-2.76665e-08|
1.0827/-9.41455e-05/-2.73519e-08|
1.078/-9.58721e-05/-2.7385e-08|
1.0732/-9.75748e-05/-2.69876e-08|
1.06828/-9.92735e-05/-2.70042e-08|
1.06326/-0.000100962/-2.65904e-08|
1.05814/-0.000102643/-2.66233e-08|
1.05291/-0.000104309/-2.63254e-08|
1.04757/-0.000105969/-2.61763e-08|
1.04213/-0.00010761/-2.5895e-08|
1.03658/-0.000109253/-2.55968e-08|
1.03094/-0.000110873/-2.56798e-08|
1.02518/-0.000112493/-2.53814e-08|
1.01933/-0.000114088/-2.50671e-08|
1.01337/-0.000115686/-2.49015e-08|
1.00732/-0.000117265/-2.47028e-08|
1.00116/-0.000118836/-2.4471e-08|
0.994898/-0.000120389/-2.43386e-08|
0.98854/-0.000121925/-2.39413e-08|
0.982083/-0.000123466/-2.38916e-08|
0.975528/-0.000124989/-2.35935e-08|
0.968876/-0.000126493/-2.32789e-08|
0.962126/-0.000127987/-2.32292e-08|
0.955281/-0.000129469/-2.28982e-08|
0.94834/-0.000130937/-2.26166e-08|
0.941304/-0.000132398/-2.24677e-08|
0.934174/-0.000133834/-2.22026e-08|
0.92695/-0.000135268/-2.1938e-08|
0.919635/-0.000136683/-2.17556e-08|
0.912227/-0.00013808/-2.14081e-08|
0.904727/-0.000139474/-2.12754e-08|
0.897138/-0.000140848/-2.08949e-08|
0.889459/-0.000142205/-2.07789e-08|
0.881691/-0.000143553/-2.03814e-08|
0.873834/-0.000144885/-2.02987e-08|
0.86589/-0.000146201/-1.98847e-08|
0.85786/-0.000147507/-1.96696e-08|
0.849744/-0.000148791/-1.94542e-08|
0.841543/-0.000150068/-1.91729e-08|
0.833258/-0.000151321/-1.88748e-08|
0.82489/-0.000152568/-1.85935e-08|
0.816439/-0.000153791/-1.83946e-08|
0.807907/-0.000155009/-1.80965e-08|
0.799294/-0.000156202/-1.77822e-08|
0.790601/-0.000157382/-1.75501e-08|
0.781829/-0.000158549/-1.72523e-08|
0.772978/-0.0001597/-1.69709e-08|
0.764051/-0.000160832/-1.66891e-08|
0.755047/-0.000161948/-1.6441e-08|
0.745967/-0.000163051/-1.61264e-08|
0.736813/-0.000164137/-1.58613e-08|
0.727586/-0.000165204/-1.55138e-08|
0.718285/-0.000166257/-1.53317e-08|
0.708913/-0.000167292/-1.49509e-08|
0.69947/-0.000168311/-1.46858e-08|
0.689957/-0.000169312/-1.44212e-08|
0.680375/-0.000170298/-1.40649e-08|
0.670725/-0.000171266/-1.38168e-08|
0.661008/-0.000172218/-1.35352e-08|
0.651225/-0.000173149/-1.31874e-08|
0.641377/-0.000174068/-1.29061e-08|
0.631465/-0.000174965/-1.26495e-08|
0.621489/-0.000175847/-1.22852e-08|
0.611452/-0.000176712/-1.20119e-08|
0.601353/-0.000177556/-1.16643e-08|
0.591195/-0.000178385/-1.14325e-08|
0.580977/-0.000179197/-1.10434e-08|
0.570701/-0.000179988/-1.08448e-08|
0.560368/-0.000180763/-1.04141e-08|
0.549979/-0.000181521/-1.01742e-08|
0.539535/-0.000182259/-9.84316e-09|
0.529037/-0.000182979/-9.55333e-09|
0.518486/-0.000183679/-9.20554e-09|
0.507883/-0.000184365/-8.89098e-09|
0.49723/-0.000185028/-8.62613e-09|
0.486527/-0.000185678/-8.22887e-09|
0.475775/-0.000186303/-7.99676e-09|
0.464976/-0.000186914/-7.64946e-09|
0.45413/-0.000187504/-7.29318e-09|
0.443239/-0.000188077/-7.02421e-09|
0.432303/-0.00018863/-6.66842e-09|
0.421324/-0.000189163/-6.36185e-09|
0.410304/-0.000189681/-6.04317e-09|
0.399242/-0.000190175/-5.73709e-09|
0.38814/-0.000190654/-5.38081e-09|
0.376999/-0.000191113/-5.11209e-09|
0.365821/-0.000191551/-4.72282e-09|
0.354606/-0.000191972/-4.40414e-09|
0.343356/-0.000192373/-4.13905e-09|
0.332071/-0.000192754/-3.77913e-09|
0.320754/-0.000193117/-3.43571e-09|
0.309404/-0.000193461/-3.1209e-09|
0.298023/-0.000193784/-2.81046e-09|
0.286612/-0.000194091/-2.49396e-09|
0.275173/-0.000194374/-2.14617e-09|
0.263706/-0.000194638/-1.79643e-09|
0.252213/-0.000194887/-1.52019e-09|
0.240695/-0.000195113/-1.16973e-09|
0.229153/-0.000195319/-8.19515e-10|
0.217587/-0.000195507/-5.46424e-10|
0.206/-0.000195675/-2.14398e-10|
0.194393/-0.000195825/2.14398e-10|
0.182766/-0.000195954/4.09879e-10|
0.17112/-0.000196062/7.80225e-10|
0.159458/-0.000196153/1.16973e-09|
0.14778/-0.000196223/1.42487e-09|
0.136086/-0.000196272/1.7552e-09|
0.12438/-0.000196305/2.10663e-09|
0.11266/-0.000196318/2.43817e-09|
0.10093/-0.000196305/2.74837e-09|
0.0891895/-0.00019628/3.02583e-09|
0.07744/-0.000196233/3.47063e-09|
0.0656827/-0.000196163/3.7088e-09|
0.053919/-0.000196078/4.03573e-09|
0.0421499/-0.000195972/4.36679e-09|
0.0303765/-0.000195846/4.74368e-09|
0.0186002/-0.0001957/4.99179e-09|
0.00682188/-0.000195535/5.36432e-09|
-0.00495719/-0.000195353/5.65415e-09|
-0.0167355/-0.000195145/5.98957e-09|
-0.0285123/-0.000194923/6.32062e-09|
-0.0402863/-0.00019468/6.63519e-09|
-0.0520561/-0.000194418/6.94126e-09|
-0.0638208/-0.000194134/7.29342e-09|
-0.0755791/-0.000193834/7.56651e-09|
-0.0873299/-0.000193512/7.92231e-09|
-0.0990719/-0.000193173/8.22887e-09|
-0.110804/-0.000192814/8.52669e-09|
-0.122525/-0.000192435/8.87449e-09|
-0.134234/-0.000192036/9.17256e-09|
-0.145929/-0.00019162/9.45389e-09|
-0.15761/-0.000191182/9.83491e-09|
-0.169275/-0.000190728/1.00995e-08|
-0.180923/-0.000190253/1.04143e-08|
-0.192553/-0.000189759/1.07122e-08|
-0.204164/-0.000189248/1.10602e-08|
-0.215754/-0.000188715/1.1333e-08|
-0.227323/-0.000188165/1.16643e-08|
-0.238869/-0.000187598/1.19374e-08|
-0.250391/-0.000187008/1.22605e-08|
-0.261889/-0.000186402/1.25748e-08|
-0.27336/-0.000185777/1.28646e-08|
-0.284803/-0.000185134/1.31712e-08|
-0.296219/-0.00018447/1.34605e-08|
-0.307604/-0.00018379/1.37506e-08|
-0.318959/-0.000183091/1.40402e-08|
-0.330282/-0.000182374/1.43712e-08|
-0.341572/-0.000181639/1.46363e-08|
-0.352828/-0.000180884/1.49509e-08|
-0.364048/-0.000180112/1.52322e-08|
-0.375232/-0.000179322/1.54808e-08|
-0.386379/-0.000178514/1.58284e-08|
-0.397487/-0.000177689/1.60932e-08|
-0.408555/-0.000176847/1.63416e-08|
-0.419582/-0.000175985/1.66729e-08|
-0.430568/-0.000175107/1.6921e-08|
-0.44151/-0.000174209/1.72358e-08|
-0.452409/-0.000173296/1.74674e-08|
-0.463262/-0.000172367/1.7782e-08|
-0.474068/-0.000171417/1.80306e-08|
-0.484828/-0.000170451/1.83119e-08|
-0.495539/-0.000169471/1.86097e-08|
-0.5062/-0.000168471/1.88253e-08|
-0.516811/-0.000167455/1.91232e-08|
-0.52737/-0.000166421/1.93715e-08|
-0.537876/-0.000165373/1.96693e-08|
-0.548329/-0.000164306/1.98682e-08|
-0.558727/-0.000163224/2.0183e-08|
-0.569069/-0.000162126/2.04144e-08|
-0.579354/-0.000161009/2.06795e-08|
-0.589581/-0.00015988/2.09446e-08|
-0.599749/-0.000158732/2.1143e-08|
-0.609857/-0.00015757/2.14413e-08|
-0.619905/-0.00015639/2.16729e-08|
-0.62989/-0.000155198/2.19045e-08|
-0.639812/-0.000153987/2.21698e-08|
-0.649671/-0.000152762/2.24012e-08|
-0.659464/-0.000151521/2.26001e-08|
-0.669192/-0.000150264/2.29147e-08|
-0.678852/-0.000148996/2.30638e-08|
-0.688445/-0.000147709/2.33452e-08|
-0.697969/-0.000146409/2.3577e-08|
-0.707423/-0.000145095/2.37589e-08|
-0.716806/-0.000143764/2.4024e-08|
-0.726118/-0.00014242/2.42226e-08|
-0.735357/-0.000141064/2.4471e-08|
-0.744523/-0.000139689/2.46366e-08|
-0.753614/-0.000138306/2.4885e-08|
-0.76263/-0.000136905/2.50836e-08|
-0.77157/-0.00013549/2.53155e-08|
-0.780433/-0.000134065/2.54809e-08|
-0.789217/-0.000132623/2.57294e-08|
-0.797923/-0.00013117/2.59115e-08|
-0.806549/-0.000129702/2.60935e-08|
-0.815094/-0.000128224/2.62923e-08|
-0.823558/-0.00012673/2.65241e-08|
-0.831939/-0.000125225/2.66731e-08|
-0.840237/-0.000123706/2.68718e-08|
-0.848452/-0.000122178/2.70704e-08|
-0.856581/-0.000120634/2.7236e-08|
-0.864625/-0.000119079/2.74016e-08|
-0.872582/-0.000117514/2.76334e-08|
-0.880453/-0.000115936/2.77658e-08|
-0.888235/-0.000114345/2.79148e-08|
-0.895928/-0.000112744/2.81467e-08|
-0.903532/-0.000111132/2.8246e-08|
-0.911045/-0.000109508/2.84777e-08|
-0.918468/-0.000107873/2.85772e-08|
-0.925798/-0.000106229/2.87758e-08|
-0.933037/-0.000104571/2.89082e-08|
-0.940181/-0.000102905/2.90738e-08|
-0.947232/-0.000101231/2.92063e-08|
-0.954188/-9.95417e-05/2.93387e-08|
-0.961049/-9.7847e-05/2.95375e-08|
-0.967814/-9.61383e-05/2.96367e-08|
-0.974481/-9.44237e-05/2.97692e-08|
-0.981052/-9.26971e-05/2.99016e-08|
-0.987524/-9.09626e-05/3.00673e-08|
-0.993898/-8.92182e-05/3.01335e-08|
-1.00017/-8.74658e-05/3.03321e-08|
-1.00635/-8.57055e-05/3.04315e-08|
-1.01242/-8.39333e-05/3.04977e-08|
-1.01839/-8.21551e-05/3.06964e-08|
-1.02426/-8.03689e-05/3.07295e-08|
-1.03003/-7.85748e-05/3.0895e-08|
-1.0357/-7.67708e-05/3.09614e-08|
-1.04126/-7.49628e-05/3.11268e-08|
-1.04672/-7.31428e-05/3.11268e-08|
-1.05207/-7.1317e-05/3.13255e-08|
-1.05732/-6.94871e-05/3.13918e-08|
-1.06246/-6.76453e-05/3.14249e-08|
-1.0675/-6.58015e-05/3.15904e-08|
-1.07243/-6.39478e-05/3.15904e-08|
-1.07725/-6.20902e-05/3.1756e-08|
-1.08196/-6.02225e-05/3.18222e-08|
-1.08657/-5.83549e-05/3.18554e-08|
-1.09107/-5.64754e-05/3.19547e-08|
-1.09546/-5.45919e-05/3.19878e-08|
-1.09973/-5.27064e-05/3.21203e-08|
-1.1039/-5.0811e-05/3.21203e-08|
-1.10796/-4.89155e-05/3.22196e-08|
-1.11191/-4.70102e-05/3.22527e-08|
-1.11575/-4.51008e-05/3.2319e-08|
-1.11947/-4.31895e-05/3.23521e-08|
-1.12309/-4.12722e-05/3.24183e-08|
-1.12659/-3.9353e-05/3.24514e-08|
-1.12998/-3.74258e-05/3.24845e-08|
-1.13325/-3.54985e-05/3.25177e-08|
-1.13641/-3.35654e-05/3.25508e-08|
-1.13946/-3.16302e-05/3.2617e-08|
-1.1424/-2.96911e-05/3.2617e-08|
-1.14522/-2.77499e-05/3.2617e-08|
-1.14792/-2.58048e-05/3.26832e-08|
-1.15052/-2.38578e-05/3.26832e-08|
-1.15299/-2.19087e-05/3.26501e-08|
-1.15535/-1.99576e-05/3.27494e-08|
-1.1576/-1.80046e-05/3.26832e-08|
-1.15973/-1.60476e-05/3.27163e-08|
-1.16174/-1.40905e-05/3.27163e-08|
-1.16364/-1.21335e-05/3.27163e-08|
-1.16542/-1.01725e-05/3.27163e-08|
-1.16709/-8.21153e-06/3.26501e-08|
-1.16863/-6.25253e-06/3.27163e-08|
-1.17007/-4.28756e-06/3.26501e-08|
-1.17138/-2.32657e-06/3.26832e-08|
-1.17258/-3.63588e-07/3.25839e-08|
-1.17366/1.59939e-06/3.26501e-08|
-1.17462/3.56237e-06/3.25177e-08|
-1.17547/5.52535e-06/3.25839e-08|
-1.17619/7.48436e-06/3.24514e-08|
-1.1768/9.44734e-06/3.25177e-08|
-1.1773/1.14063e-05/3.24183e-08|
-1.17767/1.33673e-05/3.23521e-08|
-1.17793/1.53224e-05/3.23521e-08|
-1.17807/1.72814e-05/3.22859e-08|
-1.17809/1.92324e-05/3.21865e-08|
-1.178/2.11875e-05/3.22196e-08|
-1.17778/2.31345e-05/3.20541e-08|
-1.17745/2.50856e-05/3.20872e-08|
-1.177/2.70307e-05/3.19547e-08|
-1.17643/2.89718e-05/3.18885e-08|
-1.17575/3.0913e-05/3.18554e-08|
-1.17495/3.28501e-05/3.17229e-08|
-1.17403/3.47813e-05/3.16898e-08|
-1.17299/3.67145e-05/3.15904e-08|
-1.17184/3.86377e-05/3.14911e-08|
-1.17057/4.05629e-05/3.14249e-08|
-1.16918/4.24802e-05/3.12924e-08|
-1.16767/4.43935e-05/3.12262e-08|
-1.16605/4.63049e-05/3.116e-08|
-1.16431/4.82082e-05/3.09945e-08|
-1.16246/5.01096e-05/3.09282e-08|
-1.16049/5.20051e-05/3.07957e-08|
-1.1584/5.38945e-05/3.06633e-08|
-1.1562/5.578e-05/3.06301e-08|
-1.15388/5.76576e-05/3.04316e-08|
-1.15145/5.95311e-05/3.03652e-08|
-1.1489/6.14007e-05/3.02328e-08|
-1.14623/6.32604e-05/3.00672e-08|
-1.14345/6.51161e-05/2.99679e-08|
-1.14056/6.69638e-05/2.98356e-08|
-1.13756/6.88036e-05/2.96698e-08|
-1.13444/7.06414e-05/2.95706e-08|
-1.1312/7.24673e-05/2.94049e-08|
-1.12785/7.42892e-05/2.92725e-08|
-1.1244/7.61032e-05/2.91401e-08|
-1.12082/7.79072e-05/2.89413e-08|
-1.11714/7.97053e-05/2.8842e-08|
-1.11334/8.14954e-05/2.86434e-08|
-1.10944/8.32756e-05/2.85108e-08|
-1.10542/8.50499e-05/2.83122e-08|
-1.10129/8.68142e-05/2.82129e-08|
-1.09705/8.85705e-05/2.80141e-08|
-1.0927/9.03189e-05/2.7799e-08|
-1.08825/9.20554e-05/2.7683e-08|
-1.08368/9.37859e-05/2.74678e-08|
-1.07901/9.55045e-05/2.73354e-08|
-1.07422/9.72152e-05/2.71367e-08|
-1.06933/9.89139e-05/2.69214e-08|
-1.06434/0.000100607/2.67393e-08|
-1.05923/0.000102288/2.66068e-08|
-1.05403/0.000103955/2.63586e-08|
-1.04871/0.000105616/2.61763e-08|
-1.04329/0.000107265/2.59777e-08|
-1.03777/0.000108905/2.5779e-08|
-1.03214/0.000110533/2.55969e-08|
-1.02641/0.000112148/2.5365e-08|
-1.02058/0.000113752/2.51666e-08|
-1.01464/0.000115349/2.4951e-08|
-1.00861/0.00011693/2.47691e-08|
-1.00247/0.000118501/2.45042e-08|
-0.996233/0.00012006/2.43221e-08|
-0.989896/0.000121606/2.40737e-08|
-0.98346/0.000123142/2.39081e-08|
-0.976926/0.000124664/2.361e-08|
-0.970294/0.000126174/2.34279e-08|
-0.963565/0.000127671/2.31797e-08|
-0.95674/0.000129157/2.29641e-08|
-0.949819/0.000130628/2.2716e-08|
-0.942803/0.000132087/2.24842e-08|
-0.935693/0.000133531/2.22361e-08|
-0.92849/0.000134966/2.20204e-08|
-0.921193/0.000136382/2.17558e-08|
-0.913805/0.000137788/2.15072e-08|
-0.906325/0.000139179/2.12921e-08|
-0.898754/0.000140557/2.10273e-08|
-0.891094/0.00014192/2.07457e-08|
-0.883345/0.000143269/2.04973e-08|
-0.875507/0.000144603/2.02822e-08|
-0.867582/0.000145924/2.00006e-08|
-0.85957/0.000147229/1.97191e-08|
-0.851472/0.00014852/1.95039e-08|
-0.843289/0.000149797/1.92061e-08|
-0.835022/0.000151059/1.89575e-08|
-0.826671/0.000152304/1.86762e-08|
-0.818238/0.000153534/1.84111e-08|
-0.809722/0.000154751/1.81465e-08|
-0.801126/0.000155951/1.78647e-08|
-0.79245/0.000157134/1.75836e-08|
-0.783695/0.000158304/1.73185e-08|
-0.774861/0.000159456/1.70534e-08|
-0.76595/0.000160594/1.67226e-08|
-0.756962/0.000161714/1.6507e-08|
-0.747898/0.000162819/1.61926e-08|
-0.73876/0.000163908/1.59111e-08|
-0.729548/0.00016498/1.56132e-08|
-0.720263/0.000166035/1.53317e-08|
-0.710906/0.000167074/1.50501e-08|
-0.701478/0.000168097/1.47358e-08|
-0.69198/0.0001691/1.44872e-08|
-0.682412/0.000170091/1.41314e-08|
-0.672777/0.000171062/1.3891e-08|
-0.663074/0.000172017/1.35767e-08|
-0.653305/0.000172954/1.32621e-08|
-0.64347/0.000173874/1.29806e-08|
-0.633572/0.000174777/1.2666e-08|
-0.623609/0.000175661/1.23927e-08|
-0.613585/0.00017653/1.20534e-08|
-0.603499/0.000177378/1.17803e-08|
-0.593353/0.000178211/1.14325e-08|
-0.583148/0.000179026/1.11594e-08|
-0.572884/0.000179822/1.08613e-08|
-0.562563/0.000180601/1.053e-08|
-0.552186/0.000181361/1.02074e-08|
-0.541753/0.000182104/9.92586e-09|
-0.531267/0.000182827/9.59456e-09|
-0.520727/0.000183534/9.28849e-09|
-0.510135/0.00018422/8.96543e-09|
-0.499493/0.00018489/8.6841e-09|
-0.4888/0.000185541/8.31157e-09|
-0.478058/0.000186173/8.03824e-09|
-0.467269/0.000186786/7.71567e-09|
-0.456433/0.000187381/7.38437e-09|
-0.445551/0.000187957/7.06981e-09|
-0.434625/0.000188514/6.755e-09|
-0.423656/0.000189052/6.43655e-09|
-0.412643/0.000189573/6.10526e-09|
-0.40159/0.000190072/5.79093e-09|
-0.390497/0.000190554/5.46376e-09|
-0.379364/0.000191017/5.14483e-09|
-0.368194/0.00019146/4.78515e-09|
-0.356987/0.000191884/4.5613e-09|
-0.345744/0.00019229/4.13517e-09|
-0.334467/0.000192676/3.84098e-09|
-0.323156/0.000193042/3.55358e-09|
-0.311813/0.00019339/3.17693e-09|
-0.300438/0.000193717/2.88904e-09|
-0.289034/0.000194026/2.51457e-09|
-0.277601/0.000194313/2.22281e-09|
-0.26614/0.000194587/1.91333e-09|
-0.254652/0.000194835/1.57913e-09|
-0.243139/0.000195065/1.1901e-09|
-0.231602/0.000195279/9.55576e-10|
-0.220041/0.000195469/5.8523e-10|
-0.208459/0.000195643/2.33801e-10|
-0.196855/0.000195793/-7.76102e-11|
-0.185232/0.000195927/-3.51186e-10|
-0.173591/0.000196042/-7.4142e-10|
-0.161932/0.000196136/-1.05259e-09|
-0.150257/0.000196208/-1.40523e-09|
-0.138567/0.000196265/-1.67735e-09|
-0.126863/0.0001963/-2.02926e-09|
-0.115146/0.000196314/-2.33874e-09|
-0.103418/0.00019631/-2.69235e-09|
-0.0916792/0.000196288/-3.00521e-09|
-0.0799316/0.000196244/-3.35276e-09|
-0.068176/0.000196181/-3.62998e-09|
-0.0564135/0.000196097/-4.01924e-09|
-0.0446453/0.000195996/-4.28821e-09|
-0.0328728/0.000195874/-4.60689e-09|
-0.0210969/0.000195734/-4.98791e-09|
-0.0093189/0.000195572/-5.27337e-09|
0.00245995/0.000195392/-5.61267e-09|
0.0142385/0.000195191/-5.89013e-09|
0.0260158/0.000194973/-6.28327e-09|
0.0377905/0.000194732/-6.55248e-09|
0.0495613/0.000194475/-6.86681e-09|
0.0613271/0.000194198/-7.22309e-09|
0.0730869/0.000193899/-7.51679e-09|
0.0848393/0.000193582/-7.81462e-09|
0.0965834/0.000193246/-8.17915e-09|
0.108318/0.000192892/-8.47722e-09|
0.120041/0.000192515/-8.80827e-09|
0.131753/0.000192122/-9.09786e-09|
0.143451/0.00019171/-9.39593e-09|
0.155135/0.000191277/-9.75221e-09|
0.166803/0.000190826/-1.00251e-08|
0.178455/0.000190357/-1.03399e-08|
0.190089/0.000189866/-1.07286e-08|
0.201704/0.000189357/-1.09275e-08|
0.213299/0.000188829/-1.12671e-08|
0.224872/0.000188283/-1.16311e-08|
0.236423/0.000187719/-1.18132e-08|
0.247951/0.000187134/-1.22522e-08|
0.259453/0.000186533/-1.24921e-08|
0.27093/0.000185912/-1.28231e-08|
0.282379/0.000185269/-1.30717e-08|
0.293801/0.000184613/-1.33863e-08|
0.305193/0.000183937/-1.37339e-08|
0.316554/0.000183239/-1.3949e-08|
0.327884/0.00018253/-1.43382e-08|
0.339181/0.000181795/-1.45701e-08|
0.350444/0.000181046/-1.4835e-08|
0.361672/0.000180276/-1.52157e-08|
0.372864/0.000179492/-1.54476e-08|
0.384019/0.000178689/-1.56792e-08|
0.395135/0.000177865/-1.60767e-08|
0.406212/0.000177028/-1.63086e-08|
0.417248/0.000176167/-1.66064e-08|
0.428242/0.000175293/-1.6855e-08|
0.439194/0.000174403/-1.71861e-08|
0.450102/0.00017349/-1.73847e-08|
0.460965/0.000172563/-1.7749e-08|
0.471781/0.000171623/-1.79309e-08|
0.482551/0.000170658/-1.83119e-08|
0.493272/0.00016968/-1.8494e-08|
0.503944/0.000168683/-1.88086e-08|
0.514566/0.000167672/-1.90569e-08|
0.525136/0.000166641/-1.93218e-08|
0.535653/0.000165598/-1.95869e-08|
0.546117/0.000164533/-1.98515e-08|
0.556527/0.000163457/-2.00836e-08|
0.566881/0.000162358/-2.04146e-08|
0.577178/0.000161248/-2.05965e-08|
0.587418/0.00016012/-2.08616e-08|
0.597598/0.000158977/-2.11597e-08|
0.607719/0.000157817/-2.13253e-08|
0.61778/0.000156642/-2.16232e-08|
0.627778/0.000155451/-2.18715e-08|
0.637714/0.000154246/-2.21366e-08|
0.647586/0.000153021/-2.23353e-08|
0.657393/0.000151785/-2.25669e-08|
0.667135/0.000150534/-2.28152e-08|
0.67681/0.000149264/-2.30473e-08|
0.686417/0.000147984/-2.33781e-08|
0.695955/0.000146687/-2.33949e-08|
0.705424/0.000145375/-2.38086e-08|
0.714823/0.000144047/-2.38586e-08|
0.72415/0.000142706/-2.42391e-08|
0.733405/0.000141352/-2.44545e-08|
0.742586/0.000139984/-2.45869e-08|
0.751693/0.000138601/-2.4885e-08|
0.760725/0.000137198/-2.4918e-08|
0.769681/0.000135794/-2.52823e-08|
0.77856/0.000134366/-2.55638e-08|
0.787361/0.000132934/-2.55803e-08|
0.796084/0.00013148/-2.59446e-08|
0.804727/0.000130013/-2.59446e-08|
0.813289/0.000128537/-2.63419e-08|
0.82177/0.000127044/-2.63916e-08|
0.830169/0.000125549/-2.68056e-08|
0.838485/0.000124032/-2.66895e-08|
0.846717/0.000122498/-2.70042e-08|
0.854865/0.000120964/-2.73354e-08|
0.862927/0.000119407/-2.72691e-08|
0.870903/0.00011785/-2.7534e-08|
0.878792/0.00011627/-2.79148e-08|
0.886592/0.000114686/-2.76831e-08|
0.894305/0.000113078/-2.82129e-08|
0.901927/0.000111477/-2.81798e-08|
0.90946/0.000109856/-2.84777e-08|
0.916902/0.000108216/-2.85439e-08|
0.924252/0.00010658/-2.86765e-08|
0.93151/0.000104928/-2.89746e-08|
0.938674/0.000103253/-2.89744e-08|
0.945745/0.000101592/-2.91732e-08|
0.952721/9.98994e-05/-2.9438e-08|
0.959603/9.82086e-05/-2.93056e-08|
0.966387/9.64999e-05/-2.97361e-08|
0.973076/9.47873e-05/-2.96698e-08|
0.979667/9.30667e-05/-2.99018e-08|
0.98616/9.13282e-05/-3.00672e-08|
0.992555/8.95898e-05/-3.01004e-08|
0.998851/8.78394e-05/-3.0299e-08|
1.00505/8.60731e-05/-3.03321e-08|
1.01114/8.43147e-05/-3.0597e-08|
1.01714/8.25306e-05/-3.05971e-08|
1.02303/8.07504e-05/-3.06964e-08|
1.02882/7.89563e-05/-3.09613e-08|
1.03451/7.71523e-05/-3.08288e-08|
1.04009/7.53462e-05/-3.11269e-08|
1.04557/7.35283e-05/-3.11268e-08|
1.05094/7.17084e-05/-3.13255e-08|
1.05621/6.98725e-05/-3.13918e-08|
1.06138/6.80367e-05/-3.12924e-08|
1.06644/6.61949e-05/-3.16567e-08|
1.07139/6.43373e-05/-3.16236e-08|
1.07623/6.24875e-05/-3.16898e-08|
1.08097/6.06199e-05/-3.17229e-08|
1.0856/5.87523e-05/-3.19216e-08|
1.09012/5.68728e-05/-3.19878e-08|
1.09453/5.49893e-05/-3.19216e-08|
1.09884/5.31117e-05/-3.20541e-08|
1.10303/5.12123e-05/-3.21865e-08|
1.10711/4.93149e-05/-3.21203e-08|
1.11108/4.74135e-05/-3.23521e-08|
1.11494/4.55101e-05/-3.22527e-08|
1.11869/4.35948e-05/-3.23521e-08|
1.12233/4.16756e-05/-3.23521e-08|
1.12585/3.97603e-05/-3.25177e-08|
1.12927/3.7837e-05/-3.24514e-08|
1.13257/3.59058e-05/-3.25508e-08|
1.13575/3.39786e-05/-3.24514e-08|
1.13883/3.20375e-05/-3.26832e-08|
1.14178/3.01023e-05/-3.25176e-08|
1.14463/2.81612e-05/-3.27163e-08|
1.14736/2.62201e-05/-3.26832e-08|
1.14998/2.4269e-05/-3.2617e-08|
1.15248/2.23219e-05/-3.26832e-08|
1.15486/2.03689e-05/-3.27163e-08|
1.15713/1.84218e-05/-3.27163e-08|
1.15929/1.64608e-05/-3.26501e-08|
1.16132/1.45098e-05/-3.28157e-08|
1.16325/1.25468e-05/-3.2617e-08|
1.16505/1.05858e-05/-3.27826e-08|
1.16674/8.62877e-06/-3.26832e-08|
1.16832/6.66777e-06/-3.26832e-08|
1.16977/4.70479e-06/-3.27163e-08|
1.17111/2.74181e-06/-3.25177e-08|
1.17233/7.82808e-07/-3.26832e-08|
1.17344/-1.18613e-06/-3.26501e-08|
1.17443/-3.14315e-06/-3.26501e-08|
1.1753/-5.1101e-06/-3.23521e-08|
1.17605/-7.0711e-06/-3.26832e-08|
1.17669/-9.03209e-06/-3.2319e-08|
1.1772/-1.09951e-05/-3.2617e-08|
1.1776/-1.29461e-05/-3.22196e-08|
1.17789/-1.49071e-05/-3.24514e-08|
1.17805/-1.68661e-05/-3.22527e-08|
1.1781/-1.88251e-05/-3.22527e-08|
1.17803/-2.07663e-05/-3.21534e-08|
1.17784/-2.27273e-05/-3.21534e-08|
1.17753/-2.46664e-05/-3.19878e-08|
1.17711/-2.66234e-05/-3.20872e-08|
1.17656/-2.85566e-05/-3.18554e-08|
1.1759/-3.05037e-05/-3.18222e-08|
1.17513/-3.24388e-05/-3.18222e-08|
1.17423/-3.4374e-05/-3.16567e-08|
1.17322/-3.63032e-05/-3.16236e-08|
1.17209/-3.82324e-05/-3.14911e-08|
1.17085/-4.01517e-05/-3.14911e-08|
1.16948/-4.20769e-05/-3.12262e-08|
1.168/-4.39882e-05/-3.13918e-08|
1.1664/-4.58976e-05/-3.10275e-08|
1.16469/-4.78069e-05/-3.10937e-08|
1.16286/-4.97063e-05/-3.09283e-08|
1.16091/-5.16037e-05/-3.08288e-08|
1.15885/-5.34932e-05/-3.07295e-08|
1.15667/-5.53827e-05/-3.06301e-08|
1.15438/-5.72562e-05/-3.04316e-08|
1.15197/-5.91397e-05/-3.03652e-08|
1.14945/-6.10014e-05/-3.03321e-08|
1.14681/-6.2867e-05/-3.0001e-08|
1.14405/-6.47227e-05/-3.01004e-08|
1.14119/-6.65724e-05/-2.98023e-08|
1.1382/-6.84162e-05/-2.96699e-08|
1.13511/-7.0254e-05/-2.96367e-08|
1.1319/-7.20799e-05/-2.95044e-08|
1.12857/-7.39018e-05/-2.92393e-08|
1.12514/-7.57217e-05/-2.92063e-08|
1.12159/-7.75218e-05/-2.89082e-08|
1.11793/-7.93278e-05/-2.88421e-08|
1.11416/-8.1116e-05/-2.87757e-08|
1.11027/-8.28962e-05/-2.8511e-08|
1.10628/-8.46744e-05/-2.83122e-08|
1.10218/-8.64446e-05/-2.83453e-08|
1.09796/-8.8199e-05/-2.78817e-08|
1.09364/-8.99514e-05/-2.80474e-08|
1.0892/-9.16858e-05/-2.75174e-08|
1.08466/-9.34164e-05/-2.76665e-08|
1.08001/-9.51429e-05/-2.73023e-08|
1.07525/-9.68536e-05/-2.71531e-08|
1.07038/-9.85523e-05/-2.70373e-08|
1.06541/-0.000100253/-2.67559e-08|
1.06033/-0.000101926/-2.65572e-08|
1.05514/-0.000103609/-2.64247e-08|
1.04985/-0.00010526/-2.63254e-08|
1.04445/-0.00010692/-2.58783e-08|
1.03895/-0.000108558/-2.59281e-08|
1.03334/-0.000110187/-2.56632e-08|
1.02764/-0.000111809/-2.52987e-08|
1.02182/-0.000113415/-2.52658e-08|
1.01591/-0.000115008/-2.49677e-08|
1.0099/-0.000116594/-2.48518e-08|
1.00378/-0.000118173/-2.45374e-08|
0.997564/-0.000119726/-2.4388e-08|
0.991248/-0.000121282/-2.41399e-08|
0.984833/-0.000122821/-2.38419e-08|
0.978319/-0.000124339/-2.37592e-08|
0.971708/-0.000125855/-2.34443e-08|
0.965/-0.000127353/-2.32127e-08|
0.958195/-0.000128844/-2.30473e-08|
0.951294/-0.000130317/-2.2749e-08|
0.944299/-0.00013178/-2.25504e-08|
0.937208/-0.000133228/-2.2269e-08|
0.930025/-0.000134659/-2.20869e-08|
0.922748/-0.000136084/-2.18053e-08|
0.915379/-0.000137491/-2.15735e-08|
0.907918/-0.000138884/-2.12921e-08|
0.900367/-0.000140267/-2.111e-08|
0.892726/-0.000141632/-2.07954e-08|
0.884995/-0.000142985/-2.05968e-08|
0.877176/-0.000144321/-2.02987e-08|
0.869269/-0.000145646/-2.00336e-08|
0.861276/-0.000146954/-1.98187e-08|
0.853196/-0.000148249/-1.95204e-08|
0.845031/-0.000149526/-1.92556e-08|
0.836782/-0.000150793/-1.90405e-08|
0.828448/-0.000152041/-1.87256e-08|
0.820032/-0.000153276/-1.8461e-08|
0.811535/-0.000154494/-1.82125e-08|
0.802956/-0.000155696/-1.78979e-08|
0.794296/-0.000156885/-1.76828e-08|
0.785558/-0.000158057/-1.74012e-08|
0.77674/-0.000159212/-1.70371e-08|
0.767845/-0.000160354/-1.68548e-08|
0.758874/-0.000161478/-1.65072e-08|
0.749826/-0.000162586/-1.63086e-08|
0.740704/-0.000163678/-1.59111e-08|
0.731507/-0.000164752/-1.56794e-08|
0.722238/-0.000165813/-1.54641e-08|
0.712896/-0.000166857/-1.50501e-08|
0.703483/-0.000167879/-1.48185e-08|
0.693999/-0.000168891/-1.45037e-08|
0.684447/-0.000169881/-1.42555e-08|
0.674825/-0.00017086/-1.39242e-08|
0.665137/-0.000171814/-1.36512e-08|
0.655381/-0.000172755/-1.33034e-08|
0.645561/-0.000173683/-1.30717e-08|
0.635676/-0.000174586/-1.27487e-08|
0.625727/-0.000175475/-1.24176e-08|
0.615715/-0.000176345/-1.21196e-08|
0.605643/-0.000177201/-1.1863e-08|
0.595509/-0.000178036/-1.14739e-08|
0.585316/-0.000178855/-1.12338e-08|
0.575065/-0.000179653/-1.09193e-08|
0.564756/-0.000180438/-1.0613e-08|
0.554391/-0.000181203/-1.03066e-08|
0.54397/-0.000181948/-9.93411e-09|
0.533494/-0.000182675/-9.68575e-09|
0.522966/-0.000183387/-9.32147e-09|
0.512385/-0.000184075/-9.08136e-09|
0.501753/-0.000184749/-8.70908e-09|
0.491071/-0.000185404/-8.42726e-09|
0.48034/-0.000186041/-8.07146e-09|
0.46956/-0.000186659/-7.79837e-09|
0.458734/-0.000187255/-7.41735e-09|
0.447862/-0.000187837/-7.17337e-09|
0.436945/-0.000188396/-6.8297e-09|
0.425985/-0.000188941/-6.47778e-09|
0.414982/-0.000189463/-6.16346e-09|
0.403937/-0.000189969/-5.88576e-09|
0.392852/-0.000190453/-5.50523e-09|
0.381728/-0.000190921/-5.22778e-09|
0.370565/-0.000191366/-4.91321e-09|
0.359366/-0.000191797/-4.52419e-09|
0.34813/-0.000192206/-4.25522e-09|
0.33686/-0.000192595/-3.94042e-09|
0.325557/-0.000192965/-3.54727e-09|
0.31422/-0.000193318/-3.31759e-09|
0.302852/-0.000193648/-2.92639e-09|
0.291454/-0.000193962/-2.57254e-09|
0.280027/-0.000194257/-2.34286e-09|
0.268572/-0.000194528/-1.91018e-09|
0.25709/-0.000194784/-1.67759e-09|
0.245582/-0.00019502/-1.28833e-09|
0.23405/-0.000195233/-1.01354e-09|
0.222494/-0.000195432/-6.2452e-10|
0.210916/-0.000195607/-3.11896e-10|
0.199317/-0.000195762/-5.84502e-11|
0.187698/-0.000195902/3.70346e-10|
0.17606/-0.000196017/6.63325e-10|
0.164405/-0.000196118/9.56303e-10|
0.152733/-0.000196195/1.30579e-09|
0.141046/-0.000196256/1.6206e-09|
0.129345/-0.000196293/1.96815e-09|
0.117631/-0.000196312/2.30333e-09|
0.105905/-0.000196315/2.6305e-09|
0.0941686/-0.000196293/2.88928e-09|
0.0824229/-0.000196253/3.2948e-09|
0.0706688/-0.000196196/3.60936e-09|
0.0589078/-0.000196118/3.88269e-09|
0.0471407/-0.00019602/4.23436e-09|
0.035369/-0.000195902/4.57803e-09|
0.0235937/-0.000195764/4.87998e-09|
0.0118161/-0.000195606/5.21128e-09|
3.73571e-05/-0.000195433/5.53409e-09|
-0.0117416/-0.000195235/5.85278e-09|
-0.0235192/-0.000195019/6.18408e-09|
-0.0352944/-0.000194786/6.49452e-09|
-0.0470661/-0.000194532/6.80884e-09|
-0.0588332/-0.000194257/7.15687e-09|
-0.0705944/-0.000193964/7.43385e-09|
-0.0823485/-0.000193652/7.78188e-09|
-0.0940944/-0.000193319/8.0962e-09|
-0.105831/-0.000192968/8.40252e-09|
-0.117557/-0.000192597/8.72557e-09|
-0.129271/-0.000192208/9.0234e-09|
-0.140972/-0.000191799/9.37119e-09|
-0.152659/-0.00019137/9.64452e-09|
-0.164331/-0.000190924/9.99183e-09|
-0.175986/-0.000190457/1.03066e-08|
-0.187624/-0.000189971/1.05635e-08|
-0.199243/-0.000189467/1.09275e-08|
-0.210843/-0.000188943/1.12089e-08|
-0.222421/-0.000188402/1.15154e-08|
-0.233976/-0.00018784/1.1838e-08|
-0.245509/-0.000187261/1.21281e-08|
-0.257017/-0.000186661/1.24259e-08|
-0.268499/-0.000186043/1.27404e-08|
-0.279954/-0.000185409/1.3055e-08|
-0.291382/-0.000184754/1.33118e-08|
-0.30278/-0.000184081/1.36344e-08|
-0.314148/-0.00018339/1.3941e-08|
-0.325485/-0.00018268/1.42388e-08|
-0.336789/-0.000181952/1.44872e-08|
-0.348059/-0.000181207/1.4835e-08|
-0.359295/-0.000180442/1.51e-08|
-0.370495/-0.000179659/1.53979e-08|
-0.381657/-0.00017886/1.56792e-08|
-0.392782/-0.000178042/1.59443e-08|
-0.403867/-0.000177206/1.62918e-08|
-0.414912/-0.000176351/1.64907e-08|
-0.425915/-0.000175482/1.68383e-08|
-0.436876/-0.000174592/1.71198e-08|
-0.447793/-0.000173686/1.7335e-08|
-0.458665/-0.000172762/1.76663e-08|
-0.469492/-0.000171821/1.79144e-08|
-0.480272/-0.000170865/1.8196e-08|
-0.491003/-0.000169887/1.84608e-08|
-0.501686/-0.000168898/1.87756e-08|
-0.512318/-0.000167887/1.8974e-08|
-0.522899/-0.00016686/1.92888e-08|
-0.533428/-0.00016582/1.95039e-08|
-0.543904/-0.00016476/1.98185e-08|
-0.554325/-0.000163685/2.00339e-08|
-0.56469/-0.000162594/2.03319e-08|
-0.575/-0.000161486/2.05471e-08|
-0.585252/-0.000160359/2.08449e-08|
-0.595445/-0.000159221/2.10438e-08|
-0.605579/-0.000158064/2.13418e-08|
-0.615652/-0.000156893/2.1557e-08|
-0.625664/-0.000155704/2.18053e-08|
-0.635613/-0.000154502/2.20539e-08|
-0.645498/-0.000153282/2.2302e-08|
-0.655319/-0.000152049/2.25504e-08|
-0.665075/-0.000150799/2.2749e-08|
-0.674764/-0.000149536/2.29976e-08|
-0.684386/-0.000148256/2.32622e-08|
-0.693939/-0.000146962/2.34446e-08|
-0.703423/-0.000145654/2.36762e-08|
-0.712836/-0.000144331/2.39413e-08|
-0.722179/-0.000142993/2.41232e-08|
-0.731449/-0.00014164/2.43553e-08|
-0.740646/-0.000140275/2.45702e-08|
-0.749769/-0.000138895/2.48023e-08|
-0.758817/-0.000137499/2.50009e-08|
-0.767789/-0.000136092/2.51828e-08|
-0.776684/-0.000134672/2.54314e-08|
-0.785502/-0.000133235/2.56299e-08|
-0.794241/-0.000131788/2.58122e-08|
-0.802901/-0.000130327/2.60273e-08|
-0.811481/-0.000128852/2.62426e-08|
-0.819979/-0.000127364/2.63917e-08|
-0.828395/-0.000125864/2.66068e-08|
-0.836729/-0.000124353/2.68055e-08|
-0.844979/-0.000122827/2.69711e-08|
-0.853145/-0.000121289/2.71698e-08|
-0.861225/-0.000119741/2.73354e-08|
-0.869219/-0.000118179/2.75505e-08|
-0.877126/-0.000116605/2.76665e-08|
-0.884946/-0.000115021/2.78817e-08|
-0.892677/-0.000113425/2.80474e-08|
-0.900319/-0.000111816/2.82129e-08|
-0.907871/-0.000110198/2.83784e-08|
-0.915332/-0.000108568/2.85439e-08|
-0.922701/-0.000106928/2.86434e-08|
-0.929979/-0.000105275/2.88751e-08|
-0.937163/-0.000103615/2.90408e-08|
-0.944254/-0.000101942/2.91069e-08|
-0.95125/-0.000100259/2.93056e-08|
-0.958152/-9.85662e-05/2.9438e-08|
-0.964957/-9.68635e-05/2.96037e-08|
-0.971666/-9.51509e-05/2.9703e-08|
-0.978278/-9.34323e-05/2.98685e-08|
-0.984792/-9.16998e-05/2.99679e-08|
-0.991208/-8.99573e-05/3.01666e-08|
-0.997524/-8.82109e-05/3.01997e-08|
-1.00374/-8.64526e-05/3.03652e-08|
-1.00986/-8.46863e-05/3.04977e-08|
-1.01587/-8.29101e-05/3.06302e-08|
-1.02179/-8.11279e-05/3.06633e-08|
-1.0276/-7.93358e-05/3.0895e-08|
-1.03331/-7.75377e-05/3.0895e-08|
-1.03891/-7.57277e-05/3.10606e-08|
-1.04442/-7.39157e-05/3.11269e-08|
-1.04981/-7.20938e-05/3.12593e-08|
-1.05511/-7.02639e-05/3.13255e-08|
-1.06029/-6.84261e-05/3.1458e-08|
-1.06537/-6.65863e-05/3.14911e-08|
-1.07035/-6.47326e-05/3.15904e-08|
-1.07522/-6.28789e-05/3.17229e-08|
-1.07998/-6.10153e-05/3.1756e-08|
-1.08463/-5.91477e-05/3.18554e-08|
-1.08917/-5.72721e-05/3.18885e-08|
-1.09361/-5.53926e-05/3.20209e-08|
-1.09793/-5.35051e-05/3.20209e-08|
-1.10215/-5.16156e-05/3.21534e-08|
-1.10625/-4.97202e-05/3.21534e-08|
-1.11025/-4.78168e-05/3.22527e-08|
-1.11413/-4.59115e-05/3.22527e-08|
-1.11791/-4.40001e-05/3.23852e-08|
-1.12157/-4.20868e-05/3.23521e-08|
-1.12512/-4.01656e-05/3.24514e-08|
-1.12855/-3.82443e-05/3.24845e-08|
-1.13188/-3.63151e-05/3.25176e-08|
-1.13509/-3.43859e-05/3.25508e-08|
-1.13818/-3.24508e-05/3.25508e-08|
-1.14117/-3.05156e-05/3.25839e-08|
-1.14404/-2.85725e-05/3.26832e-08|
-1.14679/-2.66314e-05/3.2617e-08|
-1.14943/-2.46843e-05/3.27163e-08|
-1.15196/-2.27352e-05/3.26501e-08|
-1.15437/-2.07841e-05/3.26832e-08|
-1.15666/-1.88311e-05/3.27494e-08|
-1.15884/-1.6878e-05/3.26832e-08|
-1.1609/-1.4923e-05/3.27163e-08|
-1.16285/-1.2962e-05/3.27163e-08|
-1.16468/-1.1005e-05/3.26832e-08|
-1.16639/-9.04202e-06/3.27494e-08|
-1.16799/-7.08302e-06/3.26501e-08|
-1.16947/-5.12203e-06/3.27163e-08|
-1.17084/-3.15706e-06/3.2617e-08|
-1.17208/-1.19607e-06/3.26501e-08|
-1.17321/7.66913e-07/3.25839e-08|
-1.17423/2.72989e-06/3.2617e-08|
-1.17512/4.69089e-06/3.25508e-08|
-1.1759/6.65585e-06/3.25176e-08|
-1.17656/8.61486e-06/3.24845e-08|
-1.1771/1.05778e-05/3.24514e-08|
-1.17753/1.25349e-05/3.23852e-08|
-1.17784/1.44939e-05/3.23521e-08|
-1.17802/1.64489e-05/3.23189e-08|
-1.1781/1.84059e-05/3.22196e-08|
-1.17805/2.0359e-05/3.21865e-08|
-1.17789/2.231e-05/3.21534e-08|
-1.17761/2.42591e-05/3.20872e-08|
-1.17721/2.62062e-05/3.19878e-08|
-1.17669/2.81493e-05/3.19216e-08|
-1.17605/3.00904e-05/3.18554e-08|
-1.1753/3.20295e-05/3.17891e-08|
-1.17443/3.39627e-05/3.16898e-08|
-1.17345/3.58939e-05/3.16567e-08|
-1.17234/3.78231e-05/3.15242e-08|
-1.17112/3.97483e-05/3.1458e-08|
-1.16978/4.16676e-05/3.13586e-08|
-1.16833/4.35829e-05/3.12593e-08|
-1.16675/4.54942e-05/3.116e-08|
-1.16506/4.74016e-05/3.10606e-08|
-1.16326/4.9303e-05/3.09945e-08|
-1.16134/5.12024e-05/3.07957e-08|
-1.1593/5.30938e-05/3.07957e-08|
-1.15715/5.49813e-05/3.0597e-08|
-1.15488/5.68628e-05/3.05309e-08|
-1.15249/5.87384e-05/3.03983e-08|
-1.14999/6.0608e-05/3.02328e-08|
-1.14738/6.24716e-05/3.01997e-08|
-1.14465/6.43313e-05/3.0001e-08|
-1.1418/6.6179e-05/2.98685e-08|
-1.13884/6.80268e-05/2.97692e-08|
-1.13577/6.98626e-05/2.95706e-08|
-1.13259/7.16945e-05/2.95374e-08|
-1.12929/7.35184e-05/2.93056e-08|
-1.12588/7.53323e-05/2.91401e-08|
-1.12235/7.71443e-05/2.91069e-08|
-1.11872/7.89444e-05/2.8842e-08|
-1.11497/8.07365e-05/2.87427e-08|
-1.11111/8.25226e-05/2.85441e-08|
-1.10714/8.42969e-05/2.84446e-08|
-1.10305/8.60691e-05/2.82129e-08|
-1.09886/8.78274e-05/2.81135e-08|
-1.09456/8.95758e-05/2.78652e-08|
-1.09015/9.13223e-05/2.77658e-08|
-1.08563/9.30528e-05/2.75671e-08|
-1.081/9.47773e-05/2.73685e-08|
-1.07626/9.649e-05/2.72029e-08|
-1.07142/9.81967e-05/2.70373e-08|
-1.06647/9.98894e-05/2.68387e-08|
-1.06141/0.000101576/2.66233e-08|
-1.05625/0.000103248/2.6491e-08|
-1.05098/0.000104914/2.62426e-08|
-1.0456/0.000106568/2.60439e-08|
-1.04012/0.00010821/2.58949e-08|
-1.03454/0.000109842/2.5663e-08|
-1.02885/0.000111465/2.54644e-08|
-1.02306/0.000113075/2.52493e-08|
-1.01717/0.000114672/2.50506e-08|
-1.01118/0.000116262/2.48353e-08|
-1.00508/0.000117836/2.46199e-08|
-0.99889/0.000119399/2.44048e-08|
-0.992595/0.000120953/2.41732e-08|
-0.986201/0.000122493/2.39908e-08|
-0.979709/0.00012402/2.37094e-08|
-0.973118/0.000125535/2.35273e-08|
-0.96643/0.000127038/2.32622e-08|
-0.959646/0.000128528/2.30803e-08|
-0.952765/0.000130006/2.28155e-08|
-0.94579/0.00013147/2.26001e-08|
-0.938719/0.00013292/2.23185e-08|
-0.931555/0.00013436/2.21199e-08|
-0.924298/0.000135782/2.18718e-08|
-0.916949/0.000137194/2.16232e-08|
-0.909508/0.00013859/2.13583e-08|
-0.901975/0.000139975/2.11265e-08|
-0.894353/0.000141343/2.08781e-08|
-0.886641/0.000142699/2.06465e-08|
-0.878841/0.000144039/2.03317e-08|
-0.870953/0.000145366/2.01333e-08|
-0.862978/0.000146678/1.9835e-08|
-0.854916/0.000147975/1.96034e-08|
-0.846769/0.000149257/1.93053e-08|
-0.838537/0.000150525/1.90734e-08|
-0.830222/0.000151777/1.87921e-08|
-0.821824/0.000153016/1.85602e-08|
-0.813343/0.000154236/1.82289e-08|
-0.804781/0.000155444/1.79643e-08|
-0.796139/0.000156634/1.77322e-08|
-0.787417/0.00015781/1.74344e-08|
-0.778616/0.000158969/1.71528e-08|
-0.769738/0.000160113/1.6888e-08|
-0.760782/0.000161241/1.65734e-08|
-0.751751/0.000162354/1.63416e-08|
-0.742644/0.000163448/1.60105e-08|
-0.733463/0.000164526/1.57457e-08|
-0.724209/0.00016559/1.54641e-08|
-0.714882/0.000166636/1.5166e-08|
-0.705484/0.000167665/1.48514e-08|
-0.696016/0.000168678/1.46033e-08|
-0.686477/0.000169673/1.42885e-08|
-0.676871/0.000170653/1.39822e-08|
-0.667196/0.000171614/1.37256e-08|
-0.657455/0.000172558/1.33778e-08|
-0.647648/0.000173486/1.31297e-08|
-0.637777/0.000174396/1.27737e-08|
-0.627841/0.000175287/1.25251e-08|
-0.617843/0.000176164/1.2186e-08|
-0.607783/0.000177021/1.18877e-08|
-0.597663/0.00017786/1.15731e-08|
-0.587482/0.000178683/1.13085e-08|
-0.577243/0.000179486/1.09687e-08|
-0.566946/0.000180274/1.06544e-08|
-0.556593/0.00018104/1.03811e-08|
-0.546183/0.000181792/1.00253e-08|
-0.53572/0.000182523/9.72699e-09|
-0.525202/0.000183236/9.44565e-09|
-0.514633/0.00018393/9.08985e-09|
-0.504011/0.000184609/8.77505e-09|
-0.49334/0.000185267/8.50196e-09|
-0.482619/0.000185906/8.16241e-09|
-0.47185/0.000186529/7.8316e-09|
-0.461033/0.000187131/7.53328e-09|
-0.450171/0.000187714/7.1981e-09|
-0.439263/0.000188281/6.88766e-09|
-0.428312/0.000188827/6.56898e-09|
-0.417318/0.000189353/6.2418e-09|
-0.406282/0.000189863/5.9316e-09|
-0.395205/0.000190353/5.6003e-09|
-0.384089/0.000190823/5.28162e-09|
-0.372935/0.000191275/4.93795e-09|
-0.361743/0.000191707/4.68159e-09|
-0.350515/0.00019212/4.28821e-09|
-0.339253/0.000192514/3.96127e-09|
-0.327956/0.000192889/3.68794e-09|
-0.316626/0.000193244/3.33215e-09|
-0.305265/0.00019358/2.9863e-09|
-0.293873/0.000193897/2.71126e-09|
-0.282452/0.000194194/2.322e-09|
-0.271003/0.000194475/2.08626e-09|
-0.259526/0.000194732/1.67735e-09|
-0.248024/0.00019497/1.36497e-09|
-0.236496/0.000195191/1.05453e-09|
-0.224946/0.000195391/7.59853e-10|
-0.213372/0.00019557/3.51429e-10|
-0.201778/0.000195733/1.169e-10|
-0.190163/0.000195872/-3.11896e-10|
-0.178529/0.000195997/-5.46424e-10|
-0.166877/0.000196098/-9.35931e-10|
-0.155209/0.00019618/-1.20975e-09|
-0.143525/0.000196243/-1.56142e-09|
-0.131827/0.000196288/-1.91018e-09|
-0.120115/0.00019631/-2.22281e-09|
-0.108392/0.000196317/-2.53737e-09|
-0.0966577/0.000196298/-2.84781e-09|
-0.0849138/0.000196265/-3.23489e-09|
-0.0731614/0.000196209/-3.47694e-09|
-0.0614016/0.000196136/-3.85771e-09|
-0.0496358/0.000196043/-4.21787e-09|
-0.037865/0.000195928/-4.44124e-09|
-0.0260904/0.000195795/-4.84288e-09|
-0.0143131/0.000195642/-5.14507e-09|
-0.00253452/0.000195472/-5.42641e-09|
0.00924447/0.000195277/-5.81155e-09|
0.0210223/0.000195069/-6.12199e-09|
0.0327982/0.000194837/-6.40333e-09|
0.0445708/0.000194584/-6.77998e-09|
0.056339/0.000194318/-7.03246e-09|
0.0681015/0.000194027/-7.40086e-09|
0.0798572/0.000193719/-7.73216e-09|
0.0916049/0.000193393/-7.997e-09|
0.103343/0.000193044/-8.34455e-09|
0.115072/0.000192677/-8.65936e-09|
0.126788/0.000192293/-8.98193e-09|
0.138493/0.000191886/-9.272e-09|
0.150183/0.000191464/-9.60281e-09|
0.161858/0.00019102/-9.90937e-09|
0.173517/0.000190556/-1.02239e-08|
0.185159/0.000190076/-1.053e-08|
0.196782/0.000189576/-1.08448e-08|
0.208385/0.000189056/-1.11509e-08|
0.219968/0.000188517/-1.1441e-08|
0.231528/0.000187961/-1.18132e-08|
0.243066/0.000187385/-1.20204e-08|
0.254579/0.00018679/-1.23597e-08|
0.266067/0.000186177/-1.26825e-08|
0.277528/0.000185545/-1.2997e-08|
0.288962/0.000184894/-1.32539e-08|
0.300366/0.000184225/-1.35849e-08|
0.311741/0.000183539/-1.38413e-08|
0.323084/0.00018283/-1.42058e-08|
0.334395/0.000182109/-1.44212e-08|
0.345673/0.000181367/-1.47685e-08|
0.356916/0.000180606/-1.50338e-08|
0.368123/0.000179826/-1.53149e-08|
0.379294/0.000179031/-1.56627e-08|
0.390427/0.000178216/-1.58451e-08|
0.40152/0.000177385/-1.62421e-08|
0.412574/0.000176533/-1.6441e-08|
0.423586/0.000175668/-1.67885e-08|
0.434556/0.000174782/-1.70039e-08|
0.445482/0.00017388/-1.73682e-08|
0.456364/0.000172961/-1.75503e-08|
0.467201/0.000172021/-1.78979e-08|
0.47799/0.00017107/-1.81133e-08|
0.488732/0.000170096/-1.84111e-08|
0.499425/0.000169109/-1.86432e-08|
0.510068/0.000168102/-1.89905e-08|
0.52066/0.000167082/-1.92061e-08|
0.5312/0.00016604/-1.95039e-08|
0.541687/0.000164987/-1.97026e-08|
0.55212/0.000163913/-2.00006e-08|
0.562498/0.000162826/-2.02657e-08|
0.572819/0.000161721/-2.04973e-08|
0.583083/0.000160603/-2.08119e-08|
0.593289/0.000159463/-2.09776e-08|
0.603435/0.000158311/-2.12756e-08|
0.613521/0.000157141/-2.15072e-08|
0.623546/0.000155959/-2.17888e-08|
0.633509/0.000154758/-2.2004e-08|
0.643408/0.000153543/-2.22193e-08|
0.653243/0.000152313/-2.24842e-08|
0.663012/0.000151064/-2.26995e-08|
0.672716/0.000149805/-2.29809e-08|
0.682352/0.000148529/-2.32457e-08|
0.69192/0.000147238/-2.33452e-08|
0.701418/0.000145931/-2.36267e-08|
0.710847/0.000144611/-2.39081e-08|
0.720204/0.000143278/-2.40405e-08|
0.72949/0.000141929/-2.43386e-08|
0.738702/0.000140567/-2.45372e-08|
0.747841/0.000139188/-2.47361e-08|
0.756905/0.000137793/-2.4918e-08|
0.765893/0.000136392/-2.51831e-08|
0.774805/0.000134975/-2.54974e-08|
0.783639/0.00013354/-2.53983e-08|
0.792395/0.000132098/-2.59446e-08|
0.801072/0.000130637/-2.57956e-08|
0.809668/0.000129165/-2.63254e-08|
0.818184/0.000127681/-2.63585e-08|
0.826618/0.000126186/-2.65075e-08|
0.834969/0.000124675/-2.6789e-08|
0.843237/0.000123145/-2.69214e-08|
0.85142/0.000121621/-2.71864e-08|
0.859519/0.000120065/-2.72029e-08|
0.867531/0.000118517/-2.75671e-08|
0.875457/0.000116937/-2.76831e-08|
0.883295/0.000115356/-2.77492e-08|
0.891045/0.000113765/-2.80474e-08|
0.898706/0.000112158/-2.82129e-08|
0.906277/0.000110543/-2.8246e-08|
0.913758/0.000108912/-2.86102e-08|
0.921147/0.000107279/-2.84777e-08|
0.928444/0.000105625/-2.90408e-08|
0.935648/0.000103964/-2.88751e-08|
0.942759/0.000102299/-2.9107e-08|
0.949775/0.000100617/-2.92725e-08|
0.956696/9.89238e-05/-2.9438e-08|
0.963522/9.72291e-05/-2.95043e-08|
0.970252/9.55125e-05/-2.9703e-08|
0.976884/9.38038e-05/-2.98023e-08|
0.983419/9.20614e-05/-3.00673e-08|
0.989856/9.03289e-05/-3.00672e-08|
0.996193/8.85824e-05/-3.01335e-08|
1.00243/8.68261e-05/-3.03652e-08|
1.00857/8.50598e-05/-3.05308e-08|
1.01461/8.32895e-05/-3.05971e-08|
1.02054/8.15074e-05/-3.06302e-08|
1.02638/7.97192e-05/-3.07295e-08|
1.03211/7.79152e-05/-3.09944e-08|
1.03773/7.61112e-05/-3.10275e-08|
1.04326/7.43031e-05/-3.116e-08|
1.04868/7.24812e-05/-3.11269e-08|
1.05399/7.06494e-05/-3.13586e-08|
1.0592/6.88136e-05/-3.14911e-08|
1.06431/6.69758e-05/-3.13586e-08|
1.0693/6.5132e-05/-3.17229e-08|
1.07419/6.32723e-05/-3.15573e-08|
1.07898/6.14107e-05/-3.18222e-08|
1.08365/5.95411e-05/-3.17891e-08|
1.08822/5.76735e-05/-3.19216e-08|
1.09268/5.57919e-05/-3.19878e-08|
1.09703/5.39025e-05/-3.20541e-08|
1.10126/5.20209e-05/-3.20541e-08|
1.10539/5.01176e-05/-3.21865e-08|
1.10941/4.82241e-05/-3.22527e-08|
1.11332/4.63148e-05/-3.22196e-08|
1.11712/4.44074e-05/-3.23852e-08|
1.1208/4.24922e-05/-3.23521e-08|
1.12437/4.05729e-05/-3.23852e-08|
1.12783/3.86496e-05/-3.24514e-08|
1.13118/3.67264e-05/-3.26501e-08|
1.13442/3.47952e-05/-3.24183e-08|
1.13754/3.286e-05/-3.26832e-08|
1.14054/3.09269e-05/-3.24514e-08|
1.14344/2.89838e-05/-3.27163e-08|
1.14622/2.70426e-05/-3.26501e-08|
1.14888/2.50995e-05/-3.2617e-08|
1.15143/2.31524e-05/-3.26501e-08|
1.15386/2.11934e-05/-3.28819e-08|
1.15618/1.92483e-05/-3.25177e-08|
1.15839/1.72873e-05/-3.28157e-08|
1.16047/1.53402e-05/-3.2617e-08|
1.16245/1.33773e-05/-3.28488e-08|
1.1643/1.14183e-05/-3.25176e-08|
1.16604/9.46124e-06/-3.2915e-08|
1.16766/7.50224e-06/-3.25176e-08|
1.16917/5.52932e-06/-3.28157e-08|
1.17056/3.57827e-06/-3.25839e-08|
1.17183/1.60933e-06/-3.2617e-08|
1.17298/-3.47694e-07/-3.2617e-08|
1.17402/-2.31862e-06/-3.26501e-08|
1.17494/-4.26968e-06/-3.25839e-08|
1.17575/-6.24458e-06/-3.24514e-08|
1.17643/-8.19564e-06/-3.25508e-08|
1.177/-1.01646e-05/-3.23852e-08|
1.17745/-1.21196e-05/-3.24514e-08|
1.17778/-1.40766e-05/-3.2319e-08|
1.17799/-1.60336e-05/-3.24183e-08|
1.17809/-1.79927e-05/-3.20872e-08|
1.17807/-1.99477e-05/-3.23521e-08|
1.17793/-2.18948e-05/-3.21203e-08|
1.17767/-2.38478e-05/-3.20209e-08|
1.1773/-2.57909e-05/-3.20872e-08|
1.17681/-2.7738e-05/-3.18554e-08|
1.1762/-2.96772e-05/-3.19878e-08|
1.17547/-3.16223e-05/-3.1756e-08|
1.17463/-3.35475e-05/-3.16567e-08|
1.17366/-3.54886e-05/-3.1756e-08|
1.17259/-3.74158e-05/-3.15242e-08|
1.17139/-3.93371e-05/-3.14249e-08|
1.17007/-4.12623e-05/-3.1458e-08|
1.16864/-4.31736e-05/-3.116e-08|
1.1671/-4.50929e-05/-3.12593e-08|
1.16543/-4.69983e-05/-3.10275e-08|
1.16365/-4.88977e-05/-3.10937e-08|
1.16175/-5.0803e-05/-3.0829e-08|
1.15974/-5.26945e-05/-3.06963e-08|
1.15761/-5.458e-05/-3.07626e-08|
1.15537/-5.64675e-05/-3.04978e-08|
1.15301/-5.83371e-05/-3.03983e-08|
1.15053/-6.02126e-05/-3.0299e-08|
1.14794/-6.20743e-05/-3.01666e-08|
1.14524/-6.39399e-05/-3.01003e-08|
1.14242/-6.57896e-05/-2.99016e-08|
1.13948/-6.76314e-05/-2.97361e-08|
1.13643/-6.94772e-05/-2.96368e-08|
1.13327/-7.1307e-05/-2.95705e-08|
1.13/-7.31309e-05/-2.93056e-08|
1.12661/-7.49489e-05/-2.92725e-08|
1.12311/-7.67589e-05/-2.90077e-08|
1.1195/-7.85649e-05/-2.89082e-08|
1.11577/-8.0359e-05/-2.88089e-08|
1.11193/-8.21431e-05/-2.85108e-08|
1.10799/-8.39214e-05/-2.85772e-08|
1.10393/-8.56956e-05/-2.81467e-08|
1.09976/-8.74539e-05/-2.82128e-08|
1.09548/-8.92103e-05/-2.79149e-08|
1.09109/-9.09507e-05/-2.77824e-08|
1.0866/-9.26852e-05/-2.76499e-08|
1.08199/-9.44138e-05/-2.73188e-08|
1.07728/-9.61244e-05/-2.72692e-08|
1.07246/-9.7839e-05/-2.70704e-08|
1.06753/-9.95278e-05/-2.69214e-08|
1.06249/-0.000101221/-2.66399e-08|
1.05735/-0.000102896/-2.64413e-08|
1.0521/-0.000104562/-2.64247e-08|
1.04675/-0.000106221/-2.60935e-08|
1.04129/-0.000107861/-2.57791e-08|
1.03573/-0.000109497/-2.58783e-08|
1.03007/-0.000111121/-2.53817e-08|
1.0243/-0.000112736/-2.54147e-08|
1.01843/-0.000114335/-2.49512e-08|
1.01246/-0.000115921/-2.49677e-08|
1.00639/-0.000117507/-2.46699e-08|
1.00021/-0.000119072/-2.44048e-08|
0.993938/-0.000120619/-2.43053e-08|
0.987565/-0.000122172/-2.38751e-08|
0.981093/-0.000123695/-2.39578e-08|
0.974523/-0.000125219/-2.34443e-08|
0.967856/-0.000126716/-2.33784e-08|
0.961092/-0.000128215/-2.30801e-08|
0.954232/-0.000129695/-2.28652e-08|
0.947277/-0.000131159/-2.26331e-08|
0.940226/-0.000132617/-2.2418e-08|
0.933082/-0.00013405/-2.21696e-08|
0.925845/-0.000135487/-2.18718e-08|
0.918514/-0.000136894/-2.17059e-08|
0.911093/-0.000138297/-2.14413e-08|
0.90358/-0.000139681/-2.11595e-08|
0.895977/-0.000141053/-2.09446e-08|
0.888284/-0.000142411/-2.0663e-08|
0.880502/-0.000143756/-2.04144e-08|
0.872633/-0.000145087/-2.01663e-08|
0.864675/-0.000146399/-1.99014e-08|
0.856632/-0.000147701/-1.96528e-08|
0.848503/-0.000148988/-1.94047e-08|
0.84029/-0.000150257/-1.90899e-08|
0.831992/-0.000151514/-1.88583e-08|
0.823611/-0.000152754/-1.861e-08|
0.815148/-0.000153979/-1.82457e-08|
0.806603/-0.000155189/-1.8113e-08|
0.797978/-0.000156383/-1.7716e-08|
0.789272/-0.000157562/-1.75336e-08|
0.780488/-0.000158726/-1.71861e-08|
0.771626/-0.000159872/-1.69872e-08|
0.762687/-0.000161003/-1.66066e-08|
0.753672/-0.00016212/-1.63581e-08|
0.744581/-0.000163214/-1.61264e-08|
0.735416/-0.000164301/-1.57951e-08|
0.726177/-0.000165364/-1.55305e-08|
0.716866/-0.000166416/-1.52157e-08|
0.707483/-0.000167447/-1.49341e-08|
0.698029/-0.000168467/-1.46363e-08|
0.688505/-0.000169463/-1.43547e-08|
0.678913/-0.000170444/-1.40734e-08|
0.669253/-0.000171412/-1.37836e-08|
0.659526/-0.00017236/-1.3411e-08|
0.649733/-0.000173292/-1.31874e-08|
0.639875/-0.000174205/-1.28731e-08|
0.629953/-0.000175101/-1.25665e-08|
0.619968/-0.000175979/-1.22437e-08|
0.609921/-0.00017684/-1.19871e-08|
0.599813/-0.000177684/-1.16146e-08|
0.589645/-0.000178511/-1.13912e-08|
0.579419/-0.000179316/-1.10102e-08|
0.569134/-0.000180107/-1.07206e-08|
0.558792/-0.00018088/-1.04556e-08|
0.548395/-0.000181634/-1.00998e-08|
0.537943/-0.000182368/-9.80168e-09|
0.527437/-0.000183088/-9.47039e-09|
0.516878/-0.000183784/-9.17256e-09|
0.506267/-0.000184468/-8.85799e-09|
0.495606/-0.000185129/-8.54319e-09|
0.484896/-0.000185772/-8.26185e-09|
0.474137/-0.000186399/-7.88932e-09|
0.46333/-0.000187005/-7.59974e-09|
0.452477/-0.000187593/-7.26019e-09|
0.441579/-0.000188161/-6.94563e-09|
0.430637/-0.000188712/-6.63082e-09|
0.419652/-0.000189243/-6.35797e-09|
0.408625/-0.000189756/-5.96871e-09|
0.397557/-0.000190252/-5.65827e-09|
0.386449/-0.000190725/-5.34371e-09|
0.375303/-0.000191181/-5.07062e-09|
0.364119/-0.000191617/-4.68135e-09|
0.352899/-0.000192033/-4.37115e-09|
0.341643/-0.000192431/-4.05635e-09|
0.330353/-0.000192813/-3.70249e-09|
0.319031/-0.000193171/-3.43765e-09|
0.307676/-0.00019351/-3.07943e-09|
0.296291/-0.000193831/-2.72994e-09|
0.284876/-0.000194135/-2.46073e-09|
0.273432/-0.000194416/-2.0654e-09|
0.261961/-0.000194678/-1.79449e-09|
0.250464/-0.000194922/-1.44452e-09|
0.238942/-0.000195144/-1.13044e-09|
0.227396/-0.00019535/-7.80225e-10|
0.215828/-0.000195535/-4.68572e-10|
0.204237/-0.000195699/-1.36303e-10|
0.192627/-0.000195846/1.55948e-10|
0.180997/-0.00019597/5.84987e-10|
0.169349/-0.000196078/7.8071e-10|
0.157684/-0.000196164/1.16973e-09|
0.146003/-0.000196232/1.54081e-09|
0.134308/-0.000196279/1.79546e-09|
0.122599/-0.000196307/2.12555e-09|
0.110878/-0.000196315/2.4959e-09|
0.0991462/-0.000196306/2.78984e-09|
0.0874043/-0.000196271/3.14176e-09|
0.0756536/-0.000196224/3.41048e-09|
0.0638953/-0.000196154/3.80605e-09|
0.0521307/-0.000196061/4.13517e-09|
0.0403608/-0.000195954/4.38764e-09|
0.0285869/-0.000195826/4.75993e-09|
0.0168101/-0.000195676/5.07474e-09|
0.00503169/-0.000195509/5.39755e-09|
-0.00674724/-0.000195321/5.71624e-09|
-0.0185256/-0.000195116/6.0308e-09|
-0.0303019/-0.000194888/6.37447e-09|
-0.0420753/-0.000194639/6.6723e-09|
-0.0538445/-0.000194376/7.00359e-09|
-0.0656082/-0.000194091/7.30991e-09|
-0.0773655/-0.000193786/7.64921e-09|
-0.089115/-0.000193462/7.98027e-09|
-0.100856/-0.000193119/8.2536e-09|
-0.112586/-0.000192757/8.57666e-09|
-0.124305/-0.000192375/8.91572e-09|
-0.136012/-0.000191975/9.20554e-09|
-0.147706/-0.000191554/9.55333e-09|
-0.159384/-0.000191116/9.83491e-09|
-0.171047/-0.000190657/1.01657e-08|
-0.182692/-0.000190178/1.04558e-08|
-0.194319/-0.000189683/1.07784e-08|
-0.205927/-0.000189168/1.10849e-08|
-0.217514/-0.000188633/1.1391e-08|
-0.229079/-0.000188081/1.17058e-08|
-0.240622/-0.000187508/1.19871e-08|
-0.25214/-0.000186918/1.23182e-08|
-0.263634/-0.000186308/1.25915e-08|
-0.275101/-0.00018568/1.29393e-08|
-0.28654/-0.000185034/1.31874e-08|
-0.297951/-0.000184369/1.35105e-08|
-0.309332/-0.000183685/1.38083e-08|
-0.320682/-0.000182983/1.41064e-08|
-0.332/-0.000182264/1.4388e-08|
-0.343285/-0.000181524/1.46858e-08|
-0.354535/-0.000180769/1.49676e-08|
-0.36575/-0.000179993/1.52984e-08|
-0.376929/-0.000179201/1.55635e-08|
-0.38807/-0.000178391/1.58116e-08|
-0.399172/-0.000177562/1.61762e-08|
-0.410234/-0.000176716/1.63581e-08|
-0.421255/-0.000175853/1.67226e-08|
-0.432234/-0.000174971/1.69872e-08|
-0.44317/-0.000174073/1.72358e-08|
-0.454061/-0.000173155/1.75668e-08|
-0.464907/-0.000172222/1.7782e-08|
-0.475707/-0.000171273/1.808e-08|
-0.486459/-0.000170302/1.83616e-08|
-0.497162/-0.000169321/1.86265e-08|
-0.507816/-0.000168318/1.88913e-08|
-0.518419/-0.000167298/1.91564e-08|
-0.52897/-0.000166264/1.94212e-08|
-0.539468/-0.00016521/1.96693e-08|
-0.549913/-0.000164143/1.99512e-08|
-0.560302/-0.000163058/2.02158e-08|
-0.570635/-0.000161957/2.04479e-08|
-0.580912/-0.000160839/2.07125e-08|
-0.59113/-0.000159706/2.09611e-08|
-0.601289/-0.000158556/2.12094e-08|
-0.611388/-0.000157391/2.1474e-08|
-0.621426/-0.000156211/2.17226e-08|
-0.631402/-0.000155014/2.19212e-08|
-0.641315/-0.000153801/2.22193e-08|
-0.651163/-0.000152574/2.2418e-08|
-0.660947/-0.000151331/2.26663e-08|
-0.670664/-0.000150074/2.29147e-08|
-0.680314/-0.000148801/2.313e-08|
-0.689897/-0.000147513/2.33781e-08|
-0.69941/-0.000146209/2.3577e-08|
-0.708854/-0.000144894/2.38419e-08|
-0.718226/-0.000143561/2.4024e-08|
-0.727527/-0.000142216/2.42724e-08|
-0.736755/-0.000140856/2.4471e-08|
-0.74591/-0.000139481/2.47028e-08|
-0.754989/-0.000138093/2.4918e-08|
-0.763994/-0.00013669/2.51004e-08|
-0.772922/-0.000135276/2.53485e-08|
-0.781773/-0.000133845/2.55306e-08|
-0.790545/-0.000132404/2.57625e-08|
-0.799239/-0.000130947/2.59115e-08|
-0.807853/-0.000129479/2.61266e-08|
-0.816385/-0.000127997/2.6342e-08|
-0.824837/-0.000126502/2.65571e-08|
-0.833206/-0.000124996/2.66732e-08|
-0.841491/-0.000123475/2.69048e-08|
-0.849693/-0.000121943/2.71202e-08|
-0.857809/-0.000120397/2.72526e-08|
-0.86584/-0.000118843/2.74512e-08|
-0.873784/-0.000117275/2.76169e-08|
-0.881641/-0.000115695/2.78155e-08|
-0.88941/-0.000114101/2.79479e-08|
-0.89709/-0.000112501/2.81467e-08|
-0.90468/-0.000110886/2.83122e-08|
-0.912179/-0.000109259/2.84446e-08|
-0.919588/-0.000107624/2.86433e-08|
-0.926904/-0.000105977/2.88089e-08|
-0.934128/-0.00010432/2.89083e-08|
-0.941259/-0.000102651/2.90738e-08|
-0.948295/-0.000100974/2.92725e-08|
-0.955237/-9.92854e-05/2.93387e-08|
-0.962083/-9.75867e-05/2.95375e-08|
-0.968833/-9.588e-05/2.97029e-08|
-0.975486/-9.41614e-05/2.97692e-08|
-0.982042/-9.24329e-05/2.99349e-08|
-0.988499/-9.06984e-05/3.00341e-08|
-0.994858/-8.8954e-05/3.02328e-08|
-1.00112/-8.71976e-05/3.0299e-08|
-1.00728/-8.54373e-05/3.04646e-08|
-1.01333/-8.36651e-05/3.05309e-08|
-1.01929/-8.18829e-05/3.06633e-08|
-1.02515/-8.00967e-05/3.07957e-08|
-1.0309/-7.83006e-05/3.0895e-08|
-1.03655/-7.64986e-05/3.09944e-08|
-1.0421/-7.46846e-05/3.10937e-08|
-1.04754/-7.28667e-05/3.11931e-08|
-1.05287/-7.10388e-05/3.13255e-08|
-1.05811/-6.9207e-05/3.13586e-08|
-1.06323/-6.73672e-05/3.15242e-08|
-1.06825/-6.55194e-05/3.15242e-08|
-1.07317/-6.36657e-05/3.16898e-08|
-1.07797/-6.1806e-05/3.16898e-08|
-1.08267/-5.99404e-05/3.18554e-08|
-1.08726/-5.80688e-05/3.18885e-08|
-1.09174/-5.61893e-05/3.19547e-08|
-1.09611/-5.43078e-05/3.19878e-08|
-1.10037/-5.24163e-05/3.21203e-08|
-1.10453/-5.05249e-05/3.21534e-08|
-1.10857/-4.86235e-05/3.22196e-08|
-1.1125/-4.67221e-05/3.22527e-08|
-1.11632/-4.48108e-05/3.23521e-08|
-1.12003/-4.28975e-05/3.2319e-08|
-1.12363/-4.09802e-05/3.24514e-08|
-1.12711/-3.90609e-05/3.24183e-08|
-1.13048/-3.71337e-05/3.25508e-08|
-1.13374/-3.52045e-05/3.24845e-08|
-1.13688/-3.32713e-05/3.25839e-08|
-1.13992/-3.13361e-05/3.2617e-08|
-1.14283/-2.9395e-05/3.25839e-08|
-1.14564/-2.74559e-05/3.26501e-08|
-1.14832/-2.55088e-05/3.26832e-08|
-1.1509/-2.35637e-05/3.26832e-08|
-1.15336/-2.16107e-05/3.26832e-08|
-1.1557/-1.96616e-05/3.26832e-08|
-1.15793/-1.77066e-05/3.27163e-08|
-1.16004/-1.57495e-05/3.27494e-08|
-1.16204/-1.37945e-05/3.26832e-08|
-1.16392/-1.18355e-05/3.27163e-08|
-1.16568/-9.8745e-06/3.26832e-08|
-1.16733/-7.91351e-06/3.27163e-08|
-1.16886/-5.95252e-06/3.26832e-08|
-1.17027/-3.99152e-06/3.26501e-08|
-1.17157/-2.02854e-06/3.26501e-08|
-1.17275/-6.35783e-08/3.2617e-08|
-1.17381/1.89741e-06/3.2617e-08|
-1.17476/3.86039e-06/3.25508e-08|
-1.17558/5.82139e-06/3.25508e-08|
-1.17629/7.78437e-06/3.25177e-08|
-1.17689/9.74536e-06/3.24183e-08|
-1.17736/1.17044e-05/3.24183e-08|
-1.17772/1.36634e-05/3.23852e-08|
-1.17796/1.56204e-05/3.2319e-08|
-1.17808/1.75774e-05/3.22859e-08|
-1.17808/1.95305e-05/3.21865e-08|
-1.17797/2.14835e-05/3.21865e-08|
-1.17774/2.34346e-05/3.20872e-08|
-1.17739/2.53797e-05/3.20209e-08|
-1.17692/2.73248e-05/3.19878e-08|
-1.17634/2.92679e-05/3.18554e-08|
-1.17564/3.1207e-05/3.18222e-08|
-1.17482/3.31442e-05/3.17891e-08|
-1.17388/3.50753e-05/3.16236e-08|
-1.17282/3.70065e-05/3.15573e-08|
-1.17165/3.89318e-05/3.15242e-08|
-1.17036/4.0853e-05/3.13586e-08|
-1.16896/4.27723e-05/3.13256e-08|
-1.16743/4.46836e-05/3.12262e-08|
-1.16579/4.6593e-05/3.10938e-08|
-1.16404/4.85003e-05/3.09944e-08|
-1.16217/5.03977e-05/3.0895e-08|
-1.16018/5.22912e-05/3.07957e-08|
-1.15807/5.41826e-05/3.06964e-08|
-1.15585/5.60641e-05/3.05309e-08|
-1.15352/5.79437e-05/3.04646e-08|
-1.15107/5.98172e-05/3.03321e-08|
-1.1485/6.16829e-05/3.01997e-08|
-1.14582/6.35425e-05/3.00672e-08|
-1.14302/6.53962e-05/2.99018e-08|
-1.14011/6.7244e-05/2.98685e-08|
-1.13709/6.90858e-05/2.96367e-08|
-1.13395/7.09176e-05/2.95375e-08|
-1.1307/7.27455e-05/2.94049e-08|
-1.12734/7.45654e-05/2.92394e-08|
-1.12386/7.63774e-05/2.91069e-08|
-1.12027/7.81814e-05/2.89415e-08|
-1.11657/7.99755e-05/2.87758e-08|
-1.11276/8.17676e-05/2.86764e-08|
-1.10883/8.35458e-05/2.84448e-08|
-1.1048/8.53181e-05/2.83453e-08|
-1.10065/8.70824e-05/2.81135e-08|
-1.0964/8.88368e-05/2.80143e-08|
-1.09203/9.05832e-05/2.77658e-08|
-1.08756/9.23196e-05/2.76831e-08|
-1.08298/9.40462e-05/2.74347e-08|
-1.07829/9.57668e-05/2.72857e-08|
-1.07349/9.74735e-05/2.712e-08|
-1.06858/9.91742e-05/2.68883e-08|
-1.06357/0.000100861/2.67394e-08|
-1.05845/0.000102542/2.65406e-08|
-1.05323/0.000104208/2.63254e-08|
-1.04789/0.000105869/2.61597e-08|
-1.04246/0.000107515/2.59611e-08|
-1.03692/0.000109152/2.57625e-08|
-1.03128/0.000110779/2.55142e-08|
-1.02553/0.000112393/2.5365e-08|
-1.01968/0.000113997/2.51498e-08|
-1.01373/0.000115589/2.49015e-08|
-1.00768/0.000117169/2.47028e-08|
-1.00153/0.000118738/2.45207e-08|
-0.995277/0.000120296/2.42724e-08|
-0.988924/0.000121842/2.4057e-08|
-0.982473/0.000123373/2.38419e-08|
-0.975924/0.000124895/2.35935e-08|
-0.969278/0.000126404/2.33784e-08|
-0.962534/0.000127898/2.3163e-08|
-0.955694/0.00012938/2.29312e-08|
-0.948759/0.000130851/2.26663e-08|
-0.941729/0.000132307/2.24512e-08|
-0.934604/0.000133751/2.22193e-08|
-0.927387/0.000135181/2.1971e-08|
-0.920076/0.000136597/2.17059e-08|
-0.912674/0.000138/2.1491e-08|
-0.90518/0.000139389/2.12424e-08|
-0.897596/0.000140765/2.09608e-08|
-0.889922/0.000142125/2.07127e-08|
-0.882159/0.000143472/2.05138e-08|
-0.874308/0.000144806/2.01995e-08|
-0.86637/0.000146124/1.99674e-08|
-0.858345/0.000147426/1.97028e-08|
-0.850234/0.000148716/1.94377e-08|
-0.842038/0.00014999/1.91726e-08|
-0.833758/0.000151248/1.88915e-08|
-0.825395/0.000152491/1.86927e-08|
-0.816949/0.000153721/1.83119e-08|
-0.808421/0.000154933/1.81297e-08|
-0.799813/0.000156131/1.78317e-08|
-0.791125/0.000157314/1.75336e-08|
-0.782357/0.00015848/1.72688e-08|
-0.773512/0.00015963/1.70371e-08|
-0.764589/0.000160764/1.66726e-08|
-0.755589/0.000161885/1.6441e-08|
-0.746514/0.000162984/1.61594e-08|
-0.737365/0.000164072/1.58616e-08|
-0.728142/0.000165142/1.55635e-08|
-0.718846/0.000166194/1.53149e-08|
-0.709478/0.00016723/1.50006e-08|
-0.700039/0.000168252/1.46858e-08|
-0.69053/0.000169252/1.44377e-08|
-0.680952/0.000170239/1.41064e-08|
-0.671307/0.000171208/1.38168e-08|
-0.661593/0.00017216/1.35352e-08|
-0.651814/0.000173094/1.32289e-08|
-0.64197/0.000174013/1.29473e-08|
-0.632062/0.000174913/1.25998e-08|
-0.62209/0.000175794/1.23349e-08|
-0.612056/0.00017666/1.20451e-08|
-0.601961/0.000177507/1.16891e-08|
-0.591806/0.000178336/1.14325e-08|
-0.581592/0.000179148/1.10932e-08|
-0.571319/0.000179941/1.07868e-08|
-0.560989/0.000180718/1.0497e-08|
-0.550604/0.000181474/1.01825e-08|
-0.540163/0.000182214/9.8679e-09|
-0.529668/0.000182937/9.5366e-09|
-0.519121/0.000183638/9.24701e-09|
-0.508521/0.000184324/8.93245e-09|
-0.497871/0.00018499/8.62613e-09|
-0.487171/0.000185637/8.26185e-09|
-0.476422/0.000186267/7.98876e-09|
-0.465625/0.000186878/7.65746e-09|
-0.454782/0.00018747/7.35114e-09|
-0.443894/0.000188042/7.01184e-09|
-0.432961/0.000188597/6.70552e-09|
-0.421985/0.000189133/6.3992e-09|
-0.410966/0.000189651/6.04341e-09|
-0.399907/0.000190146/5.73685e-09|
-0.388807/0.000190626/5.42229e-09|
-0.377669/0.000191085/5.12858e-09|
-0.366493/0.000191526/4.72282e-09|
-0.35528/0.000191947/4.44561e-09|
-0.344032/0.000192349/4.13493e-09|
-0.33275/0.000192733/3.80411e-09|
-0.321434/0.000193096/3.49343e-09|
-0.310086/0.00019344/3.13958e-09|
-0.298707/0.000193765/2.80634e-09|
-0.287298/0.000194073/2.51869e-09|
-0.275861/0.000194356/2.10493e-09|
-0.264395/0.000194623/1.91333e-09|
-0.252904/0.000194871/1.5003e-09|
-0.241387/0.000195099/1.19107e-09|
-0.229846/0.000195309/8.37705e-10|
-0.218282/0.000195497/5.66555e-10|
-0.206696/0.000195666/2.14156e-10|
-0.19509/0.000195817/-1.55948e-10|
-0.183464/0.000195943/-4.29039e-10|
-0.17182/0.000196058/-7.41663e-10|
-0.160158/0.000196148/-1.13093e-09|
-0.148481/0.000196219/-1.44452e-09|
-0.136789/0.00019627/-1.7147e-09|
-0.125083/0.000196304/-2.06758e-09|
-0.113364/0.000196317/-2.45879e-09|
-0.101634/0.000196307/-2.69235e-09|
-0.0898944/0.000196281/-3.08185e-09|
-0.0781454/0.000196237/-3.35276e-09|
-0.0663888/0.000196169/-3.70662e-09|
-0.0546253/0.000196082/-4.06047e-09|
-0.0428564/0.00019598/-4.36679e-09|
-0.0310833/0.000195856/-4.64012e-09|
-0.0193071/0.000195708/-5.03739e-09|
-0.00752885/0.000195546/-5.30248e-09|
0.00425014/0.000195362/-5.65415e-09|
0.0160286/0.00019516/-6.01018e-09|
0.0278055/0.000194938/-6.2418e-09|
0.0395797/0.000194694/-6.63519e-09|
0.0513498/0.000194432/-6.94151e-09|
0.0631148/0.000194154/-7.25607e-09|
0.0748736/0.000193852/-7.56651e-09|
0.0866249/0.000193534/-7.88083e-09|
0.0983674/0.000193194/-8.19564e-09|
0.1101/0.000192834/-8.53518e-09|
0.121822/0.000192459/-8.82477e-09|
0.133531/0.000192061/-9.16431e-09|
0.145228/0.000191645/-9.47863e-09|
0.156909/0.000191209/-9.75197e-09|
0.168575/0.000190755/-1.0108e-08|
0.180225/0.000190282/-1.04143e-08|
0.191856/0.000189791/-1.06874e-08|
0.203468/0.000189279/-1.10434e-08|
0.215059/0.000188749/-1.13165e-08|
0.226629/0.000188199/-1.16146e-08|
0.238177/0.00018763/-1.19459e-08|
0.249701/0.000187045/-1.22437e-08|
0.261199/0.000186439/-1.25665e-08|
0.272672/0.000185814/-1.27984e-08|
0.284117/0.000185173/-1.31794e-08|
0.295534/0.00018451/-1.34605e-08|
0.306922/0.000183831/-1.37259e-08|
0.318278/0.000183134/-1.40069e-08|
0.329603/0.000182418/-1.43715e-08|
0.340895/0.000181683/-1.46196e-08|
0.352153/0.000180929/-1.49012e-08|
0.363376/0.000180161/-1.5249e-08|
0.374562/0.00017937/-1.54473e-08|
0.385711/0.000178563/-1.58119e-08|
0.396821/0.000177739/-1.60602e-08|
0.407892/0.000176899/-1.63581e-08|
0.418922/0.000176036/-1.66396e-08|
0.42991/0.000175159/-1.69377e-08|
0.440855/0.000174265/-1.71363e-08|
0.451756/0.00017335/-1.75503e-08|
0.462611/0.000172423/-1.77157e-08|
0.473421/0.000171475/-1.80138e-08|
0.484183/0.000170511/-1.82954e-08|
0.494897/0.00016953/-1.85767e-08|
0.505561/0.000168531/-1.88251e-08|
0.516175/0.000167515/-1.91399e-08|
0.526738/0.000166487/-1.93383e-08|
0.537247/0.000165434/-1.95866e-08|
0.547703/0.000164371/-1.99677e-08|
0.558104/0.00016329/-2.00504e-08|
0.568449/0.000162192/-2.04809e-08|
0.578738/0.000161078/-2.06463e-08|
0.588969/0.000159948/-2.09113e-08|
0.59914/0.0001588/-2.11762e-08|
0.609252/0.000157639/-2.13418e-08|
0.619303/0.000156464/-2.17226e-08|
0.629292/0.000155266/-2.1888e-08|
0.639218/0.000154063/-2.21201e-08|
0.649081/0.000152834/-2.24012e-08|
0.658878/0.000151595/-2.26168e-08|
0.668609/0.000150341/-2.28649e-08|
0.678274/0.00014907/-2.30803e-08|
0.687871/0.00014779/-2.33452e-08|
0.697399/0.000146486/-2.34776e-08|
0.706857/0.000145173/-2.38086e-08|
0.716245/0.000143846/-2.40075e-08|
0.725561/0.000142502/-2.41729e-08|
0.734805/0.000141145/-2.45207e-08|
0.743975/0.000139773/-2.45869e-08|
0.753071/0.000138388/-2.48023e-08|
0.762091/0.000136987/-2.5249e-08|
0.771035/0.000135579/-2.51168e-08|
0.779903/0.00013415/-2.55968e-08|
0.788692/0.00013271/-2.56632e-08|
0.797402/0.000131259/-2.58784e-08|
0.806033/0.000129788/-2.61266e-08|
0.814583/0.000128313/-2.62923e-08|
0.823052/0.000126825/-2.65241e-08|
0.831438/0.00012531/-2.65737e-08|
0.839742/0.000123803/-2.68717e-08|
0.847961/0.000122267/-2.71202e-08|
0.856096/0.000120727/-2.72691e-08|
0.864145/0.000119175/-2.73023e-08|
0.872107/0.000117607/-2.76167e-08|
0.879983/0.000116029/-2.7799e-08|
0.88777/0.000114438/-2.79148e-08|
0.895469/0.000112844/-2.80803e-08|
0.903078/0.000111231/-2.82129e-08|
0.910597/0.000109604/-2.8511e-08|
0.918025/0.000107968/-2.86433e-08|
0.925361/0.00010633/-2.87096e-08|
0.932605/0.000104673/-2.88751e-08|
0.939755/0.000103005/-2.90739e-08|
0.946812/0.00010133/-2.91732e-08|
0.953773/9.96451e-05/-2.93718e-08|
0.96064/9.79523e-05/-2.94711e-08|
0.96741/9.62416e-05/-2.97361e-08|
0.974084/9.4523e-05/-2.97361e-08|
0.98066/9.28005e-05/-2.98354e-08|
0.987138/9.1068e-05/-3.01003e-08|
0.993518/8.93235e-05/-2.95706e-08|
0.999799/8.75731e-05/-3.03983e-08|
1.00598/8.58108e-05/-3.04646e-08|
1.01206/8.40425e-05/-3.04978e-08|
1.01804/8.22584e-05/-3.07295e-08|
1.02391/8.04742e-05/-3.07957e-08|
1.02969/7.86841e-05/-3.08288e-08|
1.03536/7.68781e-05/-3.09613e-08|
1.04093/7.51038e-05/-3.12924e-08|
1.04639/7.32799e-05/-3.10937e-08|
1.05175/7.14521e-05/-3.12262e-08|
1.05701/6.96222e-05/-3.14249e-08|
1.06215/6.77784e-05/-3.15573e-08|
1.0672/6.59307e-05/-3.15573e-08|
1.07213/6.4081e-05/-3.15904e-08|
1.07696/6.22233e-05/-3.17891e-08|
1.08168/6.03457e-05/-3.18554e-08|
1.0863/5.84801e-05/-3.18222e-08|
1.0908/5.66065e-05/-3.20872e-08|
1.0952/5.4721e-05/-3.19547e-08|
1.09949/5.28276e-05/-3.20872e-08|
1.10366/5.09342e-05/-3.21534e-08|
1.10773/4.90387e-05/-3.22527e-08|
1.11169/4.71314e-05/-3.23521e-08|
1.11553/4.52201e-05/-3.22859e-08|
1.11926/4.33107e-05/-3.23521e-08|
1.12288/4.13855e-05/-3.24514e-08|
1.12639/3.94682e-05/-3.24845e-08|
1.12979/3.7543e-05/-3.24845e-08|
1.13307/3.56138e-05/-3.25177e-08|
1.13624/3.36786e-05/-3.27163e-08|
1.1393/3.17375e-05/-3.24845e-08|
1.14224/2.98003e-05/-3.27163e-08|
1.14507/2.78592e-05/-3.26501e-08|
1.14778/2.59121e-05/-3.26501e-08|
1.15038/2.39631e-05/-3.27494e-08|
1.15286/2.2014e-05/-3.2617e-08|
1.15523/2.00629e-05/-3.28157e-08|
1.15748/1.80999e-05/-3.27163e-08|
1.15962/1.61509e-05/-3.27494e-08|
1.16164/1.41879e-05/-3.27494e-08|
1.16355/1.22289e-05/-3.26501e-08|
1.16533/1.02699e-05/-3.28157e-08|
1.16701/8.30491e-06/-3.26501e-08|
1.16856/6.34789e-06/-3.27826e-08|
1.17/4.37895e-06/-3.26501e-08|
1.17132/2.41597e-06/-3.27163e-08|
1.17252/4.51008e-07/-3.2617e-08|
1.17361/-1.51396e-06/-3.25839e-08|
1.17458/-3.47296e-06/-3.26832e-08|
1.17543/-5.4419e-06/-3.25508e-08|
1.17616/-7.40091e-06/-3.25177e-08|
1.17678/-9.36786e-06/-3.25508e-08|
1.17728/-1.13269e-05/-3.2319e-08|
1.17766/-1.32898e-05/-3.24183e-08|
1.17792/-1.52469e-05/-3.24846e-08|
1.17807/-1.72019e-05/-3.21865e-08|
1.17809/-1.91629e-05/-3.23852e-08|
1.178/-2.11159e-05/-3.20209e-08|
1.17779/-2.3067e-05/-3.22196e-08|
1.17747/-2.502e-05/-3.21534e-08|
1.17702/-2.69592e-05/-3.18554e-08|
1.17646/-2.89043e-05/-3.19878e-08|
1.17578/-3.08534e-05/-3.18222e-08|
1.17498/-3.27845e-05/-3.18885e-08|
1.17407/-3.47277e-05/-3.16236e-08|
1.17304/-3.66489e-05/-3.15573e-08|
1.17189/-3.85821e-05/-3.16567e-08|
1.17062/-4.05113e-05/-3.13255e-08|
1.16924/-4.24226e-05/-3.13918e-08|
1.16774/-4.43419e-05/-3.12262e-08|
1.16612/-4.62512e-05/-3.11269e-08|
1.16438/-4.81645e-05/-3.116e-08|
1.16253/-5.00619e-05/-3.08619e-08|
1.16057/-5.19554e-05/-3.09282e-08|
1.15848/-5.38548e-05/-3.06302e-08|
1.15628/-5.57343e-05/-3.05308e-08|
1.15397/-5.76178e-05/-3.05971e-08|
1.15154/-5.94914e-05/-3.03321e-08|
1.14899/-6.1359e-05/-3.02328e-08|
1.14633/-6.32286e-05/-3.01665e-08|
1.14356/-6.50803e-05/-3.00342e-08|
1.14067/-6.6936e-05/-2.97361e-08|
1.13766/-6.87738e-05/-2.98023e-08|
1.13454/-7.06057e-05/-2.95705e-08|
1.13131/-7.24415e-05/-2.93387e-08|
1.12797/-7.42614e-05/-2.94382e-08|
1.12451/-7.60754e-05/-2.90738e-08|
1.12094/-7.78854e-05/-2.90408e-08|
1.11726/-7.96874e-05/-2.88089e-08|
1.11347/-8.14716e-05/-2.87095e-08|
1.10956/-8.32597e-05/-2.8511e-08|
1.10555/-8.5034e-05/-2.84115e-08|
1.10142/-8.67943e-05/-2.80805e-08|
1.09718/-8.85606e-05/-2.81466e-08|
1.09284/-9.0305e-05/-2.77328e-08|
1.08838/-9.20475e-05/-2.78651e-08|
1.08382/-9.3776e-05/-2.74512e-08|
1.07914/-9.54986e-05/-2.73023e-08|
1.07436/-9.72092e-05/-2.71533e-08|
1.06947/-9.89139e-05/-2.68883e-08|
1.06448/-0.000100599/-2.69545e-08|
1.05938/-0.000102288/-2.6524e-08|
1.05417/-0.000103951/-2.63751e-08|
1.04886/-0.000105623/-2.61268e-08|
1.04344/-0.00010727/-2.6077e-08|
1.03791/-0.000108909/-2.58121e-08|
1.03229/-0.000110538/-2.5663e-08|
1.02656/-0.000112151/-2.5332e-08|
1.02073/-0.000113768/-2.51996e-08|
1.01479/-0.00011536/-2.49347e-08|
1.00875/-0.000116942/-2.48683e-08|
1.00262/-0.00011851/-2.4471e-08|
0.996381/-0.000120075/-2.43883e-08|
0.990043/-0.000121623/-2.4024e-08|
0.983607/-0.000123163/-2.40405e-08|
0.977072/-0.000124683/-2.34778e-08|
0.97044/-0.000126195/-2.35106e-08|
0.963711/-0.000127691/-2.32624e-08|
0.956885/-0.000129183/-2.29476e-08|
0.949963/-0.000130651/-2.27657e-08|
0.942947/-0.000132115/-2.24842e-08|
0.935836/-0.000133556/-2.22358e-08|
0.928632/-0.000134999/-2.20704e-08|
0.921334/-0.000136407/-2.17723e-08|
0.913945/-0.000137818/-2.14908e-08|
0.906464/-0.000139214/-2.13086e-08|
0.898892/-0.00014059/-2.111e-08|
0.89123/-0.000141956/-2.0696e-08|
0.883479/-0.000143305/-2.05306e-08|
0.87564/-0.00014464/-2.03317e-08|
0.867713/-0.000145964/-2.00006e-08|
0.8597/-0.00014727/-1.97525e-08|
0.8516/-0.00014856/-1.95369e-08|
0.843416/-0.000149838/-1.91894e-08|
0.835147/-0.000151105/-1.89578e-08|
0.826794/-0.000152346/-1.86927e-08|
0.818358/-0.000153578/-1.84443e-08|
0.809841/-0.000154798/-1.81627e-08|
0.801243/-0.000155998/-1.78814e-08|
0.792564/-0.000157183/-1.76001e-08|
0.783807/-0.000158356/-1.7335e-08|
0.77497/-0.000159507/-1.70701e-08|
0.766057/-0.000160644/-1.67885e-08|
0.757066/-0.000161766/-1.6408e-08|
0.748/-0.000162873/-1.62753e-08|
0.738859/-0.000163962/-1.59111e-08|
0.729645/-0.000165035/-1.5613e-08|
0.720357/-0.000166091/-1.53649e-08|
0.710997/-0.000167131/-1.50668e-08|
0.701566/-0.000168156/-1.47355e-08|
0.692065/-0.000169163/-1.44872e-08|
0.682494/-0.000170147/-1.41893e-08|
0.672855/-0.000171124/-1.38498e-08|
0.663149/-0.000172079/-1.36179e-08|
0.653377/-0.000173015/-1.32621e-08|
0.643539/-0.000173937/-1.29888e-08|
0.633637/-0.000174841/-1.26825e-08|
0.623672/-0.000175725/-1.24011e-08|
0.613644/-0.000176595/-1.20534e-08|
0.603555/-0.000177446/-1.17885e-08|
0.593405/-0.000178277/-1.14657e-08|
0.583196/-0.000179094/-1.11509e-08|
0.572928/-0.00017989/-1.08531e-08|
0.562604/-0.000180669/-1.05303e-08|
0.552223/-0.00018143/-1.02652e-08|
0.541787/-0.000182174/-9.90088e-09|
0.531296/-0.000182897/-9.60305e-09|
0.520753/-0.000183605/-9.28024e-09|
0.510157/-0.000184293/-8.97368e-09|
0.49951/-0.000184962/-8.70059e-09|
0.488814/-0.000185613/-8.3448e-09|
0.478068/-0.000186245/-7.99676e-09|
0.467275/-0.000186861/-7.73216e-09|
0.456434/-0.000187455/-7.40911e-09|
0.445549/-0.000188031/-7.01596e-09|
0.434618/-0.000188588/-6.79259e-09|
0.423644/-0.000189126/-6.47778e-09|
0.412628/-0.000189648/-6.04317e-09|
0.40157/-0.000190149/-5.81567e-09|
0.390473/-0.000190629/-5.49699e-09|
0.379336/-0.000191092/-5.11185e-09|
0.368161/-0.000191537/-4.83875e-09|
0.35695/-0.000191958/-4.44537e-09|
0.345702/-0.000192366/-4.21375e-09|
0.334421/-0.000192754/-3.8662e-09|
0.323105/-0.000193117/-3.5058e-09|
0.311758/-0.000193466/-3.19972e-09|
0.300379/-0.000193796/-2.84975e-09|
0.28897/-0.000194102/-2.57254e-09|
0.277532/-0.000194393/-2.18546e-09|
0.266067/-0.000194659/-1.91236e-09|
0.254574/-0.000194912/-1.56045e-09|
0.243057/-0.000195144/-1.20878e-09|
0.231515/-0.000195354/-9.36416e-10|
0.21995/-0.000195546/-5.84987e-10|
0.208363/-0.000195717/-2.53688e-10|
0.196755/-0.000195872/9.77404e-11|
0.185127/-0.000196003/3.70346e-10|
0.173481/-0.000196118/7.41178e-10|
0.161817/-0.000196211/1.03464e-09|
0.150138/-0.000196284/1.44258e-09|
0.138443/-0.00019634/1.65868e-09|
0.126734/-0.000196375/2.04697e-09|
0.115013/-0.00019639/2.34068e-09|
0.10328/-0.000196384/2.73188e-09|
0.0915373/-0.000196362/3.00303e-09|
0.079785/-0.000196318/3.35494e-09|
0.0680249/-0.000196256/3.62779e-09|
0.0562578/-0.000196169/4.01924e-09|
0.0444851/-0.00019607/4.30906e-09|
0.0327081/-0.000195947/4.644e-09|
0.0209277/-0.000195806/4.97554e-09|
0.00914518/-0.000195642/5.28162e-09|
-0.00263824/-0.000195462/5.62092e-09|
-0.0144213/-0.000195261/5.91075e-09|
-0.026203/-0.000195043/6.27503e-09|
-0.0379821/-0.000194802/6.58135e-09|
-0.0497574/-0.000194544/6.88354e-09|
-0.0615276/-0.000194265/7.23133e-09|
-0.0732918/-0.000193966/7.53328e-09|
-0.0850486/-0.00019365/7.8396e-09|
-0.096797/-0.000193312/8.19564e-09|
-0.108536/-0.000192958/8.46073e-09|
-0.120263/-0.000192581/8.84126e-09|
-0.131979/-0.000192186/9.08136e-09|
-0.143681/-0.000191773/9.47063e-09|
-0.15537/-0.000191339/9.72699e-09|
-0.167042/-0.000190887/1.00418e-08|
-0.178698/-0.000190417/1.04061e-08|
-0.190336/-0.000189925/1.06627e-08|
-0.201955/-0.000189418/1.1002e-08|
-0.213554/-0.000188887/1.12751e-08|
-0.225131/-0.000188342/1.16231e-08|
-0.236686/-0.000187774/1.18877e-08|
-0.248217/-0.00018719/1.22355e-08|
-0.259724/-0.000186588/1.24921e-08|
-0.271204/-0.000185964/1.28399e-08|
-0.282657/-0.000185324/1.3138e-08|
-0.294082/-0.000184664/1.33861e-08|
-0.305478/-0.000183987/1.37339e-08|
-0.316843/-0.00018329/1.39907e-08|
-0.328176/-0.000182576/1.43215e-08|
-0.339477/-0.000181842/1.46198e-08|
-0.350743/-0.000181093/1.49012e-08|
-0.361975/-0.000180322/1.51495e-08|
-0.37317/-0.000179534/1.54973e-08|
-0.384328/-0.000178731/1.57454e-08|
-0.395447/-0.000177907/1.60767e-08|
-0.406527/-0.000177068/1.63251e-08|
-0.417566/-0.000176208/1.66231e-08|
-0.428563/-0.000175331/1.68712e-08|
-0.439518/-0.000174437/1.72028e-08|
-0.450429/-0.000173528/1.74342e-08|
-0.461294/-0.000172598/1.7749e-08|
-0.472114/-0.000171653/1.79973e-08|
-0.482886/-0.000170689/1.82954e-08|
-0.493609/-0.000169709/1.8527e-08|
-0.504284/-0.000168712/1.88418e-08|
-0.514908/-0.0001677/1.90569e-08|
-0.52548/-0.000166667/1.93715e-08|
-0.536/-0.000165621/1.96199e-08|
-0.546466/-0.000164557/1.98515e-08|
-0.556878/-0.000163477/2.01498e-08|
-0.567234/-0.000162379/2.03979e-08|
-0.577533/-0.000161267/2.06133e-08|
-0.587775/-0.000160137/2.09278e-08|
-0.597957/-0.000158993/2.11432e-08|
-0.60808/-0.000157831/2.14081e-08|
-0.618142/-0.000156654/2.16397e-08|
-0.628142/-0.000155463/2.18883e-08|
-0.638079/-0.000154254/2.21199e-08|
-0.647953/-0.00015303/2.2385e-08|
-0.657761/-0.000151793/2.26331e-08|
-0.667504/-0.000150537/2.2832e-08|
-0.67718/-0.000149269/2.30636e-08|
-0.686788/-0.000147984/2.33287e-08|
-0.696328/-0.000146686/2.35273e-08|
-0.705798/-0.000145373/2.37921e-08|
-0.715197/-0.000144046/2.39743e-08|
-0.724525/-0.000142702/2.42226e-08|
-0.73378/-0.000141344/2.44215e-08|
-0.742962/-0.000139975/2.46199e-08|
-0.752069/-0.000138591/2.49182e-08|
-0.761101/-0.000137191/2.50339e-08|
-0.770058/-0.000135779/2.52987e-08|
-0.778937/-0.000134352/2.54976e-08|
-0.787738/-0.000132913/2.56796e-08|
-0.79646/-0.00013146/2.58949e-08|
-0.805103/-0.000129995/2.60936e-08|
-0.813665/-0.000128518/2.63088e-08|
-0.822146/-0.000127022/2.64579e-08|
-0.830544/-0.00012552/2.67062e-08|
-0.83886/-0.000124003/2.68552e-08|
-0.847091/-0.000122473/2.70538e-08|
-0.855238/-0.000120932/2.72195e-08|
-0.863299/-0.000119378/2.74181e-08|
-0.871274/-0.000117813/2.76003e-08|
-0.879161/-0.000116234/2.77493e-08|
-0.886961/-0.000114647/2.79645e-08|
-0.894672/-0.000113044/2.81136e-08|
-0.902294/-0.000111433/2.8246e-08|
-0.909825/-0.00010981/2.84446e-08|
-0.917265/-0.000108176/2.86102e-08|
-0.924613/-0.000106531/2.87427e-08|
-0.931869/-0.000104875/2.89415e-08|
-0.939032/-0.00010321/2.90407e-08|
-0.946101/-0.000101533/2.92063e-08|
-0.953075/-9.98457e-05/2.93718e-08|
-0.959953/-9.8151e-05/2.95043e-08|
-0.966736/-9.64443e-05/2.96368e-08|
-0.973422/-9.47277e-05/2.98023e-08|
-0.980011/-9.30031e-05/2.99016e-08|
-0.986501/-9.12666e-05/3.00342e-08|
-0.992893/-8.95242e-05/3.01997e-08|
-0.999186/-8.77718e-05/3.02658e-08|
-1.00538/-8.60095e-05/3.04647e-08|
-1.01147/-8.42392e-05/3.04977e-08|
-1.01746/-8.2461e-05/3.06964e-08|
-1.02335/-8.06729e-05/3.07626e-08|
-1.02914/-7.88788e-05/3.0895e-08|
-1.03482/-7.70768e-05/3.09945e-08|
-1.0404/-7.52648e-05/3.10606e-08|
-1.04588/-7.34488e-05/3.11931e-08|
-1.05125/-7.16209e-05/3.13255e-08|
-1.05651/-6.97911e-05/3.13918e-08|
-1.06167/-6.79493e-05/3.1458e-08|
-1.06673/-6.61035e-05/3.15573e-08|
-1.07168/-6.42498e-05/3.16898e-08|
-1.07652/-6.23902e-05/3.16898e-08|
-1.08125/-6.05265e-05/3.18554e-08|
-1.08587/-5.86549e-05/3.18554e-08|
-1.09039/-5.67754e-05/3.19878e-08|
-1.0948/-5.48919e-05/3.20209e-08|
-1.09909/-5.30044e-05/3.20872e-08|
-1.10328/-5.1111e-05/3.21865e-08|
-1.10736/-4.92096e-05/3.21865e-08|
-1.11133/-4.73082e-05/3.22859e-08|
-1.11518/-4.53969e-05/3.23521e-08|
-1.11892/-4.34856e-05/3.23521e-08|
-1.12256/-4.15663e-05/3.24514e-08|
-1.12607/-3.9645e-05/3.24514e-08|
-1.12948/-3.77198e-05/3.24845e-08|
-1.13277/-3.57886e-05/3.25839e-08|
-1.13595/-3.38574e-05/3.25839e-08|
-1.13902/-3.19203e-05/3.2617e-08|
-1.14197/-2.99791e-05/3.2617e-08|
-1.14481/-2.8038e-05/3.26832e-08|
-1.14754/-2.60909e-05/3.26501e-08|
-1.15015/-2.41439e-05/3.27163e-08|
-1.15264/-2.21948e-05/3.27163e-08|
-1.15502/-2.02398e-05/3.27163e-08|
-1.15728/-1.82847e-05/3.27494e-08|
-1.15943/-1.63277e-05/3.27494e-08|
-1.16146/-1.43707e-05/3.27163e-08|
-1.16338/-1.24097e-05/3.27163e-08|
-1.16517/-1.04507e-05/3.27826e-08|
-1.16686/-8.4877e-06/3.26832e-08|
-1.16842/-6.52472e-06/3.27163e-08|
-1.16987/-4.56174e-06/3.27163e-08|
-1.1712/-2.59678e-06/3.26501e-08|
-1.17242/-6.31809e-07/3.26832e-08|
-1.17351/1.33117e-06/3.25839e-08|
-1.17449/3.29415e-06/3.26501e-08|
-1.17536/5.2611e-06/3.25508e-08|
-1.1761/7.2221e-06/3.25177e-08|
-1.17673/9.18508e-06/3.24845e-08|
-1.17724/1.11481e-05/3.24845e-08|
-1.17763/1.31071e-05/3.23852e-08|
-1.1779/1.50681e-05/3.24183e-08|
-1.17806/1.70231e-05/3.22527e-08|
-1.1781/1.89821e-05/3.22859e-08|
-1.17802/2.09351e-05/3.21865e-08|
-1.17782/2.28862e-05/3.21534e-08|
-1.1775/2.48353e-05/3.20541e-08|
-1.17707/2.67843e-05/3.19878e-08|
-1.17652/2.87275e-05/3.19878e-08|
-1.17585/3.06725e-05/3.18222e-08|
-1.17506/3.26077e-05/3.18222e-08|
-1.17416/3.45449e-05/3.16898e-08|
-1.17314/3.64761e-05/3.15904e-08|
-1.172/3.84053e-05/3.15904e-08|
-1.17074/4.03285e-05/3.14249e-08|
-1.16937/4.22478e-05/3.13586e-08|
-1.16788/4.4167e-05/3.12262e-08|
-1.16627/4.60764e-05/3.11931e-08|
-1.16455/4.79857e-05/3.10607e-08|
-1.16271/4.98871e-05/3.09282e-08|
-1.16075/5.17825e-05/3.08619e-08|
-1.15868/5.3678e-05/3.07295e-08|
-1.15649/5.55635e-05/3.06302e-08|
-1.15419/5.7445e-05/3.04646e-08|
-1.15177/5.93185e-05/3.03983e-08|
-1.14923/6.11901e-05/3.02659e-08|
-1.14658/6.30538e-05/3.01335e-08|
-1.14382/6.49095e-05/3.0001e-08|
-1.14094/6.67612e-05/2.98685e-08|
-1.13794/6.86049e-05/2.9703e-08|
-1.13484/7.04428e-05/2.96368e-08|
-1.13162/7.22706e-05/2.94049e-08|
-1.12828/7.40945e-05/2.93718e-08|
-1.12484/7.59105e-05/2.9107e-08|
-1.12128/7.77185e-05/2.90407e-08|
-1.11761/7.95186e-05/2.8842e-08|
-1.11382/8.13107e-05/2.87096e-08|
-1.10993/8.30928e-05/2.85441e-08|
-1.10592/8.48711e-05/2.83453e-08|
-1.10181/8.66354e-05/2.82791e-08|
-1.09758/8.83977e-05/2.7981e-08|
-1.09324/9.01441e-05/2.79148e-08|
-1.0888/9.18865e-05/2.77162e-08|
-1.08424/9.3617e-05/2.75009e-08|
-1.07958/9.53396e-05/2.73684e-08|
-1.07481/9.70523e-05/2.71533e-08|
-1.06993/9.8753e-05/2.70042e-08|
-1.06494/0.00010045/2.6789e-08|
-1.05985/0.000102129/2.66068e-08|
-1.05465/0.000103803/2.64247e-08|
-1.04935/0.000105466/2.62095e-08|
-1.04394/0.000107117/2.60274e-08|
-1.03843/0.000108759/2.58452e-08|
-1.03281/0.000110388/2.55968e-08|
-1.02709/0.000112008/2.54314e-08|
-1.02127/0.000113615/2.51831e-08|
-1.01534/0.000115212/2.50174e-08|
-1.00932/0.000116797/2.4802e-08|
-1.00319/0.00011837/2.45537e-08|
-0.996959/0.000119932/2.43553e-08|
-0.990631/0.000121482/2.41564e-08|
-0.984204/0.000123018/2.38916e-08|
-0.977679/0.000124544/2.36762e-08|
-0.971056/0.000126055/2.34776e-08|
-0.964335/0.000127556/2.32127e-08|
-0.957518/0.000129044/2.29974e-08|
-0.950605/0.000130517/2.27657e-08|
-0.943598/0.000131979/2.25504e-08|
-0.936495/0.000133428/2.2269e-08|
-0.9293/0.000134861/2.20537e-08|
-0.922011/0.000136282/2.17888e-08|
-0.91463/0.000137691/2.15902e-08|
-0.907157/0.000139083/2.12589e-08|
-0.899594/0.000140463/2.111e-08|
-0.89194/0.000141829/2.07789e-08|
-0.884198/0.000143182/2.05968e-08|
-0.876367/0.000144518/2.02655e-08|
-0.868448/0.000145842/2.00339e-08|
-0.860442/0.000147149/1.98185e-08|
-0.85235/0.000148444/1.94874e-08|
-0.844174/0.00014972/1.92721e-08|
-0.835912/0.000150987/1.89907e-08|
-0.827567/0.000152233/1.87259e-08|
-0.819139/0.000153469/1.84443e-08|
-0.81063/0.000154685/1.81792e-08|
-0.802039/0.000155887/1.79311e-08|
-0.793368/0.000157076/1.76165e-08|
-0.784617/0.000158245/1.73682e-08|
-0.775788/0.000159402/1.70534e-08|
-0.766881/0.000160541/1.68053e-08|
-0.757898/0.000161665/1.65402e-08|
-0.748839/0.000162771/1.62091e-08|
-0.739705/0.000163862/1.5961e-08|
-0.730497/0.000164938/1.56627e-08|
-0.721216/0.000165995/1.53481e-08|
-0.711863/0.000167037/1.50998e-08|
-0.702438/0.00016806/1.4802e-08|
-0.692943/0.000169069/1.44872e-08|
-0.683379/0.000170061/1.42058e-08|
-0.673747/0.000171034/1.39078e-08|
-0.664047/0.000171991/1.35932e-08|
-0.654281/0.000172931/1.33531e-08|
-0.644449/0.000173852/1.29806e-08|
-0.634553/0.000174758/1.27404e-08|
-0.624593/0.000175646/1.23679e-08|
-0.614571/0.000176515/1.21281e-08|
-0.604487/0.000177368/1.18297e-08|
-0.594343/0.000178202/1.14575e-08|
-0.584139/0.000179018/1.12006e-08|
-0.573877/0.000179819/1.08696e-08|
-0.563558/0.000180598/1.05715e-08|
-0.553182/0.000181362/1.02737e-08|
-0.542751/0.000182104/9.9506e-09|
-0.532265/0.000182832/9.61954e-09|
-0.521727/0.000183542/9.31323e-09|
-0.511136/0.000184229/9.04013e-09|
-0.500494/0.000184901/8.65912e-09|
-0.489801/0.000185553/8.38603e-09|
-0.47906/0.000186188/8.07971e-09|
-0.468271/0.000186804/7.71567e-09|
-0.457435/0.000187401/7.45883e-09|
-0.446554/0.000187978/7.05719e-09|
-0.435627/0.000188537/6.8297e-09|
-0.424658/0.000189079/6.43655e-09|
-0.413645/0.000189599/6.14261e-09|
-0.402591/0.000190102/5.83216e-09|
-0.391497/0.000190587/5.48025e-09|
-0.380364/0.00019105/5.19067e-09|
-0.369193/0.000191497/4.8179e-09|
-0.357985/0.000191921/4.59865e-09|
-0.346741/0.000192331/4.1228e-09|
-0.335462/0.000192717/3.91568e-09|
-0.32415/0.000193085/3.57007e-09|
-0.312805/0.000193435/3.18105e-09|
-0.301429/0.000193764/2.92421e-09|
-0.290023/0.000194075/2.57666e-09|
-0.278588/0.000194365/2.24148e-09|
-0.267125/0.00019464/1.91236e-09|
-0.255635/0.000194888/1.57913e-09|
-0.24412/0.000195123/1.30797e-09|
-0.23258/0.000195337/9.16286e-10|
-0.221017/0.000195528/6.24035e-10|
-0.209432/0.000195703/2.73091e-10|
-0.197825/0.000195858/-3.88051e-11|
-0.1862/0.000195992/-3.51429e-10|
-0.174555/0.000196107/-7.4142e-10|
-0.162893/0.000196202/-1.01403e-09|
-0.151215/0.00019628/-1.32568e-09|
-0.139522/0.000196335/-1.67735e-09|
-0.127814/0.000196373/-2.02926e-09|
-0.116094/0.000196389/-2.34068e-09|
-0.104362/0.000196387/-2.6533e-09|
-0.0926201/0.000196366/-2.96568e-09|
-0.0808686/0.000196321/-3.31347e-09|
-0.069109/0.00019626/-3.66927e-09|
-0.0573426/0.000196181/-3.93654e-09|
-0.0455705/0.00019608/-4.29645e-09|
-0.0337937/0.000195958/-4.59865e-09|
-0.0220136/0.000195818/-4.95881e-09|
-0.0102312/0.000195659/-5.261e-09|
0.00155214/0.000195481/-5.58381e-09|
0.0133354/0.000195282/-5.88576e-09|
0.0251173/0.000195062/-6.20882e-09|
0.0368966/0.000194826/-6.58983e-09|
0.0486722/0.000194568/-6.82121e-09|
0.060443/0.000194292/-7.22309e-09|
0.0722079/0.000193994/-7.53328e-09|
0.0839654/0.000193679/-7.7569e-09|
0.0957144/0.000193344/-8.19564e-09|
0.107454/0.000192991/-8.41925e-09|
0.119183/0.000192618/-8.82477e-09|
0.1309/0.000192223/-9.04838e-09|
0.142603/0.000191813/-9.4374e-09|
0.154293/0.00019138/-9.71874e-09|
0.165967/0.000190928/-1.00253e-08|
0.177625/0.000190463/-1.03396e-08|
0.189264/0.000189971/-1.06047e-08|
0.200885/0.000189466/-1.1002e-08|
0.212486/0.000188936/-1.12753e-08|
0.224065/0.000188393/-1.15484e-08|
0.235622/0.000187827/-1.19042e-08|
0.247156/0.000187244/-1.22025e-08|
0.258664/0.000186643/-1.24838e-08|
0.270147/0.000186022/-1.27569e-08|
0.281603/0.000185386/-1.31132e-08|
0.293031/0.000184726/-1.33778e-08|
0.304429/0.000184049/-1.37339e-08|
0.315797/0.000183356/-1.3916e-08|
0.327133/0.000182642/-1.43218e-08|
0.338437/0.00018191/-1.46031e-08|
0.349706/0.000181161/-1.48185e-08|
0.360941/0.000180395/-1.51992e-08|
0.372139/0.000179609/-1.54309e-08|
0.383301/0.000178806/-1.57124e-08|
0.394424/0.000177982/-1.60602e-08|
0.405507/0.000177147/-1.62918e-08|
0.41655/0.000176288/-1.66066e-08|
0.427552/0.000175412/-1.68383e-08|
0.43851/0.000174522/-1.71861e-08|
0.449425/0.00017361/-1.73847e-08|
0.460295/0.000172685/-1.77325e-08|
0.471118/0.000171742/-1.79971e-08|
0.481895/0.000170778/-1.82789e-08|
0.492623/0.000169801/-1.84773e-08|
0.503302/0.000168804/-1.88086e-08|
0.513931/0.000167794/-1.90405e-08|
0.524508/0.000166763/-1.93383e-08|
0.535033/0.00016572/-1.95869e-08|
0.545504/0.000164656/-1.98682e-08|
0.555921/0.000163576/-2.01166e-08|
0.566282/0.000162479/-2.03317e-08|
0.576586/0.000161371/-2.06795e-08|
0.586833/0.000160242/-2.08286e-08|
0.597021/0.0001591/-2.1143e-08|
0.607149/0.000157939/-2.13751e-08|
0.617217/0.000156764/-2.16067e-08|
0.627223/0.000155572/-2.1855e-08|
0.637166/0.000154365/-2.21531e-08|
0.647045/0.000153145/-2.23185e-08|
0.65686/0.000151904/-2.26333e-08|
0.666609/0.000150655/-2.2782e-08|
0.676291/0.000149386/-2.31135e-08|
0.685905/0.000148104/-2.3196e-08|
0.695451/0.000146807/-2.35935e-08|
0.704928/0.000145496/-2.36765e-08|
0.714334/0.000144167/-2.41564e-08|
0.723668/0.000142828/-2.39743e-08|
0.73293/0.00014147/-2.45207e-08|
0.742119/0.000140103/-2.45537e-08|
0.751233/0.000138716/-2.49512e-08|
0.760272/0.000137324/-2.49844e-08|
0.769235/0.000135909/-2.52655e-08|
0.778121/0.000134488/-2.54479e-08|
0.78693/0.000133039/-2.57626e-08|
0.79566/0.0001316/-2.5779e-08|
0.80431/0.000130129/-2.61432e-08|
0.812879/0.000128656/-2.62592e-08|
0.821368/0.000127159/-2.64909e-08|
0.829774/0.000125659/-2.65904e-08|
0.838097/0.000124144/-2.68883e-08|
0.846336/0.000122617/-2.69876e-08|
0.854491/0.000121071/-2.72857e-08|
0.86256/0.000119524/-2.73685e-08|
0.870542/0.000117956/-2.76167e-08|
0.878438/0.00011638/-2.77162e-08|
0.886246/0.000114791/-2.79314e-08|
0.893965/0.000113195/-2.80803e-08|
0.901595/0.000111582/-2.8246e-08|
0.909134/0.000109963/-2.84779e-08|
0.916583/0.000108325/-2.84446e-08|
0.92394/0.000106683/-2.8842e-08|
0.931204/0.000105026/-2.89082e-08|
0.938376/0.000103363/-2.90408e-08|
0.945453/0.000101688/-2.92062e-08|
0.952436/0.000100003/-2.9372e-08|
0.959323/9.83079e-05/-2.9438e-08|
0.966115/9.65993e-05/-2.96699e-08|
0.97281/9.48926e-05/-2.98023e-08|
0.979408/9.31621e-05/-2.97692e-08|
0.985907/9.14276e-05/-3.01996e-08|
0.992308/8.96851e-05/-3.00011e-08|
0.99861/8.79327e-05/-3.03983e-08|
1.00481/8.61704e-05/-3.03652e-08|
1.01091/8.44041e-05/-3.05309e-08|
1.01691/8.2624e-05/-3.06963e-08|
1.02281/8.08358e-05/-3.07957e-08|
1.02861/7.90497e-05/-3.07626e-08|
1.0343/7.72377e-05/-3.09614e-08|
1.03989/7.54376e-05/-3.11931e-08|
1.04538/7.36137e-05/-3.116e-08|
1.05076/7.17918e-05/-3.12924e-08|
1.05603/6.996e-05/-3.13255e-08|
1.0612/6.81182e-05/-3.15905e-08|
1.06627/6.62704e-05/-3.14249e-08|
1.07123/6.44247e-05/-3.16567e-08|
1.07608/6.2567e-05/-3.18885e-08|
1.08082/6.06954e-05/-3.16236e-08|
1.08545/5.88258e-05/-3.18885e-08|
1.08998/5.69483e-05/-3.20541e-08|
1.0944/5.50687e-05/-3.19878e-08|
1.0987/5.31733e-05/-3.20872e-08|
1.1029/5.12878e-05/-3.21203e-08|
1.10699/4.93884e-05/-3.22196e-08|
1.11096/4.74751e-05/-3.2319e-08|
1.11483/4.55777e-05/-3.22859e-08|
1.11858/4.36644e-05/-3.23852e-08|
1.12223/4.17411e-05/-3.24845e-08|
1.12575/3.98219e-05/-3.23852e-08|
1.12917/3.78966e-05/-3.24845e-08|
1.13248/3.59694e-05/-3.26832e-08|
1.13567/3.40362e-05/-3.24514e-08|
1.13874/3.20971e-05/-3.26832e-08|
1.14171/3.016e-05/-3.25176e-08|
1.14456/2.82168e-05/-3.27494e-08|
1.14729/2.62678e-05/-3.26832e-08|
1.14991/2.43247e-05/-3.2617e-08|
1.15241/2.23756e-05/-3.28488e-08|
1.1548/2.04146e-05/-3.26501e-08|
1.15708/1.84675e-05/-3.27826e-08|
1.15924/1.65065e-05/-3.26501e-08|
1.16128/1.45555e-05/-3.27163e-08|
1.1632/1.25905e-05/-3.28157e-08|
1.16501/1.06295e-05/-3.27826e-08|
1.16671/8.67248e-06/-3.26501e-08|
1.16828/6.70155e-06/-3.26501e-08|
1.16974/4.74254e-06/-3.28488e-08|
1.17108/2.77559e-06/-3.2617e-08|
1.17231/8.16584e-07/-3.25839e-08|
1.17342/-1.1464e-06/-3.27163e-08|
1.17441/-3.11534e-06/-3.25177e-08|
1.17528/-5.08229e-06/-3.26832e-08|
1.17604/-7.0413e-06/-3.24514e-08|
1.17667/-9.0003e-06/-3.24845e-08|
1.17719/-1.09712e-05/-3.25508e-08|
1.1776/-1.29282e-05/-3.23521e-08|
1.17788/-1.48833e-05/-3.23852e-08|
1.17805/-1.68463e-05/-3.22858e-08|
1.1781/-1.87973e-05/-3.22859e-08|
1.17803/-2.07583e-05/-3.22527e-08|
1.17784/-2.27054e-05/-3.20872e-08|
1.17754/-2.46545e-05/-3.20872e-08|
1.17711/-2.66075e-05/-3.19878e-08|
1.17657/-2.85486e-05/-3.19878e-08|
1.17592/-3.04918e-05/-3.18554e-08|
1.17514/-3.24289e-05/-3.18554e-08|
1.17425/-3.43661e-05/-3.16236e-08|
1.17324/-3.63012e-05/-3.16236e-08|
1.17211/-3.82264e-05/-3.15573e-08|
1.17086/-4.01517e-05/-3.14249e-08|
1.1695/-4.20709e-05/-3.1458e-08|
1.16802/-4.39902e-05/-3.12262e-08|
1.16642/-4.59015e-05/-3.116e-08|
1.16471/-4.78129e-05/-3.10937e-08|
1.16288/-4.97103e-05/-3.09944e-08|
1.16094/-5.16077e-05/-3.07295e-08|
1.15887/-5.35011e-05/-3.07957e-08|
1.1567/-5.53866e-05/-3.06964e-08|
1.1544/-5.72741e-05/-3.03983e-08|
1.15199/-5.91477e-05/-3.0564e-08|
1.14947/-6.10173e-05/-3.01003e-08|
1.14683/-6.28829e-05/-3.01997e-08|
1.14408/-6.47426e-05/-3.00011e-08|
1.14121/-6.65863e-05/-2.98354e-08|
1.13822/-6.84341e-05/-2.98685e-08|
1.13513/-7.02759e-05/-2.95043e-08|
1.13192/-7.20998e-05/-2.95375e-08|
1.12859/-7.39336e-05/-2.93387e-08|
1.12516/-7.57396e-05/-2.90407e-08|
1.12161/-7.75516e-05/-2.91732e-08|
1.11795/-7.93517e-05/-2.8842e-08|
1.11418/-8.11418e-05/-2.86434e-08|
1.11029/-8.29339e-05/-2.86433e-08|
1.1063/-8.47042e-05/-2.83453e-08|
1.10219/-8.64764e-05/-2.82129e-08|
1.09797/-8.82367e-05/-2.80474e-08|
1.09365/-8.99792e-05/-2.79313e-08|
1.08921/-9.17296e-05/-2.76997e-08|
1.08467/-9.34601e-05/-2.76167e-08|
1.08001/-9.51787e-05/-2.73354e-08|
1.07525/-9.68973e-05/-2.71698e-08|
1.07038/-9.8598e-05/-2.69545e-08|
1.06541/-0.000100291/-2.68387e-08|
1.06033/-0.000101974/-2.66399e-08|
1.05514/-0.000103649/-2.64578e-08|
1.04984/-0.000105311/-2.62427e-08|
1.04444/-0.000106968/-2.59942e-08|
1.03894/-0.000108609/-2.58949e-08|
1.03333/-0.000110239/-2.563e-08|
1.02762/-0.000111856/-2.54312e-08|
1.02181/-0.000113466/-2.51666e-08|
1.01589/-0.000115065/-2.51333e-08|
1.00987/-0.000116652/-2.47193e-08|
1.00376/-0.000118227/-2.46696e-08|
0.997538/-0.000119786/-2.42888e-08|
0.991219/-0.00012134/-2.41564e-08|
0.984801/-0.000122878/-2.3991e-08|
0.978284/-0.000124404/-2.37094e-08|
0.97167/-0.000125914/-2.34279e-08|
0.964959/-0.000127422/-2.32624e-08|
0.958151/-0.000128905/-2.30303e-08|
0.951247/-0.000130385/-2.27822e-08|
0.944248/-0.000131842/-2.26001e-08|
0.937154/-0.000133292/-2.22525e-08|
0.929967/-0.000134731/-2.20537e-08|
0.922686/-0.000136154/-2.18883e-08|
0.915314/-0.00013756/-2.15237e-08|
0.907849/-0.000138955/-2.13916e-08|
0.900295/-0.000140337/-2.10603e-08|
0.892649/-0.000141704/-2.07789e-08|
0.884915/-0.00014306/-2.06133e-08|
0.877092/-0.000144395/-2.03649e-08|
0.869181/-0.000145718/-2.00504e-08|
0.861184/-0.000147032/-1.97688e-08|
0.8531/-0.000148323/-1.95537e-08|
0.844931/-0.000149607/-1.93053e-08|
0.836677/-0.00015087/-1.90072e-08|
0.82834/-0.000152117/-1.87589e-08|
0.81992/-0.000153354/-1.84443e-08|
0.811417/-0.000154576/-1.82292e-08|
0.802834/-0.000155779/-1.78979e-08|
0.79417/-0.000156965/-1.77157e-08|
0.785427/-0.000158138/-1.73682e-08|
0.776605/-0.000159296/-1.71198e-08|
0.767706/-0.000160437/-1.67721e-08|
0.758729/-0.000161562/-1.65734e-08|
0.749677/-0.000162669/-1.62753e-08|
0.74055/-0.000163763/-1.59608e-08|
0.731349/-0.000164837/-1.56627e-08|
0.722074/-0.0001659/-1.53979e-08|
0.712727/-0.000166942/-1.51495e-08|
0.70331/-0.000167969/-1.4802e-08|
0.693821/-0.000168975/-1.45037e-08|
0.684264/-0.00016997/-1.42555e-08|
0.674637/-0.000170946/-1.39492e-08|
0.664944/-0.000171904/-1.36179e-08|
0.655183/-0.000172844/-1.33366e-08|
0.645358/-0.000173767/-1.30385e-08|
0.635467/-0.000174676/-1.27569e-08|
0.625513/-0.000175564/-1.24426e-08|
0.615497/-0.000176435/-1.20946e-08|
0.605419/-0.00017729/-1.18547e-08|
0.59528/-0.000178127/-1.15072e-08|
0.585082/-0.000178944/-1.12421e-08|
0.574825/-0.000179744/-1.08778e-08|
0.564511/-0.000180527/-1.06212e-08|
0.554141/-0.000181292/-1.02901e-08|
0.543715/-0.000182039/-9.98383e-09|
0.533234/-0.000182764/-9.64428e-09|
0.5227/-0.000183476/-9.36295e-09|
0.512114/-0.000184166/-9.03989e-09|
0.501477/-0.00018484/-8.70908e-09|
0.490789/-0.000185493/-8.42726e-09|
0.480052/-0.00018613/-8.07146e-09|
0.469268/-0.000186748/-7.7569e-09|
0.458436/-0.000187347/-7.5003e-09|
0.447559/-0.000187925/-7.09454e-09|
0.436636/-0.000188487/-6.79259e-09|
0.42567/-0.00018903/-6.54812e-09|
0.414662/-0.000189552/-6.13024e-09|
0.403612/-0.000190058/-5.84866e-09|
0.392521/-0.000190542/-5.57969e-09|
0.381392/-0.000191008/-5.1492e-09|
0.370224/-0.000191458/-4.91321e-09|
0.359019/-0.000191883/-4.52831e-09|
0.347778/-0.000192291/-4.25086e-09|
0.336503/-0.000192684/-3.90331e-09|
0.325194/-0.000193051/-3.58462e-09|
0.313852/-0.000193402/-3.24095e-09|
0.302479/-0.000193737/-2.92445e-09|
0.291075/-0.000194046/-2.61595e-09|
0.279643/-0.000194341/-2.2992e-09|
0.268182/-0.000194613/-1.95165e-09|
0.256695/-0.000194868/-1.59998e-09|
0.245182/-0.000195102/-1.28712e-09|
0.233644/-0.000195317/-9.74978e-10|
0.222083/-0.000195511/-6.6284e-10|
0.2105/-0.000195687/-2.92979e-10|
0.198896/-0.000195844/-3.90476e-11|
0.187272/-0.000195982/4.29524e-10|
0.175629/-0.000196099/6.04147e-10|
0.163969/-0.000196195/1.01475e-09|
0.152292/-0.000196272/1.28736e-09|
0.1406/-0.000196331/1.71664e-09|
0.128894/-0.00019637/1.91139e-09|
0.117175/-0.000196388/2.33849e-09|
0.105444/-0.00019639/2.63681e-09|
0.0937028/-0.000196365/2.94288e-09|
0.0819522/-0.000196328/3.2783e-09|
0.0701932/-0.000196267/3.62803e-09|
0.0584273/-0.00019619/3.89919e-09|
0.0466556/-0.000196087/4.2756e-09|
0.0348793/-0.000195972/4.59889e-09|
0.0230995/-0.000195832/4.87998e-09|
0.0113172/-0.000195674/5.24451e-09|
-0.000466051/-0.000195497/5.53822e-09|
-0.0122495/-0.000195301/5.89425e-09|
-0.0240313/-0.000195083/6.18384e-09|
-0.035811/-0.000194849/6.53187e-09|
-0.0475871/-0.000194593/6.82533e-09|
-0.0593585/-0.000194317/7.16512e-09|
-0.0711237/-0.000194024/7.45883e-09|
-0.0828821/-0.000193709/7.81486e-09|
-0.094632/-0.000193377/8.12943e-09|
-0.106372/-0.000193023/8.40252e-09|
-0.118102/-0.000192652/8.74206e-09|
-0.12982/-0.00019226/9.08961e-09|
-0.141525/-0.000191851/9.36295e-09|
-0.153216/-0.000191421/9.67751e-09|
-0.164892/-0.000190973/1.00168e-08|
-0.176551/-0.000190504/1.03066e-08|
-0.188192/-0.000190017/1.06297e-08|
-0.199815/-0.000189512/1.09275e-08|
-0.211417/-0.000188988/1.12421e-08|
-0.222999/-0.000188443/1.15566e-08|
-0.234558/-0.000187881/1.1838e-08|
-0.246094/-0.0001873/1.21693e-08|
-0.257605/-0.000186699/1.24509e-08|
-0.26909/-0.000186081/1.27487e-08|
-0.280548/-0.000185443/1.30965e-08|
-0.291978/-0.000184787/1.33531e-08|
-0.303379/-0.000184113/1.36676e-08|
-0.31475/-0.000183419/1.3941e-08|
-0.32609/-0.000182709/1.42555e-08|
-0.337396/-0.000181979/1.45699e-08|
-0.348669/-0.000181232/1.4835e-08|
-0.359907/-0.000180467/1.51165e-08|
-0.371109/-0.000179681/1.54641e-08|
-0.382274/-0.00017888/1.56792e-08|
-0.3934/-0.00017806/1.59775e-08|
-0.404488/-0.000177223/1.62918e-08|
-0.415534/-0.000176368/1.65899e-08|
-0.426539/-0.000175494/1.68218e-08|
-0.437502/-0.000174604/1.71363e-08|
-0.448421/-0.000173697/1.74179e-08|
-0.459295/-0.000172769/1.76495e-08|
-0.470123/-0.000171828/1.79973e-08|
-0.480904/-0.00017087/1.8196e-08|
-0.491636/-0.000169892/1.85105e-08|
-0.50232/-0.000168897/1.87589e-08|
-0.512953/-0.000167887/1.90569e-08|
-0.523535/-0.000166859/1.92888e-08|
-0.534065/-0.000165814/1.95701e-08|
-0.544541/-0.000164755/1.9802e-08|
-0.554963/-0.000163675/2.01001e-08|
-0.565329/-0.000162584/2.03649e-08|
-0.575639/-0.000161473/2.058e-08|
-0.585891/-0.000160347/2.08616e-08|
-0.596085/-0.000159204/2.10935e-08|
-0.606218/-0.000158047/2.13583e-08|
-0.616292/-0.000156872/2.16232e-08|
-0.626303/-0.000155684/2.18053e-08|
-0.636252/-0.000154478/2.21199e-08|
-0.646137/-0.000153256/2.23188e-08|
-0.655958/-0.000152022/2.25669e-08|
-0.665713/-0.00015077/2.28155e-08|
-0.675401/-0.000149504/2.30306e-08|
-0.685022/-0.000148223/2.32622e-08|
-0.694574/-0.000146925/2.34943e-08|
-0.704057/-0.000145617/2.37424e-08|
-0.71347/-0.00014429/2.39413e-08|
-0.722811/-0.000142951/2.41729e-08|
-0.732079/-0.000141597/2.43718e-08|
-0.741275/-0.000140228/2.46199e-08|
-0.750396/-0.000138846/2.4852e-08|
-0.759442/-0.00013745/2.50007e-08|
-0.768412/-0.000136041/2.52493e-08|
-0.777306/-0.000134616/2.54479e-08|
-0.786121/-0.00013318/2.56796e-08|
-0.794858/-0.000131729/2.58452e-08|
-0.803516/-0.000130267/2.6077e-08|
-0.812093/-0.00012879/2.62261e-08|
-0.820589/-0.000127299/2.64578e-08|
-0.829002/-0.000125799/2.66399e-08|
-0.837333/-0.000124284/2.68387e-08|
-0.84558/-0.000122757/2.70207e-08|
-0.853743/-0.000121216/2.7203e-08|
-0.86182/-0.000119665/2.73684e-08|
-0.86981/-0.000118101/2.75671e-08|
-0.877714/-0.000116527/2.77328e-08|
-0.88553/-0.00011494/2.79148e-08|
-0.893257/-0.000113341/2.80472e-08|
-0.900895/-0.000111731/2.82791e-08|
-0.908443/-0.00011011/2.83784e-08|
-0.9159/-0.000108477/2.86103e-08|
-0.923266/-0.000106835/2.86765e-08|
-0.930539/-0.000105181/2.89413e-08|
-0.937719/-0.000103517/2.89744e-08|
-0.944805/-0.000101842/2.92394e-08|
-0.951796/-0.00010016/2.93056e-08|
-0.958693/-9.84629e-05/2.94711e-08|
-0.965493/-9.67602e-05/2.96699e-08|
-0.972197/-9.50436e-05/2.9703e-08|
-0.978804/-9.3323e-05/2.99016e-08|
-0.985312/-9.15865e-05/3.00342e-08|
-0.991722/-8.9848e-05/3.01334e-08|
-0.998033/-8.80937e-05/3.0299e-08|
-1.00424/-8.63353e-05/3.03983e-08|
-1.01035/-8.45671e-05/3.04978e-08|
-1.01636/-8.27869e-05/3.06633e-08|
-1.02227/-8.10047e-05/3.07294e-08|
-1.02808/-7.92106e-05/3.08952e-08|
-1.03378/-7.74085e-05/3.09613e-08|
-1.03938/-7.56005e-05/3.10606e-08|
-1.04487/-7.37826e-05/3.116e-08|
-1.05027/-7.19587e-05/3.13255e-08|
-1.05555/-7.01288e-05/3.13255e-08|
-1.06073/-6.8289e-05/3.14911e-08|
-1.06581/-6.64453e-05/3.15242e-08|
-1.07077/-6.45916e-05/3.16567e-08|
-1.07563/-6.27339e-05/3.17229e-08|
-1.08039/-6.08703e-05/3.17891e-08|
-1.08503/-5.90006e-05/3.18885e-08|
-1.08957/-5.71211e-05/3.19216e-08|
-1.09399/-5.52416e-05/3.20541e-08|
-1.09831/-5.33521e-05/3.20541e-08|
-1.10252/-5.14607e-05/3.21865e-08|
-1.10662/-4.95613e-05/3.21865e-08|
-1.1106/-4.76579e-05/3.22859e-08|
-1.11448/-4.57505e-05/3.22859e-08|
-1.11824/-4.38372e-05/3.23852e-08|
-1.12189/-4.19219e-05/3.23852e-08|
-1.12543/-3.99987e-05/3.25176e-08|
-1.12886/-3.80754e-05/3.24845e-08|
-1.13218/-3.61443e-05/3.25177e-08|
-1.13538/-3.42131e-05/3.25839e-08|
-1.13846/-3.22759e-05/3.26501e-08|
-1.14144/-3.03388e-05/3.25839e-08|
-1.1443/-2.83957e-05/3.26832e-08|
-1.14704/-2.64525e-05/3.26501e-08|
-1.14967/-2.45015e-05/3.27494e-08|
-1.15219/-2.25524e-05/3.26501e-08|
-1.15459/-2.06014e-05/3.27494e-08|
-1.15687/-1.86463e-05/3.27494e-08|
-1.15904/-1.66873e-05/3.27163e-08|
-1.16109/-1.47323e-05/3.27494e-08|
-1.16303/-1.27713e-05/3.27494e-08|
-1.16485/-1.08123e-05/3.27163e-08|
-1.16656/-8.84732e-06/3.27163e-08|
-1.16814/-6.88831e-06/3.27163e-08|
-1.16961/-4.92334e-06/3.26832e-08|
-1.17097/-2.95838e-06/3.27163e-08|
-1.1722/-9.95398e-07/3.2617e-08|
-1.17332/9.69569e-07/3.26501e-08|
-1.17432/2.93454e-06/3.26501e-08|
-1.17521/4.89751e-06/3.25177e-08|
-1.17597/6.86049e-06/3.25508e-08|
-1.17662/8.82347e-06/3.25177e-08|
-1.17715/1.07845e-05/3.24514e-08|
-1.17756/1.27474e-05/3.24514e-08|
-1.17786/1.47045e-05/3.2319e-08|
-1.17804/1.66635e-05/3.23521e-08|
-1.1781/1.86225e-05/3.22859e-08|
-1.17804/2.05735e-05/3.21865e-08|
-1.17786/2.25266e-05/3.21534e-08|
-1.17757/2.44776e-05/3.20872e-08|
-1.17716/2.64247e-05/3.20209e-08|
-1.17663/2.83718e-05/3.19216e-08|
-1.17598/3.03109e-05/3.18885e-08|
-1.17522/3.22521e-05/3.18222e-08|
-1.17433/3.41892e-05/3.17229e-08|
-1.17333/3.61204e-05/3.15905e-08|
-1.17222/3.80496e-05/3.15904e-08|
-1.17098/3.99748e-05/3.1458e-08|
-1.16963/4.18961e-05/3.13918e-08|
-1.16816/4.38114e-05/3.12593e-08|
-1.16658/4.57247e-05/3.11931e-08|
-1.16487/4.7634e-05/3.10606e-08|
-1.16306/4.95374e-05/3.09282e-08|
-1.16112/5.14328e-05/3.09283e-08|
-1.15907/5.33283e-05/3.07295e-08|
-1.1569/5.52158e-05/3.06632e-08|
-1.15462/5.70993e-05/3.04978e-08|
-1.15222/5.89748e-05/3.03983e-08|
-1.14971/6.08464e-05/3.0299e-08|
-1.14708/6.271e-05/3.01335e-08|
-1.14433/6.45657e-05/3.00672e-08|
-1.14148/6.64214e-05/2.98354e-08|
-1.1385/6.82652e-05/2.98023e-08|
-1.13542/7.0105e-05/2.95706e-08|
-1.13222/7.19349e-05/2.95374e-08|
-1.12891/7.37588e-05/2.93056e-08|
-1.12548/7.55767e-05/2.91732e-08|
-1.12194/7.73847e-05/2.90738e-08|
-1.11829/7.91887e-05/2.88752e-08|
-1.11453/8.09789e-05/2.87095e-08|
-1.11065/8.2767e-05/2.86103e-08|
-1.10667/8.45412e-05/2.83784e-08|
-1.10257/8.63135e-05/2.8246e-08|
-1.09837/8.80718e-05/2.80805e-08|
-1.09405/8.98222e-05/2.79148e-08|
-1.08962/9.15666e-05/2.77493e-08|
-1.08509/9.32992e-05/2.75505e-08|
-1.08045/9.50217e-05/2.7385e-08|
-1.0757/9.67383e-05/2.72029e-08|
-1.07084/9.8441e-05/2.70208e-08|
-1.06587/0.000100136/2.68221e-08|
-1.0608/0.000101821/2.66566e-08|
-1.05562/0.000103496/2.64578e-08|
-1.05034/0.00010516/2.62426e-08|
-1.04495/0.000106814/2.60605e-08|
-1.03945/0.000108457/2.58618e-08|
-1.03385/0.000110089/2.56632e-08|
-1.02815/0.00011171/2.54809e-08|
-1.02235/0.000113319/2.5216e-08|
-1.01644/0.000114919/2.50506e-08|
-1.01043/0.000116506/2.48185e-08|
-1.00432/0.000118081/2.46037e-08|
-0.998115/0.000119644/2.44213e-08|
-0.991805/0.000121196/2.41564e-08|
-0.985397/0.000122736/2.39578e-08|
-0.978889/0.000124265/2.37094e-08|
-0.972284/0.000125778/2.35273e-08|
-0.965581/0.000127281/2.32622e-08|
-0.958782/0.00012877/2.30306e-08|
-0.951887/0.000130246/2.28155e-08|
-0.944897/0.000131711/2.25669e-08|
-0.937812/0.000133161/2.23353e-08|
-0.930633/0.000134598/2.21034e-08|
-0.923361/0.000136021/2.18385e-08|
-0.915997/0.000137432/2.16067e-08|
-0.908541/0.000138828/2.13583e-08|
-0.900995/0.00014021/2.10932e-08|
-0.893358/0.000141579/2.08784e-08|
-0.885632/0.000142933/2.05965e-08|
-0.877817/0.000144273/2.03319e-08|
-0.869914/0.000145599/2.01001e-08|
-0.861924/0.00014691/1.9835e-08|
-0.853849/0.000148206/1.95701e-08|
-0.845687/0.000149487/1.93053e-08|
-0.837441/0.000150753/1.9024e-08|
-0.829112/0.000152006/1.87754e-08|
-0.820699/0.000153242/1.8527e-08|
-0.812204/0.000154461/1.81962e-08|
-0.803628/0.000155667/1.79971e-08|
-0.794972/0.000156858/1.76498e-08|
-0.786236/0.000158032/1.74342e-08|
-0.777421/0.00015919/1.71198e-08|
-0.768529/0.000160332/1.68383e-08|
-0.75956/0.000161458/1.65902e-08|
-0.750515/0.00016257/1.62753e-08|
-0.741394/0.000163661/1.59938e-08|
-0.7322/0.000164741/1.57292e-08|
-0.722932/0.0001658/1.54309e-08|
-0.713592/0.000166846/1.51165e-08|
-0.704181/0.000167873/1.48514e-08|
-0.694699/0.000168884/1.45369e-08|
-0.685147/0.000169879/1.42885e-08|
-0.675527/0.000170856/1.39492e-08|
-0.66584/0.000171815/1.36676e-08|
-0.656086/0.000172759/1.33696e-08|
-0.646266/0.000173685/1.308e-08|
-0.636382/0.000174592/1.27487e-08|
-0.626434/0.000175483/1.24426e-08|
-0.616423/0.000176355/1.22023e-08|
-0.60635/0.000177213/1.18465e-08|
-0.596217/0.00017805/1.15402e-08|
-0.586025/0.00017887/1.12668e-08|
-0.575773/0.000179672/1.09193e-08|
-0.565464/0.000180457/1.06212e-08|
-0.555099/0.000181221/1.03316e-08|
-0.544678/0.000181968/1.00086e-08|
-0.534202/0.0001827/9.66926e-09|
-0.523673/0.000183411/9.40418e-09|
-0.513092/0.000184103/9.05663e-09|
-0.502459/0.000184779/8.75031e-09|
-0.491776/0.000185435/8.43575e-09|
-0.481044/0.000186072/8.12943e-09|
-0.470264/0.000186692/7.79813e-09|
-0.459436/0.000187292/7.47556e-09|
-0.448563/0.000187872/7.15251e-09|
-0.437645/0.000188437/6.85031e-09|
-0.426683/0.00018898/6.53575e-09|
-0.415678/0.000189505/6.17996e-09|
-0.404632/0.000190011/5.89425e-09|
-0.393545/0.000190499/5.53822e-09|
-0.382419/0.000190967/5.24451e-09|
-0.371255/0.000191415/4.91733e-09|
-0.360053/0.000191845/4.60689e-09|
-0.348816/0.000192256/4.20963e-09|
-0.337544/0.000192648/3.97777e-09|
-0.326237/0.000193018/3.57201e-09|
-0.314899/0.000193372/3.35276e-09|
-0.303528/0.000193704/2.90796e-09|
-0.292128/0.000194019/2.65306e-09|
-0.280698/0.000194314/2.32006e-09|
-0.26924/0.000194591/1.93201e-09|
-0.257755/0.000194843/1.67638e-09|
-0.246244/0.000195082/1.36594e-09|
-0.234709/0.000195296/9.36658e-10|
-0.22315/0.000195497/7.21775e-10|
-0.211569/0.000195672/3.11654e-10|
-0.199966/0.000195831/1.96451e-11|
-0.188344/0.00019597/-2.92494e-10|
-0.176703/0.000196086/-6.24035e-10|
-0.165044/0.000196187/-9.75948e-10|
-0.153369/0.000196269/-1.32544e-09|
-0.141678/0.000196325/-1.60095e-09|
-0.129973/0.000196368/-1.90921e-09|
-0.118255/0.000196387/-2.30333e-09|
-0.106526/0.000196388/-2.61401e-09|
-0.0947853/0.00019637/-2.92445e-09|
-0.0830354/0.000196333/-3.23877e-09|
-0.0712772/0.000196274/-3.55164e-09|
-0.0595121/0.000196195/-3.93629e-09|
-0.0477409/0.000196099/-4.21787e-09|
-0.0359648/0.000195984/-4.5613e-09|
-0.0241853/0.000195846/-4.8761e-09|
-0.0124032/0.000195689/-5.19043e-09|
-0.000619973/0.000195514/-5.53846e-09|
0.0111633/0.000195319/-5.85278e-09|
0.0229455/0.000195106/-6.12199e-09|
0.0347255/0.00019487/-6.51489e-09|
0.046502/0.000194617/-6.83406e-09|
0.0582737/0.000194343/-7.09454e-09|
0.0700396/0.000194051/-7.45058e-09|
0.0817987/0.000193739/-7.7569e-09|
0.0935494/0.000193407/-8.12118e-09|
0.105291/0.000193056/-8.39427e-09|
0.117022/0.000192689/-8.69234e-09|
0.128741/0.000192298/-9.04814e-09|
0.140447/0.000191888/-9.36295e-09|
0.152139/0.000191462/-9.64452e-09|
0.163816/0.000191015/-9.97534e-09|
0.175477/0.00019055/-1.02654e-08|
0.18712/0.000190062/-1.0613e-08|
0.198744/0.000189559/-1.08778e-08|
0.210349/0.000189037/-1.12833e-08|
0.221932/0.000188494/-1.14657e-08|
0.233494/0.000187932/-1.18132e-08|
0.245031/0.000187354/-1.21445e-08|
0.256545/0.000186755/-1.24341e-08|
0.268032/0.000186139/-1.27572e-08|
0.279493/0.000185503/-1.2997e-08|
0.290926/0.00018485/-1.33781e-08|
0.30233/0.000184173/-1.36179e-08|
0.313704/0.000183485/-1.39242e-08|
0.325046/0.000182776/-1.41893e-08|
0.336355/0.000182047/-1.46031e-08|
0.347631/0.000181301/-1.4752e-08|
0.358873/0.000180536/-1.5133e-08|
0.370078/0.000179756/-1.53979e-08|
0.381246/0.000178954/-1.56959e-08|
0.392376/0.000178136/-1.59443e-08|
0.403467/0.000177301/-1.62256e-08|
0.414518/0.00017645/-1.66231e-08|
0.425527/0.000175573/-1.67388e-08|
0.436493/0.000174688/-1.71696e-08|
0.447416/0.00017378/-1.73185e-08|
0.458294/0.000172856/-1.77157e-08|
0.469127/0.000171915/-1.78981e-08|
0.479912/0.000170958/-1.81792e-08|
0.490649/0.000169985/-1.8494e-08|
0.501337/0.000168987/-1.87094e-08|
0.511975/0.000167983/-1.90567e-08|
0.522562/0.000166953/-1.93053e-08|
0.533097/0.000165914/-1.95042e-08|
0.543578/0.000164851/-1.97853e-08|
0.554005/0.000163777/-2.01166e-08|
0.564376/0.000162686/-2.02657e-08|
0.574691/0.000161576/-2.058e-08|
0.584949/0.000160454/-2.08781e-08|
0.595148/0.00015931/-2.10273e-08|
0.605287/0.000158152/-2.13748e-08|
0.615366/0.000156982/-2.15405e-08|
0.625383/0.000155795/-2.18385e-08|
0.635338/0.000154588/-2.20537e-08|
0.645229/0.000153372/-2.23517e-08|
0.655055/0.000152137/-2.25339e-08|
0.664817/0.000150884/-2.2749e-08|
0.674511/0.000149623/-2.30638e-08|
0.684138/0.00014834/-2.31298e-08|
0.693697/0.000147048/-2.35935e-08|
0.703186/0.000145737/-2.37262e-08|
0.712605/0.000144414/-2.38748e-08|
0.721953/0.000143073/-2.41067e-08|
0.731228/0.000141721/-2.44215e-08|
0.74043/0.000140356/-2.45869e-08|
0.749559/0.000138972/-2.48353e-08|
0.758612/0.000137584/-2.49345e-08|
0.767589/0.000136169/-2.52825e-08|
0.776489/0.000134745/-2.53814e-08|
0.785312/0.000133313/-2.57294e-08|
0.794056/0.000131866/-2.57791e-08|
0.802721/0.000130401/-2.60935e-08|
0.811306/0.000128926/-2.61268e-08|
0.819809/0.000127436/-2.65406e-08|
0.82823/0.00012594/-2.65406e-08|
0.836569/0.000124423/-2.68552e-08|
0.844824/0.0001229/-2.70042e-08|
0.852994/0.000121356/-2.72029e-08|
0.861079/0.000119809/-2.73354e-08|
0.869077/0.000118244/-2.7534e-08|
0.876989/0.000116676/-2.77492e-08|
0.884813/0.000115084/-2.78486e-08|
0.892549/0.000113491/-2.80805e-08|
0.900195/0.00011188/-2.82791e-08|
0.907751/0.00011026/-2.83453e-08|
0.915217/0.000108627/-2.85772e-08|
0.922591/0.000106987/-2.87095e-08|
0.929872/0.000105335/-2.88751e-08|
0.937061/0.00010367/-2.90408e-08|
0.944155/0.000101999/-2.90738e-08|
0.951156/0.000100315/-2.9372e-08|
0.958061/9.86179e-05/-2.94049e-08|
0.96487/9.69172e-05/-2.97361e-08|
0.971583/9.52025e-05/-2.97029e-08|
0.978199/9.348e-05/-2.98356e-08|
0.984716/9.17474e-05/-3.00341e-08|
0.991136/9.0005e-05/-3.01666e-08|
0.997456/8.82606e-05/-3.02328e-08|
1.00368/8.64983e-05/-3.03983e-08|
1.0098/8.4734e-05/-3.04977e-08|
1.01581/8.29498e-05/-3.06633e-08|
1.02173/8.11676e-05/-3.07295e-08|
1.02755/7.93775e-05/-3.08288e-08|
1.03326/7.75754e-05/-3.09944e-08|
1.03887/7.57654e-05/-3.10276e-08|
1.04437/7.39515e-05/-3.12262e-08|
1.04977/7.21276e-05/-3.11931e-08|
1.05507/7.02977e-05/-3.13918e-08|
1.06026/6.84579e-05/-3.14911e-08|
1.06534/6.66141e-05/-3.1458e-08|
1.07032/6.47644e-05/-3.17229e-08|
1.07519/6.29048e-05/-3.17229e-08|
1.07995/6.10431e-05/-3.16236e-08|
1.08461/5.91695e-05/-3.19878e-08|
1.08915/5.72979e-05/-3.19547e-08|
1.09359/5.54144e-05/-3.20209e-08|
1.09792/5.3525e-05/-3.20209e-08|
1.10214/5.16375e-05/-3.22527e-08|
1.10624/4.97341e-05/-3.20872e-08|
1.11024/4.78307e-05/-3.22527e-08|
1.11413/4.59333e-05/-3.24514e-08|
1.1179/4.40141e-05/-3.22196e-08|
1.12156/4.20968e-05/-3.25177e-08|
1.12511/4.01755e-05/-3.24514e-08|
1.12855/3.82543e-05/-3.24183e-08|
1.13188/3.63191e-05/-3.25839e-08|
1.13509/3.43939e-05/-3.25508e-08|
1.13819/3.24587e-05/-3.2617e-08|
1.14117/3.05116e-05/-3.2617e-08|
1.14404/2.85784e-05/-3.27163e-08|
1.14679/2.66274e-05/-3.2617e-08|
1.14944/2.46803e-05/-3.27494e-08|
1.15196/2.27352e-05/-3.2617e-08|
1.15437/2.07802e-05/-3.28157e-08|
1.15667/1.88271e-05/-3.26501e-08|
1.15885/1.68701e-05/-3.28157e-08|
1.16091/1.49131e-05/-3.27494e-08|
1.16286/1.29501e-05/-3.26832e-08|
1.16469/1.09931e-05/-3.27826e-08|
1.1664/9.02812e-06/-3.26501e-08|
1.168/7.0711e-06/-3.27494e-08|
1.16948/5.10216e-06/-3.27163e-08|
1.17085/3.14315e-06/-3.26501e-08|
1.17209/1.17421e-06/-3.27163e-08|
1.17322/-7.90755e-07/-3.25508e-08|
1.17423/-2.75175e-06/-3.26501e-08|
1.17513/-4.7187e-06/-3.25839e-08|
1.17591/-6.67771e-06/-3.2617e-08|
1.17657/-8.64267e-06/-3.23852e-08|
1.17711/-1.06057e-05/-3.24845e-08|
1.17753/-1.25647e-05/-3.24514e-08|
1.17784/-1.45276e-05/-3.24183e-08|
1.17803/-1.64807e-05/-3.22858e-08|
1.1781/-1.84397e-05/-3.22527e-08|
1.17805/-2.03947e-05/-3.22859e-08|
1.17788/-2.23517e-05/-3.20872e-08|
1.1776/-2.42949e-05/-3.20872e-08|
1.1772/-2.62439e-05/-3.20541e-08|
1.17668/-2.8191e-05/-3.19216e-08|
1.17605/-3.01361e-05/-3.19216e-08|
1.17529/-3.20733e-05/-3.17891e-08|
1.17442/-3.40084e-05/-3.1756e-08|
1.17343/-3.59456e-05/-3.16236e-08|
1.17232/-3.78708e-05/-3.14911e-08|
1.1711/-3.9796e-05/-3.15573e-08|
1.16976/-4.17193e-05/-3.13918e-08|
1.1683/-4.36346e-05/-3.12593e-08|
1.16673/-4.55499e-05/-3.116e-08|
1.16504/-4.74572e-05/-3.11268e-08|
1.16323/-4.93626e-05/-3.09945e-08|
1.1613/-5.126e-05/-3.0895e-08|
1.15926/-5.31495e-05/-3.06964e-08|
1.15711/-5.50429e-05/-3.06302e-08|
1.15483/-5.69264e-05/-3.05308e-08|
1.15245/-5.8802e-05/-3.05308e-08|
1.14994/-6.06716e-05/-3.02328e-08|
1.14733/-6.25392e-05/-3.01335e-08|
1.14459/-6.43988e-05/-3.00673e-08|
1.14174/-6.62525e-05/-2.99016e-08|
1.13878/-6.80943e-05/-2.97361e-08|
1.13571/-6.99321e-05/-2.96698e-08|
1.13252/-7.1764e-05/-2.95044e-08|
1.12922/-7.35958e-05/-2.93056e-08|
1.1258/-7.54098e-05/-2.92725e-08|
1.12227/-7.72178e-05/-2.89744e-08|
1.11863/-7.90219e-05/-2.89082e-08|
1.11488/-8.0816e-05/-2.88089e-08|
1.11102/-8.26001e-05/-2.8511e-08|
1.10704/-8.43803e-05/-2.84777e-08|
1.10295/-8.61506e-05/-2.82129e-08|
1.09876/-8.79089e-05/-2.81466e-08|
1.09445/-8.96653e-05/-2.78818e-08|
1.09004/-9.14037e-05/-2.78155e-08|
1.08551/-9.31382e-05/-2.75008e-08|
1.08088/-9.48668e-05/-2.74347e-08|
1.07614/-9.65774e-05/-2.72195e-08|
1.07129/-9.82861e-05/-2.70373e-08|
1.06633/-9.99788e-05/-2.68386e-08|
1.06127/-0.000101668/-2.66732e-08|
1.0561/-0.000103341/-2.64578e-08|
1.05083/-0.000105009/-2.63088e-08|
1.04545/-0.00010666/-2.59943e-08|
1.03996/-0.000108306/-2.59942e-08|
1.03437/-0.000109939/-2.55638e-08|
1.02868/-0.000111561/-2.5663e-08|
1.02289/-0.000113171/-2.50339e-08|
1.01699/-0.000114772/-2.51996e-08|
1.01099/-0.000116359/-2.48188e-08|
1.00489/-0.000117938/-2.45869e-08|
0.998691/-0.000119497/-2.45207e-08|
0.992391/-0.000121057/-2.40902e-08|
0.985991/-0.000122591/-2.40073e-08|
0.979493/-0.000124131/-2.36929e-08|
0.972897/-0.000125633/-2.35935e-08|
0.966203/-0.000127145/-2.32954e-08|
0.959413/-0.000128634/-2.30638e-08|
0.952526/-0.000130109/-2.28484e-08|
0.945545/-0.00013158/-2.25504e-08|
0.938469/-0.000133026/-2.23185e-08|
0.931299/-0.000134466/-2.21531e-08|
0.924035/-0.000135888/-2.19048e-08|
0.91668/-0.000137303/-2.15902e-08|
0.909232/-0.000138701/-2.13748e-08|
0.901694/-0.000140085/-2.11597e-08|
0.894065/-0.000141456/-2.08616e-08|
0.886347/-0.000142809/-2.05968e-08|
0.878541/-0.000144148/-2.03814e-08|
0.870646/-0.000145477/-2.01496e-08|
0.862664/-0.000146791/-1.98187e-08|
0.854596/-0.000148087/-1.96364e-08|
0.846443/-0.000149369/-1.92886e-08|
0.838205/-0.000150639/-1.90569e-08|
0.829883/-0.000151891/-1.88418e-08|
0.821478/-0.000153126/-1.84773e-08|
0.812991/-0.000154349/-1.83451e-08|
0.804422/-0.000155558/-1.78979e-08|
0.795773/-0.000156747/-1.7716e-08|
0.787045/-0.000157925/-1.74509e-08|
0.778237/-0.000159083/-1.71858e-08|
0.769352/-0.000160226/-1.6855e-08|
0.76039/-0.000161357/-1.65899e-08|
0.751351/-0.000162465/-1.62918e-08|
0.742238/-0.000163566/-1.60437e-08|
0.73305/-0.00016464/-1.57621e-08|
0.723789/-0.000165703/-1.54144e-08|
0.714456/-0.00016675/-1.51992e-08|
0.705051/-0.000167781/-1.4835e-08|
0.695576/-0.000168792/-1.45866e-08|
0.686031/-0.000169788/-1.43215e-08|
0.676417/-0.000170765/-1.39575e-08|
0.666736/-0.000171728/-1.36926e-08|
0.656988/-0.000172674/-1.34275e-08|
0.647174/-0.000173599/-1.30633e-08|
0.637295/-0.00017451/-1.27984e-08|
0.627353/-0.000175401/-1.25253e-08|
0.617348/-0.000176276/-1.21693e-08|
0.607281/-0.000177135/-1.18547e-08|
0.597154/-0.000177973/-1.16311e-08|
0.586966/-0.000178794/-1.12338e-08|
0.576721/-0.0001796/-1.10022e-08|
0.566417/-0.000180384/-1.06045e-08|
0.556056/-0.000181151/-1.03813e-08|
0.545641/-0.000181903/-1.00251e-08|
0.53517/-0.000182633/-9.71898e-09|
0.524646/-0.000183344/-9.4374e-09|
0.514069/-0.000184042/-9.04814e-09|
0.503441/-0.000184716/-8.81652e-09|
0.492763/-0.000185376/-8.4275e-09|
0.482035/-0.000186013/-8.19564e-09|
0.471259/-0.000186636/-7.79837e-09|
0.460436/-0.000187237/-7.53328e-09|
0.449567/-0.00018782/-7.17337e-09|
0.438653/-0.000188386/-6.86681e-09|
0.427695/-0.000188929/-6.55248e-09|
0.416694/-0.000189458/-6.24592e-09|
0.405652/-0.000189964/-5.89013e-09|
0.394569/-0.000190456/-5.61292e-09|
0.383446/-0.000190924/-5.2319e-09|
0.372285/-0.000191376/-4.99179e-09|
0.361087/-0.000191806/-4.56566e-09|
0.349853/-0.000192218/-4.29233e-09|
0.338584/-0.000192611/-4.01512e-09|
0.327281/-0.000192986/-3.59069e-09|
0.315945/-0.000193339/-3.35276e-09|
0.304577/-0.000193676/-2.96786e-09|
0.29318/-0.00019399/-2.65112e-09|
0.281752/-0.00019429/-2.37997e-09|
0.270297/-0.000194563/-1.989e-09|
0.258814/-0.000194821/-1.67832e-09|
0.247306/-0.000195062/-1.36497e-09|
0.235773/-0.000195277/-1.01451e-09|
0.224216/-0.000195479/-7.01887e-10|
0.212637/-0.000195657/-3.90476e-10|
0.201037/-0.000195816/-3.88051e-11|
0.189416/-0.000195958/2.53203e-10|
0.177777/-0.000196078/6.04632e-10|
0.166119/-0.000196179/1.01475e-09|
0.154446/-0.00019626/1.17022e-09|
0.142756/-0.000196321/1.65771e-09|
0.131053/-0.000196363/1.8544e-09|
0.119336/-0.000196387/2.28077e-09|
0.107607/-0.000196389/2.57448e-09|
0.0958678/-0.000196374/2.86867e-09|
0.0841189/-0.000196338/3.23465e-09|
0.0723614/-0.000196277/3.55576e-09|
0.0605967/-0.000196207/3.85771e-09|
0.048826/-0.000196107/4.21375e-09|
0.0370504/-0.000195996/4.52807e-09|
0.0252711/-0.000195859/4.83463e-09|
0.0134893/-0.000195705/5.1492e-09|
0.00170607/-0.000195532/5.52172e-09|
-0.0100773/-0.000195338/5.81155e-09|
-0.0218597/-0.000195125/6.14261e-09|
-0.03364/-0.000194894/6.44044e-09|
-0.0454166/-0.000194641/6.78847e-09|
-0.057189/-0.000194369/7.09867e-09|
-0.0689554/-0.000194079/7.42584e-09|
-0.0807152/-0.00019377/7.73192e-09|
-0.0924667/-0.000193439/8.05497e-09|
-0.104209/-0.00019309/8.37778e-09|
-0.115941/-0.000192721/8.69234e-09|
-0.127661/-0.000192335/8.99042e-09|
-0.139369/-0.000191928/9.33796e-09|
-0.151062/-0.000191502/9.61954e-09|
-0.162741/-0.000191056/9.92586e-09|
-0.174403/-0.000190592/1.02819e-08|
-0.186048/-0.000190109/1.05465e-08|
-0.197674/-0.000189606/1.08945e-08|
-0.20928/-0.000189085/1.11676e-08|
-0.220866/-0.000188545/1.14904e-08|
-0.232429/-0.000187985/1.1805e-08|
-0.243969/-0.000187408/1.21113e-08|
-0.255485/-0.000186812/1.24011e-08|
-0.266975/-0.000186195/1.27072e-08|
-0.278438/-0.000185563/1.29806e-08|
-0.289874/-0.000184909/1.33533e-08|
-0.30128/-0.000184239/1.35682e-08|
-0.312657/-0.00018355/1.39242e-08|
-0.324002/-0.000182841/1.42058e-08|
-0.335314/-0.000182115/1.44872e-08|
-0.346593/-0.00018137/1.47855e-08|
-0.357838/-0.000180608/1.50833e-08|
-0.369047/-0.000179829/1.53646e-08|
-0.380218/-0.000179028/1.56627e-08|
-0.391352/-0.000178214/1.59278e-08|
-0.402447/-0.000177378/1.62753e-08|
-0.413501/-0.000176526/1.64575e-08|
-0.424514/-0.000175657/1.68218e-08|
-0.435484/-0.00017477/1.70701e-08|
-0.446411/-0.000173865/1.73515e-08|
-0.457294/-0.000172943/1.7633e-08|
-0.46813/-0.000172003/1.78981e-08|
-0.47892/-0.000171047/1.82125e-08|
-0.489662/-0.000170071/1.84111e-08|
-0.500354/-0.000169083/1.87259e-08|
-0.510997/-0.000168074/1.90072e-08|
-0.521589/-0.00016705/1.92226e-08|
-0.532128/-0.000166009/1.95204e-08|
-0.542614/-0.000164951/1.9802e-08|
-0.553046/-0.000163877/2.00339e-08|
-0.563423/-0.000162784/2.0282e-08|
-0.573743/-0.00016168/2.05638e-08|
-0.584006/-0.000160556/2.07954e-08|
-0.59421/-0.000159416/2.10768e-08|
-0.604355/-0.000158262/2.13086e-08|
-0.614439/-0.000157091/2.1524e-08|
-0.624462/-0.000155903/2.18218e-08|
-0.634423/-0.000154701/2.20539e-08|
-0.64432/-0.000153484/2.22688e-08|
-0.654153/-0.00015225/2.25339e-08|
-0.66392/-0.000151002/2.27493e-08|
-0.67362/-0.000149738/2.30139e-08|
-0.683254/-0.000148459/2.32127e-08|
-0.692819/-0.000147168/2.34446e-08|
-0.702314/-0.000145859/2.36927e-08|
-0.71174/-0.000144535/2.39248e-08|
-0.721094/-0.000143199/2.41067e-08|
-0.730376/-0.000141847/2.43715e-08|
-0.739585/-0.000140482/2.45704e-08|
-0.74872/-0.000139101/2.47526e-08|
-0.75778/-0.000137709/2.50174e-08|
-0.766765/-0.000136302/2.5216e-08|
-0.775672/-0.00013488/2.53982e-08|
-0.784502/-0.000133445/2.563e-08|
-0.793254/-0.000131998/2.58121e-08|
-0.801926/-0.000130536/2.60439e-08|
-0.810518/-0.000129062/2.6193e-08|
-0.819029/-0.000127577/2.64247e-08|
-0.827458/-0.000126076/2.65902e-08|
-0.835804/-0.000124563/2.68221e-08|
-0.844066/-0.000123039/2.69877e-08|
-0.852244/-0.000121501/2.71367e-08|
-0.860337/-0.000119952/2.73685e-08|
-0.868344/-0.00011839/2.75008e-08|
-0.876264/-0.000116818/2.77328e-08|
-0.884096/-0.000115233/2.78651e-08|
-0.89184/-0.000113637/2.80474e-08|
-0.899494/-0.000112028/2.82129e-08|
-0.907059/-0.000110409/2.83784e-08|
-0.914533/-0.00010878/2.85439e-08|
-0.921915/-0.000107138/2.86765e-08|
-0.929205/-0.000105488/2.88751e-08|
-0.936402/-0.000103824/2.90408e-08|
-0.943505/-0.000102152/2.91069e-08|
-0.950515/-0.00010047/2.93387e-08|
-0.957429/-9.87768e-05/2.94049e-08|
-0.964247/-9.70741e-05/2.96368e-08|
-0.970968/-9.53615e-05/2.9703e-08|
-0.977593/-9.36409e-05/2.99016e-08|
-0.98412/-9.19084e-05/2.99679e-08|
-0.990548/-9.01659e-05/3.01335e-08|
-0.996877/-8.84195e-05/3.02659e-08|
-1.00311/-8.66592e-05/3.03652e-08|
-1.00924/-8.48949e-05/3.05309e-08|
-1.01526/-8.31167e-05/3.0597e-08|
-1.02119/-8.13345e-05/3.07295e-08|
-1.02702/-7.95404e-05/3.08288e-08|
-1.03274/-7.77423e-05/3.09613e-08|
-1.03836/-7.59343e-05/3.10938e-08|
-1.04387/-7.41184e-05/3.10937e-08|
-1.04928/-7.22965e-05/3.13255e-08|
-1.05458/-7.04646e-05/3.12924e-08|
-1.05978/-6.86288e-05/3.1458e-08|
-1.06488/-6.6785e-05/3.15573e-08|
-1.06987/-6.49353e-05/3.16236e-08|
-1.07475/-6.30776e-05/3.16898e-08|
-1.07952/-6.1212e-05/3.17891e-08|
-1.08418/-5.93464e-05/3.18554e-08|
-1.08874/-5.74668e-05/3.19216e-08|
-1.09319/-5.55893e-05/3.20209e-08|
-1.09752/-5.37018e-05/3.20872e-08|
-1.10175/-5.18084e-05/3.21534e-08|
-1.10587/-4.99109e-05/3.21534e-08|
-1.10988/-4.80096e-05/3.22859e-08|
-1.11377/-4.61022e-05/3.22859e-08|
-1.11756/-4.41909e-05/3.23852e-08|
-1.12123/-4.22756e-05/3.23852e-08|
-1.12479/-4.03543e-05/3.24845e-08|
-1.12824/-3.84291e-05/3.24514e-08|
-1.13157/-3.64999e-05/3.25839e-08|
-1.1348/-3.45707e-05/3.25508e-08|
-1.1379/-3.26335e-05/3.25839e-08|
-1.1409/-3.06964e-05/3.26501e-08|
-1.14378/-2.87533e-05/3.2617e-08|
-1.14655/-2.68102e-05/3.27163e-08|
-1.1492/-2.48611e-05/3.26832e-08|
-1.15173/-2.2914e-05/3.27163e-08|
-1.15415/-2.0959e-05/3.27163e-08|
-1.15646/-1.90059e-05/3.27163e-08|
-1.15865/-1.70509e-05/3.27494e-08|
-1.16072/-1.50919e-05/3.27163e-08|
-1.16268/-1.31349e-05/3.27826e-08|
-1.16452/-1.11719e-05/3.27163e-08|
-1.16625/-9.2109e-06/3.27163e-08|
-1.16786/-7.24792e-06/3.27163e-08|
-1.16935/-5.28495e-06/3.26832e-08|
-1.17072/-3.32197e-06/3.27163e-08|
-1.17198/-1.357e-06/3.26501e-08|
-1.17312/6.05981e-07/3.2617e-08|
-1.17415/2.57293e-06/3.26501e-08|
-1.17505/4.53591e-06/3.25508e-08|
-1.17584/6.49889e-06/3.25839e-08|
-1.17651/8.46187e-06/3.24845e-08|
-1.17706/1.04229e-05/3.24514e-08|
-1.1775/1.23858e-05/3.24514e-08|
-1.17781/1.43449e-05/3.23852e-08|
-1.17801/1.63019e-05/3.23189e-08|
-1.1781/1.82609e-05/3.22859e-08|
-1.17806/2.02139e-05/3.21865e-08|
-1.1779/2.2169e-05/3.21865e-08|
-1.17763/2.4118e-05/3.21203e-08|
-1.17724/2.60651e-05/3.20209e-08|
-1.17673/2.80122e-05/3.19547e-08|
-1.17611/2.99553e-05/3.18554e-08|
-1.17537/3.18944e-05/3.18885e-08|
-1.17451/3.38316e-05/3.16898e-08|
-1.17353/3.57628e-05/3.16567e-08|
-1.17243/3.7694e-05/3.15573e-08|
-1.17122/3.96212e-05/3.15242e-08|
-1.16989/4.15425e-05/3.13255e-08|
-1.16844/4.34597e-05/3.13256e-08|
-1.16688/4.53711e-05/3.12262e-08|
-1.1652/4.72844e-05/3.10607e-08|
-1.1634/4.91858e-05/3.09944e-08|
-1.16149/5.10852e-05/3.0895e-08|
-1.15946/5.29786e-05/3.07626e-08|
-1.15731/5.487e-05/3.06633e-08|
-1.15505/5.67496e-05/3.05639e-08|
-1.15267/5.86291e-05/3.03985e-08|
-1.15018/6.05027e-05/3.0299e-08|
-1.14757/6.23663e-05/3.01996e-08|
-1.14485/6.4226e-05/3.00673e-08|
-1.14201/6.60797e-05/2.98685e-08|
-1.13906/6.79255e-05/2.98023e-08|
-1.136/6.97653e-05/2.96368e-08|
-1.13282/7.15991e-05/2.95374e-08|
-1.12952/7.3423e-05/2.93387e-08|
-1.12612/7.52409e-05/2.92394e-08|
-1.1226/7.70529e-05/2.90408e-08|
-1.11897/7.88569e-05/2.89082e-08|
-1.11523/8.06491e-05/2.87758e-08|
-1.11138/8.24372e-05/2.85771e-08|
-1.10741/8.42154e-05/2.84779e-08|
-1.10334/8.59876e-05/2.8246e-08|
-1.09915/8.7748e-05/2.81466e-08|
-1.09485/8.95023e-05/2.79148e-08|
-1.09045/9.12448e-05/2.77659e-08|
-1.08593/9.29793e-05/2.76167e-08|
-1.08131/9.47058e-05/2.73851e-08|
-1.07658/9.64204e-05/2.72525e-08|
-1.07174/9.81291e-05/2.7054e-08|
-1.06679/9.98239e-05/2.68552e-08|
-1.06174/0.000101513/2.66897e-08|
-1.05658/0.000103188/2.64909e-08|
-1.05132/0.000104854/2.63088e-08|
-1.04595/0.000106511/2.60605e-08|
-1.04047/0.000108154/2.59115e-08|
-1.03489/0.000109789/2.57127e-08|
-1.02921/0.000111412/2.54976e-08|
-1.02343/0.000113023/2.52658e-08|
-1.01754/0.000114625/2.50836e-08|
-1.01155/0.000116214/2.48683e-08|
-1.00546/0.000117793/2.46366e-08|
-0.999267/0.000119356/2.44378e-08|
-0.992976/0.000120911/2.42394e-08|
-0.986585/0.000122454/2.39743e-08|
-0.980096/0.000123984/2.37756e-08|
-0.973509/0.0001255/2.35273e-08|
-0.966824/0.000127005/2.33452e-08|
-0.960043/0.000128497/2.30636e-08|
-0.953165/0.000129975/2.2832e-08|
-0.946192/0.000131441/2.26498e-08|
-0.939125/0.000132896/2.23517e-08|
-0.931963/0.000134334/2.21531e-08|
-0.924709/0.000135761/2.18715e-08|
-0.917361/0.000137172/2.16729e-08|
-0.909922/0.000138573/2.13916e-08|
-0.902392/0.000139957/2.11595e-08|
-0.894772/0.000141327/2.08949e-08|
-0.887062/0.000142686/2.06463e-08|
-0.879264/0.000144027/2.03981e-08|
-0.871377/0.000145356/2.01663e-08|
-0.863404/0.000146668/1.9835e-08|
-0.855344/0.000147969/1.96364e-08|
-0.847198/0.000149252/1.9355e-08|
-0.838968/0.000150522/1.90902e-08|
-0.830653/0.000151775/1.88251e-08|
-0.822256/0.000153014/1.85437e-08|
-0.813776/0.000154238/1.82952e-08|
-0.805215/0.000155448/1.79808e-08|
-0.796574/0.000156638/1.77655e-08|
-0.787852/0.000157816/1.74509e-08|
-0.779052/0.000158978/1.71696e-08|
-0.770174/0.000160123/1.69045e-08|
-0.761219/0.000161252/1.66396e-08|
-0.752188/0.000162365/1.63251e-08|
-0.743081/0.000163463/1.606e-08|
-0.7339/0.000164542/1.57621e-08|
-0.724646/0.000165608/1.54641e-08|
-0.715319/0.000166655/1.52157e-08|
-0.705921/0.000167685/1.48847e-08|
-0.696452/0.000168699/1.46031e-08|
-0.686913/0.000169697/1.43218e-08|
-0.677306/0.000170677/1.39987e-08|
-0.667631/0.000171641/1.37506e-08|
-0.657889/0.000172586/1.34193e-08|
-0.648081/0.000173514/1.30882e-08|
-0.638209/0.000174427/1.28564e-08|
-0.628272/0.00017532/1.25253e-08|
-0.618273/0.000176196/1.21858e-08|
-0.608212/0.000177056/1.19374e-08|
-0.59809/0.000177896/1.16064e-08|
-0.587908/0.000178721/1.13e-08|
-0.577667/0.000179526/1.09937e-08|
-0.567369/0.000180311/1.06709e-08|
-0.557014/0.000181082/1.03978e-08|
-0.546603/0.000181834/1.00415e-08|
-0.536137/0.000182565/9.76021e-09|
-0.525618/0.000183281/9.45414e-09|
-0.515046/0.000183978/9.08961e-09|
-0.504423/0.000184656/8.8415e-09|
-0.493749/0.000185315/8.47698e-09|
-0.483026/0.000185956/8.17915e-09|
-0.472254/0.000186579/7.86434e-09|
-0.461436/0.000187182/7.51703e-09|
-0.450571/0.000187768/7.24758e-09|
-0.439661/0.000188335/6.90003e-09|
-0.428707/0.00018888/6.5731e-09|
-0.41771/0.000189411/6.26266e-09|
-0.406671/0.000189919/5.92748e-09|
-0.395592/0.00019041/5.63741e-09|
-0.384473/0.000190882/5.26925e-09|
-0.373316/0.000191333/4.99203e-09|
-0.362121/0.000191768/4.644e-09|
-0.35089/0.000192182/4.30906e-09|
-0.339624/0.000192576/4.01512e-09|
-0.328324/0.000192952/3.65277e-09|
-0.316991/0.000193308/3.33409e-09|
-0.305626/0.000193646/3.061e-09|
-0.294231/0.000193962/2.67173e-09|
-0.282807/0.000194261/2.38215e-09|
-0.271354/0.00019454/2.00647e-09|
-0.259874/0.000194799/1.75714e-09|
-0.248368/0.00019504/1.38461e-09|
-0.236837/0.000195259/1.01354e-09|
-0.225282/0.000195459/7.6155e-10|
-0.213705/0.000195642/4.09394e-10|
-0.202107/0.000195803/5.84502e-11|
-0.190488/0.000195946/-2.33801e-10|
-0.17885/0.000196066/-5.45939e-10|
-0.167195/0.000196171/-9.37628e-10|
-0.155522/0.000196255/-1.24686e-09|
-0.143834/0.000196315/-1.56142e-09|
-0.132132/0.000196361/-1.8721e-09|
-0.120416/0.000196386/-2.18546e-09|
-0.108689/0.000196389/-2.57254e-09|
-0.0969502/0.000196375/-2.84975e-09|
-0.0852021/0.000196342/-3.19754e-09|
-0.0734453/0.000196286/-3.51429e-09|
-0.0616814/0.000196211/-3.85771e-09|
-0.0499111/0.000196118/-4.1764e-09|
-0.0381358/0.000196005/-4.44561e-09|
-0.0263569/0.000195874/-4.87998e-09|
-0.0145752/0.00019572/-5.10796e-09|
-0.00279209/0.000195549/-5.45964e-09|
0.00899126/0.000195357/-5.77832e-09|
0.0207738/0.000195146/-6.12175e-09|
0.0325543/0.000194915/-6.3992e-09|
0.0443315/0.000194664/-6.78435e-09|
0.0561041/0.000194397/-7.06544e-09|
0.0678712/0.000194105/-7.36788e-09|
0.0796315/0.000193798/-7.77339e-09|
0.091384/0.00019347/-7.94729e-09|
0.103127/0.000193124/-8.39451e-09|
0.11486/0.000192756/-8.65912e-09|
0.126582/0.000192373/-8.93245e-09|
0.13829/0.000191965/-9.32147e-09|
0.149985/0.000191542/-9.5948e-09|
0.161665/0.000191099/-9.91737e-09|
0.173329/0.000190633/-1.02157e-08|
0.184975/0.000190156/-1.053e-08|
0.196603/0.000189653/-1.08863e-08|
0.208211/0.000189133/-1.11262e-08|
0.219799/0.000188597/-1.14572e-08|
0.231364/0.000188038/-1.17885e-08|
0.242906/0.000187462/-1.20534e-08|
0.254424/0.000186867/-1.24011e-08|
0.265917/0.000186254/-1.26825e-08|
0.277383/0.000185622/-1.29558e-08|
0.288821/0.000184969/-1.32951e-08|
0.30023/0.000184302/-1.35849e-08|
0.311609/0.000183614/-1.3883e-08|
0.322957/0.000182907/-1.41643e-08|
0.334273/0.000182184/-1.44209e-08|
0.345555/0.00018144/-1.4835e-08|
0.356803/0.000180679/-1.50171e-08|
0.368015/0.000179901/-1.53317e-08|
0.37919/0.000179104/-1.56462e-08|
0.390328/0.000178288/-1.59111e-08|
0.401426/0.000177455/-1.62424e-08|
0.412484/0.000176606/-1.64408e-08|
0.423501/0.00017574/-1.67888e-08|
0.434475/0.00017485/-1.70039e-08|
0.445406/0.000173949/-1.74012e-08|
0.456293/0.000173029/-1.75668e-08|
0.467133/0.000172091/-1.78482e-08|
0.477927/0.000171136/-1.81795e-08|
0.488674/0.000170161/-1.8461e-08|
0.499371/0.000169175/-1.86429e-08|
0.510018/0.000168168/-1.90072e-08|
0.520615/0.000167147/-1.91894e-08|
0.531159/0.000166103/-1.95039e-08|
0.54165/0.000165049/-1.98185e-08|
0.552087/0.000163978/-1.99344e-08|
0.562469/0.000162888/-2.02822e-08|
0.572794/0.00016178/-2.05636e-08|
0.583062/0.000160661/-2.07457e-08|
0.593272/0.000159521/-2.1077e-08|
0.603422/0.00015837/-2.12092e-08|
0.613512/0.000157199/-2.16234e-08|
0.623541/0.00015601/-2.17226e-08|
0.633507/0.000154814/-2.20537e-08|
0.64341/0.000153597/-2.22688e-08|
0.653249/0.000152363/-2.24182e-08|
0.663022/0.000151119/-2.28484e-08|
0.672729/0.000149854/-2.28814e-08|
0.682369/0.000148581/-2.33287e-08|
0.69194/0.000147284/-2.33287e-08|
0.701442/0.000145981/-2.37259e-08|
0.710874/0.000144657/-2.37921e-08|
0.720235/0.000143321/-2.42226e-08|
0.729524/0.000141976/-2.41896e-08|
0.73874/0.000140605/-2.46531e-08|
0.747881/0.000139232/-2.47691e-08|
0.756948/0.000137833/-2.49842e-08|
0.76594/0.000136433/-2.50671e-08|
0.774855/0.000135009/-2.55141e-08|
0.783692/0.000133582/-2.56299e-08|
0.79245/0.000132129/-2.57127e-08|
0.80113/0.000130677/-2.61101e-08|
0.809729/0.000129198/-2.6077e-08|
0.818248/0.000127712/-2.64247e-08|
0.826684/0.000126213/-2.65572e-08|
0.835038/0.000124709/-2.69214e-08|
0.843308/0.000123178/-2.68883e-08|
0.851494/0.00012164/-2.71035e-08|
0.859595/0.000120097/-2.7385e-08|
0.86761/0.000118531/-2.75009e-08|
0.875537/0.000116966/-2.76169e-08|
0.883378/0.000115381/-2.79479e-08|
0.89113/0.000113787/-2.79811e-08|
0.898792/0.000112172/-2.8279e-08|
0.906365/0.000110559/-2.82791e-08|
0.913848/0.000108932/-2.85441e-08|
0.921238/0.000107289/-2.87096e-08|
0.928537/0.000105639/-2.88089e-08|
0.935743/0.000103982/-2.90407e-08|
0.942855/0.000102305/-2.91401e-08|
0.949872/0.000100627/-2.92063e-08|
0.956795/9.89298e-05/-2.95043e-08|
0.963623/9.72331e-05/-2.95374e-08|
0.970353/9.55204e-05/-2.98023e-08|
0.976986/9.37978e-05/-2.98023e-08|
0.983522/9.20693e-05/-2.99349e-08|
0.98996/9.03269e-05/-3.01997e-08|
0.996298/8.85785e-05/-3.02327e-08|
1.00254/8.68261e-05/-3.03321e-08|
1.00868/8.50558e-05/-3.05309e-08|
1.01471/8.32836e-05/-3.05971e-08|
1.02065/8.14954e-05/-3.06632e-08|
1.02648/7.97073e-05/-3.09614e-08|
1.03221/7.79112e-05/-3.07626e-08|
1.03784/7.60992e-05/-3.12261e-08|
1.04337/7.42853e-05/-3.10276e-08|
1.04879/7.24653e-05/-3.12593e-08|
1.0541/7.06335e-05/-3.13918e-08|
1.05931/6.87977e-05/-3.14249e-08|
1.06441/6.69579e-05/-3.15242e-08|
1.06941/6.51002e-05/-3.15905e-08|
1.0743/6.32544e-05/-3.17229e-08|
1.07908/6.13809e-05/-3.1756e-08|
1.08376/5.95192e-05/-3.18885e-08|
1.08832/5.76437e-05/-3.18885e-08|
1.09278/5.57601e-05/-3.19547e-08|
1.09713/5.38746e-05/-3.21865e-08|
1.10137/5.19832e-05/-3.20872e-08|
1.10549/5.00878e-05/-3.21865e-08|
1.10951/4.81844e-05/-3.22196e-08|
1.11342/4.6279e-05/-3.23521e-08|
1.11721/4.43657e-05/-3.2319e-08|
1.1209/4.24524e-05/-3.24183e-08|
1.12447/4.05351e-05/-3.25176e-08|
1.12793/3.86039e-05/-3.23852e-08|
1.13127/3.66787e-05/-3.25839e-08|
1.1345/3.47475e-05/-3.25508e-08|
1.13762/3.28143e-05/-3.2617e-08|
1.14063/3.08732e-05/-3.2617e-08|
1.14352/2.89341e-05/-3.26501e-08|
1.1463/2.6989e-05/-3.26501e-08|
1.14896/2.50379e-05/-3.26501e-08|
1.1515/2.30948e-05/-3.28819e-08|
1.15394/2.11398e-05/-3.25176e-08|
1.15625/1.91867e-05/-3.28157e-08|
1.15845/1.72297e-05/-3.28157e-08|
1.16054/1.52727e-05/-3.27163e-08|
1.16251/1.33137e-05/-3.2617e-08|
1.16436/1.13547e-05/-3.28488e-08|
1.1661/9.39568e-06/-3.2617e-08|
1.16772/7.42277e-06/-3.27826e-08|
1.16922/5.47171e-06/-3.27163e-08|
1.1706/3.50277e-06/-3.26501e-08|
1.17187/1.53383e-06/-3.26832e-08|
1.17302/-4.29153e-07/-3.26501e-08|
1.17406/-2.38617e-06/-3.26501e-08|
1.17497/-4.3571e-06/-3.25508e-08|
1.17577/-6.31412e-06/-3.24845e-08|
1.17645/-8.28107e-06/-3.25839e-08|
1.17702/-1.02441e-05/-3.24845e-08|
1.17746/-1.22031e-05/-3.24514e-08|
1.17779/-1.41641e-05/-3.22527e-08|
1.178/-1.61231e-05/-3.24845e-08|
1.17809/-1.80821e-05/-3.21865e-08|
1.17807/-2.00351e-05/-3.22527e-08|
1.17792/-2.19842e-05/-3.21865e-08|
1.17766/-2.39392e-05/-3.20541e-08|
1.17728/-2.58883e-05/-3.21203e-08|
1.17679/-2.78354e-05/-3.18885e-08|
1.17617/-2.97705e-05/-3.19878e-08|
1.17544/-3.17196e-05/-3.17229e-08|
1.17459/-3.36508e-05/-3.18554e-08|
1.17362/-3.5586e-05/-3.15573e-08|
1.17254/-3.75172e-05/-3.16567e-08|
1.17134/-3.94404e-05/-3.14249e-08|
1.17002/-4.13676e-05/-3.13918e-08|
1.16858/-4.32809e-05/-3.12924e-08|
1.16703/-4.52002e-05/-3.13255e-08|
1.16536/-4.71036e-05/-3.09944e-08|
1.16357/-4.90149e-05/-3.09613e-08|
1.16167/-5.09083e-05/-3.09945e-08|
1.15965/-5.28077e-05/-3.07626e-08|
1.15751/-5.46932e-05/-3.06963e-08|
1.15526/-5.65767e-05/-3.05309e-08|
1.1529/-5.84543e-05/-3.03983e-08|
1.15041/-6.03338e-05/-3.03321e-08|
1.14782/-6.21935e-05/-3.01997e-08|
1.1451/-6.40511e-05/-3.00341e-08|
1.14228/-6.59108e-05/-2.9968e-08|
1.13934/-6.77566e-05/-2.97692e-08|
1.13628/-6.95984e-05/-2.97029e-08|
1.13311/-7.14302e-05/-2.94713e-08|
1.12983/-7.32541e-05/-2.94049e-08|
1.12644/-7.5074e-05/-2.92063e-08|
1.12293/-7.6886e-05/-2.90738e-08|
1.11931/-7.86881e-05/-2.89746e-08|
1.11558/-8.04861e-05/-2.86764e-08|
1.11174/-8.22723e-05/-2.87427e-08|
1.10778/-8.40545e-05/-2.84115e-08|
1.10372/-8.58227e-05/-2.82129e-08|
1.09954/-8.7587e-05/-2.82129e-08|
1.09525/-8.93394e-05/-2.79479e-08|
1.09086/-9.10838e-05/-2.77659e-08|
1.08635/-9.28223e-05/-2.76167e-08|
1.08174/-9.45429e-05/-2.74678e-08|
1.07702/-9.62675e-05/-2.71533e-08|
1.07219/-9.79722e-05/-2.71035e-08|
1.06725/-9.96649e-05/-2.70042e-08|
1.06221/-0.000101358/-2.66068e-08|
1.05706/-0.000103035/-2.64744e-08|
1.05181/-0.000104701/-2.63088e-08|
1.04645/-0.000106358/-2.61763e-08|
1.04098/-0.000108006/-2.58949e-08|
1.03541/-0.000109635/-2.57129e-08|
1.02974/-0.000111261/-2.54809e-08|
1.02396/-0.000112881/-2.53817e-08|
1.01809/-0.000114478/-2.50174e-08|
1.01211/-0.000116066/-2.4918e-08|
1.00602/-0.000117645/-2.47028e-08|
0.999842/-0.000119215/-2.44213e-08|
0.99356/-0.000120769/-2.42229e-08|
0.987178/-0.000122312/-2.39908e-08|
0.980698/-0.000123841/-2.38751e-08|
0.97412/-0.000125363/-2.34443e-08|
0.967444/-0.000126865/-2.34446e-08|
0.960671/-0.00012836/-2.30636e-08|
0.953803/-0.000129842/-2.28982e-08|
0.946839/-0.000131307/-2.26166e-08|
0.93978/-0.00013276/-2.23517e-08|
0.932627/-0.0001342/-2.22193e-08|
0.925381/-0.000135632/-2.19048e-08|
0.918042/-0.000137039/-2.16564e-08|
0.910612/-0.000138446/-2.14245e-08|
0.90309/-0.00013983/-2.12092e-08|
0.895478/-0.000141203/-2.09113e-08|
0.887777/-0.00014256/-2.06465e-08|
0.879986/-0.000143902/-2.04311e-08|
0.872108/-0.000145235/-2.01828e-08|
0.864142/-0.000146549/-1.98847e-08|
0.85609/-0.000147848/-1.96531e-08|
0.847952/-0.000149134/-1.93715e-08|
0.83973/-0.000150406/-1.91064e-08|
0.831423/-0.000151661/-1.88418e-08|
0.823033/-0.0001529/-1.85602e-08|
0.814561/-0.000154126/-1.83781e-08|
0.806008/-0.000155337/-1.79476e-08|
0.797373/-0.00015653/-1.77987e-08|
0.788659/-0.000157709/-1.75004e-08|
0.779866/-0.000158871/-1.72193e-08|
0.770996/-0.000160018/-1.6888e-08|
0.762048/-0.000161148/-1.66893e-08|
0.753023/-0.000162262/-1.63083e-08|
0.743923/-0.000163364/-1.61099e-08|
0.734749/-0.000164441/-1.58116e-08|
0.725502/-0.000165509/-1.54808e-08|
0.716182/-0.000166559/-1.52487e-08|
0.70679/-0.000167592/-1.48682e-08|
0.697327/-0.000168606/-1.46528e-08|
0.687795/-0.000169607/-1.43712e-08|
0.678194/-0.000170586/-1.40484e-08|
0.668525/-0.000171552/-1.37259e-08|
0.65879/-0.000172501/-1.34193e-08|
0.648988/-0.00017343/-1.31792e-08|
0.639121/-0.000174345/-1.28811e-08|
0.629191/-0.000175237/-1.24838e-08|
0.619197/-0.000176116/-1.23267e-08|
0.609142/-0.000176978/-1.1863e-08|
0.599025/-0.000177821/-1.16973e-08|
0.588849/-0.000178645/-1.13168e-08|
0.578614/-0.00017945/-1.09937e-08|
0.568321/-0.00018024/-1.07371e-08|
0.55797/-0.000181013/-1.03728e-08|
0.547565/-0.000181762/-1.0108e-08|
0.537104/-0.000182502/-9.78495e-09|
0.52659/-0.000183214/-9.48712e-09|
0.516023/-0.000183916/-9.12284e-09|
0.505404/-0.000184595/-8.85799e-09|
0.494735/-0.000185254/-8.50196e-09|
0.484016/-0.000185898/-8.19564e-09|
0.473249/-0.000186521/-7.92231e-09|
0.462435/-0.000187127/-7.55827e-09|
0.451574/-0.000187714/-7.26432e-09|
0.440668/-0.000188284/-6.90416e-09|
0.429718/-0.000188831/-6.63107e-09|
0.418725/-0.000189362/-6.27915e-09|
0.40769/-0.000189873/-5.96871e-09|
0.396615/-0.000190364/-5.65827e-09|
0.385499/-0.00019084/-5.3066e-09|
0.374346/-0.000191293/-5.02914e-09|
0.363154/-0.000191729/-4.64424e-09|
0.351927/-0.000192143/-4.36679e-09|
0.340664/-0.000192541/-4.01924e-09|
0.329367/-0.000192918/-3.70856e-09|
0.318037/-0.000193276/-3.35276e-09|
0.306675/-0.000193616/-3.08379e-09|
0.295283/-0.000193934/-2.69041e-09|
0.283861/-0.000194236/-2.41732e-09|
0.272411/-0.000194514/-2.10906e-09|
0.260933/-0.000194776/-1.67638e-09|
0.249429/-0.000195017/-1.44355e-09|
0.237901/-0.00019524/-1.09164e-09|
0.226348/-0.000195441/-7.8071e-10|
0.214773/-0.000195626/-4.29281e-10|
0.203177/-0.000195788/-9.74978e-11|
0.19156/-0.000195933/2.14883e-10|
0.179924/-0.000196059/5.64857e-10|
0.168269/-0.00019616/8.78451e-10|
0.156599/-0.000196246/1.17046e-09|
0.144912/-0.000196312/1.55948e-09|
0.133211/-0.000196359/1.81608e-09|
0.121497/-0.000196384/2.20195e-09|
0.10977/-0.00019639/2.51675e-09|
0.0980325/-0.000196377/2.84781e-09|
0.0862853/-0.000196344/3.1209e-09|
0.0745293/-0.000196291/3.53078e-09|
0.0627658/-0.000196221/3.78326e-09|
0.0509962/-0.000196127/4.13905e-09|
0.0392214/-0.000196018/4.50358e-09|
0.0274427/-0.000195886/4.73519e-09|
0.0156612/-0.000195735/5.13683e-09|
0.00387811/-0.000195564/5.43902e-09|
-0.00790531/-0.000195377/5.73273e-09|
-0.019688/-0.000195165/6.08876e-09|
-0.0314686/-0.000194938/6.39508e-09|
-0.043246/-0.00019469/6.75112e-09|
-0.0550192/-0.000194419/6.99923e-09|
-0.0667869/-0.000194135/7.37612e-09|
-0.078548/-0.000193827/7.69069e-09|
-0.0903011/-0.000193501/7.98876e-09|
-0.102045/-0.000193157/8.32806e-09|
-0.113779/-0.000192791/8.60964e-09|
-0.125502/-0.000192408/8.94894e-09|
-0.137212/-0.000192003/9.26351e-09|
-0.148908/-0.000191583/9.57807e-09|
-0.160589/-0.00019114/9.87614e-09|
-0.172254/-0.000190679/1.02157e-08|
-0.183903/-0.000190199/1.04888e-08|
-0.195532/-0.0001897/1.08363e-08|
-0.207142/-0.000189183/1.11097e-08|
-0.218732/-0.000188646/1.14492e-08|
-0.230299/-0.00018809/1.17303e-08|
-0.241844/-0.000187516/1.20451e-08|
-0.253364/-0.000186923/1.23514e-08|
-0.264859/-0.00018631/1.2666e-08|
-0.276327/-0.000185681/1.29393e-08|
-0.287768/-0.000185031/1.32536e-08|
-0.29918/-0.000184364/1.35767e-08|
-0.310562/-0.000183677/1.38001e-08|
-0.321913/-0.000182973/1.41893e-08|
-0.333232/-0.000182251/1.44374e-08|
-0.344517/-0.00018151/1.4719e-08|
-0.355768/-0.00018075/1.50171e-08|
-0.366983/-0.000179973/1.53317e-08|
-0.378162/-0.000179178/1.56132e-08|
-0.389303/-0.000178363/1.58778e-08|
-0.400405/-0.000177535/1.61597e-08|
-0.411466/-0.000176684/1.64905e-08|
-0.422487/-0.000175818/1.67226e-08|
-0.433465/-0.000174935/1.70204e-08|
-0.4444/-0.000174034/1.7335e-08|
-0.455291/-0.000173114/1.75503e-08|
-0.466136/-0.000172177/1.78482e-08|
-0.476934/-0.000171224/1.8163e-08|
-0.487685/-0.000170255/1.83614e-08|
-0.498387/-0.000169265/1.86927e-08|
-0.509039/-0.000168262/1.89245e-08|
-0.51964/-0.000167241/1.92226e-08|
-0.530189/-0.000166201/1.94542e-08|
-0.540685/-0.000165148/1.97193e-08|
-0.551127/-0.000164077/2.00336e-08|
-0.561514/-0.000162987/2.0216e-08|
-0.571845/-0.000161885/2.04973e-08|
-0.582118/-0.000160764/2.07789e-08|
-0.592333/-0.000159628/2.10105e-08|
-0.602489/-0.000158475/2.12424e-08|
-0.612585/-0.000157308/2.15405e-08|
-0.62262/-0.000156124/2.17391e-08|
-0.632592/-0.000154922/2.19875e-08|
-0.6425/-0.000153709/2.2269e-08|
-0.652345/-0.00015248/2.24677e-08|
-0.662124/-0.000151233/2.2716e-08|
-0.671837/-0.000149972/2.29476e-08|
-0.681483/-0.000148698/2.31962e-08|
-0.691061/-0.000147405/2.33949e-08|
-0.700569/-0.000146101/2.36597e-08|
-0.710008/-0.000144782/2.38583e-08|
-0.719375/-0.000143446/2.40737e-08|
-0.728671/-0.000142097/2.43551e-08|
-0.737893/-0.000140735/2.44877e-08|
-0.747042/-0.000139358/2.47523e-08|
-0.756116/-0.000137966/2.49677e-08|
-0.765114/-0.000136562/2.51666e-08|
-0.774036/-0.000135143/2.5365e-08|
-0.78288/-0.000133711/2.55804e-08|
-0.791646/-0.000132267/2.58121e-08|
-0.800333/-0.000130805/2.59611e-08|
-0.80894/-0.000129336/2.6193e-08|
-0.817466/-0.000127851/2.63585e-08|
-0.82591/-0.000126353/2.66068e-08|
-0.834271/-0.000124843/2.67228e-08|
-0.842549/-0.000123321/2.69711e-08|
-0.850743/-0.000121786/2.712e-08|
-0.858852/-0.000120237/2.73354e-08|
-0.866874/-0.00011868/2.74843e-08|
-0.87481/-0.000117108/2.76831e-08|
-0.882659/-0.000115527/2.78155e-08|
-0.890419/-0.00011393/2.80472e-08|
-0.89809/-0.000112327/2.81467e-08|
-0.905671/-0.000110709/2.83784e-08|
-0.913162/-0.000109081/2.84779e-08|
-0.920561/-0.000107441/2.87095e-08|
-0.927868/-0.000105792/2.88089e-08|
-0.935082/-0.000104131/2.89746e-08|
-0.942203/-0.000102462/2.914e-08|
-0.94923/-0.00010078/2.92725e-08|
-0.956161/-9.90907e-05/2.94382e-08|
-0.962997/-9.7388e-05/2.95374e-08|
-0.969737/-9.56794e-05/2.97361e-08|
-0.976379/-9.39568e-05/2.98354e-08|
-0.982924/-9.22283e-05/2.99679e-08|
-0.989371/-9.04898e-05/3.01004e-08|
-0.995718/-8.87414e-05/3.02328e-08|
-1.00197/-8.6985e-05/3.03652e-08|
-1.00811/-8.52187e-05/3.04646e-08|
-1.01416/-8.34465e-05/3.06302e-08|
-1.02011/-8.16623e-05/3.06633e-08|
-1.02595/-7.98722e-05/3.08619e-08|
-1.03169/-7.80741e-05/3.0895e-08|
-1.03733/-7.62681e-05/3.10606e-08|
-1.04286/-7.44541e-05/3.11269e-08|
-1.04829/-7.26322e-05/3.12593e-08|
-1.05361/-7.08044e-05/3.13255e-08|
-1.05883/-6.89665e-05/3.14249e-08|
-1.06395/-6.71267e-05/3.15242e-08|
-1.06895/-6.5275e-05/3.15904e-08|
-1.07385/-6.34213e-05/3.17229e-08|
-1.07865/-6.15577e-05/3.1756e-08|
-1.08333/-5.96901e-05/3.18222e-08|
-1.08791/-5.78145e-05/3.19547e-08|
-1.09237/-5.5935e-05/3.19878e-08|
-1.09673/-5.40495e-05/3.20541e-08|
-1.10098/-5.2158e-05/3.21203e-08|
-1.10512/-5.02626e-05/3.21865e-08|
-1.10915/-4.83592e-05/3.22527e-08|
-1.11306/-4.64539e-05/3.22859e-08|
-1.11687/-4.45445e-05/3.23852e-08|
-1.12056/-4.26273e-05/3.23852e-08|
-1.12414/-4.0708e-05/3.24514e-08|
-1.12761/-3.87847e-05/3.24514e-08|
-1.13097/-3.68575e-05/3.25839e-08|
-1.13421/-3.49263e-05/3.25177e-08|
-1.13734/-3.29912e-05/3.2617e-08|
-1.14036/-3.1054e-05/3.2617e-08|
-1.14326/-2.91109e-05/3.26501e-08|
-1.14604/-2.71678e-05/3.26832e-08|
-1.14872/-2.52207e-05/3.26501e-08|
-1.15127/-2.32736e-05/3.27494e-08|
-1.15372/-2.13186e-05/3.27163e-08|
-1.15604/-1.93675e-05/3.27163e-08|
-1.15826/-1.74105e-05/3.27494e-08|
-1.16035/-1.54535e-05/3.27163e-08|
-1.16233/-1.34945e-05/3.27494e-08|
-1.16419/-1.15335e-05/3.27494e-08|
-1.16594/-9.57449e-06/3.26832e-08|
-1.16757/-7.60953e-06/3.27826e-08|
-1.16908/-5.64655e-06/3.26501e-08|
-1.17048/-3.68357e-06/3.27163e-08|
-1.17176/-1.7186e-06/3.26501e-08|
-1.17292/2.44379e-07/3.26501e-08|
-1.17397/2.20935e-06/3.2617e-08|
-1.17489/4.17431e-06/3.25839e-08|
-1.1757/6.1353e-06/3.25508e-08|
-1.17639/8.10226e-06/3.25177e-08|
-1.17697/1.00613e-05/3.24845e-08|
-1.17743/1.20242e-05/3.24183e-08|
-1.17776/1.39833e-05/3.24183e-08|
-1.17799/1.59423e-05/3.23521e-08|
-1.17809/1.78993e-05/3.22196e-08|
-1.17807/1.98543e-05/3.22859e-08|
-1.17794/2.18074e-05/3.21534e-08|
-1.17769/2.37584e-05/3.21203e-08|
-1.17732/2.57075e-05/3.20541e-08|
-1.17684/2.76526e-05/3.19547e-08|
-1.17623/2.95977e-05/3.19216e-08|
-1.17551/3.15388e-05/3.18222e-08|
-1.17467/3.3472e-05/3.17229e-08|
-1.17372/3.54091e-05/3.16898e-08|
-1.17264/3.73383e-05/3.15904e-08|
-1.17145/3.92656e-05/3.14911e-08|
-1.17014/4.11888e-05/3.14249e-08|
-1.16872/4.31061e-05/3.12924e-08|
-1.16717/4.50214e-05/3.12262e-08|
-1.16552/4.69307e-05/3.10937e-08|
-1.16374/4.88341e-05/3.10276e-08|
-1.16185/5.07355e-05/3.0895e-08|
-1.15984/5.26309e-05/3.07957e-08|
-1.15771/5.45204e-05/3.06964e-08|
-1.15547/5.64059e-05/3.05308e-08|
-1.15312/5.82834e-05/3.04977e-08|
-1.15065/6.0157e-05/3.0299e-08|
-1.14806/6.20226e-05/3.01997e-08|
-1.14536/6.38843e-05/3.00673e-08|
-1.14254/6.5738e-05/2.99679e-08|
-1.13961/6.75857e-05/2.97692e-08|
-1.13657/6.94275e-05/2.9703e-08|
-1.13341/7.12593e-05/2.95043e-08|
-1.13014/7.30892e-05/2.94049e-08|
-1.12676/7.49071e-05/2.92725e-08|
-1.12326/7.67191e-05/2.90739e-08|
-1.11965/7.85232e-05/2.89082e-08|
-1.11593/8.03212e-05/2.88089e-08|
-1.11209/8.21074e-05/2.86434e-08|
-1.10815/8.38896e-05/2.84446e-08|
-1.1041/8.56598e-05/2.83453e-08|
-1.09993/8.74241e-05/2.81136e-08|
-1.09565/8.91805e-05/2.7981e-08|
-1.09127/9.09249e-05/2.7799e-08|
-1.08677/9.26594e-05/2.76334e-08|
-1.08217/9.43879e-05/2.74512e-08|
-1.07746/9.61065e-05/2.72526e-08|
-1.07264/9.78132e-05/2.70869e-08|
-1.06771/9.95139e-05/2.69049e-08|
-1.06268/0.000101201/2.67228e-08|
-1.05754/0.00010288/2.6524e-08|
-1.0523/0.000104548/2.63254e-08|
-1.04695/0.000106206/2.61432e-08|
-1.04149/0.000107853/2.59115e-08|
-1.03593/0.000109488/2.5746e-08|
-1.03027/0.000111113/2.55471e-08|
-1.0245/0.000112727/2.53155e-08|
-1.01863/0.000114331/2.51166e-08|
-1.01266/0.000115922/2.4885e-08|
-1.00659/0.000117502/2.47193e-08|
-1.00042/0.00011907/2.4471e-08|
-0.994143/0.000120625/2.42229e-08|
-0.987771/0.00012217/2.40735e-08|
-0.9813/0.000123702/2.37924e-08|
-0.97473/0.000125221/2.35768e-08|
-0.968064/0.000126728/2.33619e-08|
-0.9613/0.000128222/2.31463e-08|
-0.95444/0.000129705/2.28652e-08|
-0.947485/0.000131173/2.26828e-08|
-0.940435/0.000132626/2.2418e-08|
-0.93329/0.000134071/2.21531e-08|
-0.926053/0.000135498/2.1971e-08|
-0.918723/0.000136913/2.16729e-08|
-0.911301/0.000138315/2.14575e-08|
-0.903787/0.000139703/2.11929e-08|
-0.896184/0.000141075/2.09776e-08|
-0.88849/0.000142436/2.06795e-08|
-0.880708/0.000143781/2.04311e-08|
-0.872838/0.00014511/2.01828e-08|
-0.86488/0.000146429/1.99344e-08|
-0.856836/0.000147729/1.96696e-08|
-0.848706/0.000149017/1.9388e-08|
-0.840491/0.000150288/1.91561e-08|
-0.832192/0.000151547/1.88583e-08|
-0.82381/0.000152788/1.861e-08|
-0.815346/0.000154013/1.83119e-08|
-0.806799/0.000155224/1.80965e-08|
-0.798173/0.00015642/1.7749e-08|
-0.789466/0.000157601/1.75503e-08|
-0.78068/0.000158764/1.7219e-08|
-0.771816/0.000159913/1.69542e-08|
-0.762875/0.000161045/1.66561e-08|
-0.753858/0.000162161/1.63913e-08|
-0.744765/0.00016326/1.61099e-08|
-0.735598/0.000164346/1.58284e-08|
-0.726357/0.000165411/1.55303e-08|
-0.717044/0.000166464/1.52157e-08|
-0.707659/0.000167497/1.49839e-08|
-0.698203/0.000168514/1.46695e-08|
-0.688677/0.000169514/1.43547e-08|
-0.679082/0.000170497/1.40734e-08|
-0.669419/0.000171464/1.37586e-08|
-0.65969/0.000172413/1.34937e-08|
-0.649894/0.000173345/1.31712e-08|
-0.640033/0.000174258/1.28646e-08|
-0.630109/0.000175157/1.2608e-08|
-0.620121/0.000176037/1.2252e-08|
-0.610071/0.000176899/1.19954e-08|
-0.59996/0.000177743/1.16561e-08|
-0.589789/0.000178569/1.13415e-08|
-0.579559/0.000179378/1.10517e-08|
-0.569272/0.000180168/1.07371e-08|
-0.558927/0.00018094/1.04473e-08|
-0.548526/0.000181697/1.0108e-08|
-0.538071/0.000182432/9.83467e-09|
-0.527561/0.000183152/9.47063e-09|
-0.516999/0.000183851/9.18905e-09|
-0.506385/0.000184532/8.85775e-09|
-0.49572/0.000185195/8.56817e-09|
-0.485006/0.000185839/8.22887e-09|
-0.474244/0.000186466/7.91406e-09|
-0.463433/0.000187072/7.60798e-09|
-0.452577/0.000187662/7.26019e-09|
-0.441675/0.00018823/6.97861e-09|
-0.430729/0.000188782/6.63519e-09|
-0.41974/0.000189313/6.3165e-09|
-0.408709/0.000189827/6.01018e-09|
-0.397637/0.000190321/5.65827e-09|
-0.386526/0.000190796/5.3602e-09|
-0.375375/0.000191252/5.03739e-09|
-0.364187/0.000191688/4.69809e-09|
-0.352963/0.000192107/4.40826e-09|
-0.341703/0.000192505/4.01512e-09|
-0.330409/0.000192884/3.7687e-09|
-0.319083/0.000193244/3.39205e-09|
-0.307724/0.000193584/3.06294e-09|
-0.296334/0.000193906/2.75055e-09|
-0.284915/0.000194208/2.43793e-09|
-0.273467/0.00019449/2.10687e-09|
-0.261992/0.000194754/1.79328e-09|
-0.250491/0.000194995/1.42512e-09|
-0.238964/0.000195221/1.15057e-09|
-0.227414/0.000195425/7.40935e-10|
-0.215841/0.000195609/4.87974e-10|
-0.204246/0.000195774/1.36545e-10|
-0.192631/0.00019592/-1.75351e-10|
-0.180997/0.000196046/-5.07619e-10|
-0.169344/0.000196154/-8.97126e-10|
-0.157675/0.000196239/-1.13068e-09|
-0.14599/0.000196308/-1.48381e-09|
-0.13429/0.000196353/-1.87089e-09|
-0.122577/0.000196382/-2.10906e-09|
-0.110851/0.00019639/-2.49371e-09|
-0.0991148/0.00019638/-2.81046e-09|
-0.0873684/0.000196349/-3.16043e-09|
-0.0756132/0.000196296/-3.43134e-09|
-0.0638504/0.000196228/-3.78326e-09|
-0.0520812/0.000196139/-4.09782e-09|
-0.0403068/0.000196026/-4.44973e-09|
-0.0285283/0.0001959/-4.7187e-09|
-0.0167471/0.00019575/-5.14507e-09|
-0.00496421/0.000195582/-5.35195e-09|
0.00681921/0.000195392/-5.77008e-09|
0.018602/0.000195186/-6.00582e-09|
0.030383/0.000194959/-6.39945e-09|
0.0421607/0.000194713/-6.6723e-09|
0.0539344/0.000194446/-7.01596e-09|
0.0657027/0.000194163/-7.3429e-09|
0.0774643/0.000193854/-7.64097e-09|
0.0892182/0.000193533/-7.95553e-09|
0.100963/0.000193187/-8.27858e-09|
0.112698/0.000192827/-8.61789e-09|
0.124422/0.000192443/-8.93221e-09|
0.136133/0.000192042/-9.20578e-09|
0.14783/0.000191621/-9.56158e-09|
0.159513/0.000191181/-9.8679e-09|
0.17118/0.000190722/-1.0141e-08|
0.18283/0.000190245/-1.0497e-08|
0.194461/0.000189748/-1.07619e-08|
0.206073/0.000189231/-1.11264e-08|
0.217664/0.000188695/-1.14242e-08|
0.229234/0.000188143/-1.17056e-08|
0.24078/0.000187569/-1.19706e-08|
0.252303/0.000186977/-1.23762e-08|
0.2638/0.000186369/-1.25915e-08|
0.275271/0.000185739/-1.29143e-08|
0.286714/0.000185093/-1.32704e-08|
0.298129/0.000184426/-1.34937e-08|
0.309514/0.00018374/-1.38498e-08|
0.320868/0.000183038/-1.40899e-08|
0.33219/0.00018232/-1.44209e-08|
0.343478/0.000181577/-1.47025e-08|
0.354732/0.000180822/-1.50336e-08|
0.365951/0.000180047/-1.5249e-08|
0.377133/0.000179251/-1.55635e-08|
0.388278/0.000178441/-1.59276e-08|
0.399383/0.00017761/-1.61099e-08|
0.410449/0.000176765/-1.64078e-08|
0.421473/0.000175899/-1.67885e-08|
0.432455/0.000175017/-1.69212e-08|
0.443395/0.000174115/-1.7335e-08|
0.454289/0.0001732/-1.75336e-08|
0.465138/0.000172266/-1.78484e-08|
0.475941/0.000171311/-1.8047e-08|
0.486696/0.000170344/-1.84276e-08|
0.497403/0.00016936/-1.85935e-08|
0.508059/0.000168352/-1.8974e-08|
0.518665/0.000167337/-1.91894e-08|
0.529219/0.000166297/-1.93715e-08|
0.53972/0.000165245/-1.9769e-08|
0.550167/0.000164174/-1.99179e-08|
0.560559/0.000163091/-2.0249e-08|
0.570895/0.000161986/-2.04809e-08|
0.581174/0.00016087/-2.07125e-08|
0.591394/0.000159732/-2.10273e-08|
0.601556/0.00015858/-2.12259e-08|
0.611657/0.000157418/-2.14908e-08|
0.621697/0.000156232/-2.17226e-08|
0.631675/0.000155037/-2.1971e-08|
0.64159/0.000153822/-2.22855e-08|
0.65144/0.000152593/-2.23847e-08|
0.661226/0.00015135/-2.26995e-08|
0.670945/0.000150088/-2.29476e-08|
0.680597/0.000148815/-2.31962e-08|
0.690181/0.000147525/-2.33452e-08|
0.699696/0.000146222/-2.35603e-08|
0.709141/0.000144904/-2.39413e-08|
0.718515/0.000143567/-2.40405e-08|
0.727817/0.000142224/-2.43386e-08|
0.737046/0.000140862/-2.44545e-08|
0.746202/0.000139485/-2.47526e-08|
0.755283/0.000138093/-2.49512e-08|
0.764288/0.000136692/-2.50504e-08|
0.773217/0.000135279/-2.53982e-08|
0.782069/0.000133842/-2.56632e-08|
0.790842/0.0001324/-2.57127e-08|
0.799536/0.000130939/-2.58618e-08|
0.80815/0.000129472/-2.62592e-08|
0.816684/0.000127987/-2.64413e-08|
0.825135/0.00012649/-2.64082e-08|
0.833504/0.000124987/-2.68221e-08|
0.84179/0.000123463/-2.69379e-08|
0.849991/0.000121923/-2.70704e-08|
0.858108/0.000120381/-2.72857e-08|
0.866139/0.000118829/-2.7534e-08|
0.874083/0.000117253/-2.76003e-08|
0.881939/0.000115667/-2.78983e-08|
0.889707/0.000114082/-2.78817e-08|
0.897387/0.000112473/-2.82791e-08|
0.904976/0.000110857/-2.83453e-08|
0.912475/0.000109232/-2.84115e-08|
0.919883/0.000107595/-2.86434e-08|
0.927198/0.000105943/-2.89413e-08|
0.934421/0.000104287/-2.8842e-08|
0.941551/0.000102613/-2.91732e-08|
0.948586/0.00010094/-2.93056e-08|
0.955526/9.92437e-05/-2.93056e-08|
0.962371/9.7543e-05/-2.96037e-08|
0.969119/9.58383e-05/-2.96698e-08|
0.975771/9.41197e-05/-2.98685e-08|
0.982325/9.23832e-05/-3.00011e-08|
0.988781/9.06527e-05/-2.99347e-08|
0.995137/8.89023e-05/-3.03983e-08|
1.00139/8.7144e-05/-3.02659e-08|
1.00755/8.53856e-05/-3.04647e-08|
1.01361/8.36094e-05/-3.0597e-08|
1.01956/8.18292e-05/-3.06964e-08|
1.02541/8.00371e-05/-3.08288e-08|
1.03117/7.82371e-05/-3.0895e-08|
1.03681/7.6441e-05/-3.10276e-08|
1.04236/7.46171e-05/-3.116e-08|
1.04779/7.28011e-05/-3.12262e-08|
1.05313/7.09732e-05/-3.12593e-08|
1.05836/6.91374e-05/-3.15573e-08|
1.06348/6.72956e-05/-3.13918e-08|
1.0685/6.54459e-05/-3.15904e-08|
1.07341/6.35922e-05/-3.17229e-08|
1.07821/6.17305e-05/-3.18222e-08|
1.0829/5.98609e-05/-3.17891e-08|
1.08749/5.79874e-05/-3.18222e-08|
1.09197/5.61118e-05/-3.21534e-08|
1.09633/5.42184e-05/-3.19216e-08|
1.10059/5.23349e-05/-3.22859e-08|
1.10474/5.04394e-05/-3.19878e-08|
1.10878/4.85361e-05/-3.22859e-08|
1.11271/4.66267e-05/-3.23521e-08|
1.11652/4.47194e-05/-3.23521e-08|
1.12023/4.281e-05/-3.23521e-08|
1.12382/4.08808e-05/-3.25177e-08|
1.1273/3.89655e-05/-3.24514e-08|
1.13066/3.70284e-05/-3.24845e-08|
1.13392/3.51091e-05/-3.25839e-08|
1.13706/3.3172e-05/-3.25508e-08|
1.14008/3.12308e-05/-3.2617e-08|
1.14299/2.92897e-05/-3.27494e-08|
1.14579/2.73486e-05/-3.26501e-08|
1.14848/2.53975e-05/-3.25839e-08|
1.15104/2.34505e-05/-3.27163e-08|
1.1535/2.15014e-05/-3.27825e-08|
1.15583/1.95463e-05/-3.28157e-08|
1.15806/1.75933e-05/-3.25839e-08|
1.16016/1.56363e-05/-3.27826e-08|
1.16215/1.36713e-05/-3.27826e-08|
1.16403/1.17123e-05/-3.26501e-08|
1.16578/9.75728e-06/-3.28157e-08|
1.16743/7.7943e-06/-3.26832e-08|
1.16895/5.82735e-06/-3.26832e-08|
1.17036/3.85841e-06/-3.26832e-08|
1.17165/1.90337e-06/-3.27163e-08|
1.17282/-6.35783e-08/-3.26501e-08|
1.17387/-2.03053e-06/-3.25508e-08|
1.17481/-3.98954e-06/-3.26501e-08|
1.17563/-5.95848e-06/-3.25177e-08|
1.17634/-7.91947e-06/-3.24845e-08|
1.17692/-9.88046e-06/-3.2617e-08|
1.17739/-1.18415e-05/-3.22859e-08|
1.17774/-1.38044e-05/-3.24514e-08|
1.17797/-1.57634e-05/-3.24514e-08|
1.17808/-1.77165e-05/-3.21865e-08|
1.17808/-1.96755e-05/-3.22527e-08|
1.17796/-2.16266e-05/-3.21534e-08|
1.17772/-2.35756e-05/-3.21534e-08|
1.17736/-2.55326e-05/-3.20209e-08|
1.17689/-2.74698e-05/-3.20209e-08|
1.17629/-2.94169e-05/-3.18885e-08|
1.17558/-3.1364e-05/-3.18554e-08|
1.17476/-3.32952e-05/-3.17229e-08|
1.17381/-3.52303e-05/-3.16898e-08|
1.17275/-3.71595e-05/-3.15904e-08|
1.17157/-3.90887e-05/-3.14911e-08|
1.17027/-4.101e-05/-3.14249e-08|
1.16885/-4.29312e-05/-3.12924e-08|
1.16732/-4.48445e-05/-3.13586e-08|
1.16567/-4.67559e-05/-3.09944e-08|
1.16391/-4.86592e-05/-3.10276e-08|
1.16203/-5.05606e-05/-3.09282e-08|
1.16003/-5.24561e-05/-3.07957e-08|
1.15792/-5.43455e-05/-3.07626e-08|
1.15569/-5.6231e-05/-3.04977e-08|
1.15334/-5.81086e-05/-3.04978e-08|
1.15088/-5.99901e-05/-3.02659e-08|
1.1483/-6.18498e-05/-3.03321e-08|
1.14561/-6.37114e-05/-3.0001e-08|
1.14281/-6.55671e-05/-2.9968e-08|
1.13989/-6.74148e-05/-2.98354e-08|
1.13685/-6.92606e-05/-2.97029e-08|
1.13371/-7.10905e-05/-2.94713e-08|
1.13045/-7.29203e-05/-2.95043e-08|
1.12707/-7.47363e-05/-2.92394e-08|
1.12359/-7.65562e-05/-2.90075e-08|
1.11999/-7.83563e-05/-2.90408e-08|
1.11628/-8.01543e-05/-2.88089e-08|
1.11245/-8.19445e-05/-2.86765e-08|
1.10852/-8.37266e-05/-2.83122e-08|
1.10447/-8.54949e-05/-2.84446e-08|
1.10032/-8.72652e-05/-2.81798e-08|
1.09605/-8.90195e-05/-2.79479e-08|
1.09168/-9.076e-05/-2.7832e-08|
1.08719/-9.25024e-05/-2.76169e-08|
1.0826/-9.4231e-05/-2.75174e-08|
1.0779/-9.59516e-05/-2.72195e-08|
1.07309/-9.76503e-05/-2.71698e-08|
1.06817/-9.9357e-05/-2.68884e-08|
1.06315/-0.000101048/-2.67227e-08|
1.05802/-0.000102725/-2.65572e-08|
1.05278/-0.000104395/-2.63419e-08|
1.04744/-0.000106052/-2.61765e-08|
1.042/-0.000107703/-2.58949e-08|
1.03645/-0.000109336/-2.57956e-08|
1.03079/-0.000110966/-2.55471e-08|
1.02504/-0.000112579/-2.52823e-08|
1.01918/-0.000114183/-2.52825e-08|
1.01322/-0.000115776/-2.47691e-08|
1.00715/-0.000117357/-2.48185e-08|
1.00099/-0.000118927/-2.44048e-08|
0.994725/-0.000120481/-2.43221e-08|
0.988362/-0.000122029/-2.40902e-08|
0.9819/-0.000123561/-2.37756e-08|
0.97534/-0.000125078/-2.36267e-08|
0.968682/-0.000126595/-2.33616e-08|
0.961927/-0.000128081/-2.3196e-08|
0.955076/-0.000129571/-2.28817e-08|
0.94813/-0.000131035/-2.26663e-08|
0.941088/-0.000132494/-2.24842e-08|
0.933953/-0.00013394/-2.21366e-08|
0.926724/-0.000135366/-2.20204e-08|
0.919402/-0.000136784/-2.16896e-08|
0.911988/-0.000138185/-2.1441e-08|
0.904484/-0.000139577/-2.12756e-08|
0.896888/-0.00014095/-2.0994e-08|
0.889203/-0.00014231/-2.0663e-08|
0.881429/-0.000143659/-2.04809e-08|
0.873567/-0.000144987/-2.01993e-08|
0.865617/-0.000146309/-1.99509e-08|
0.857581/-0.00014761/-1.97358e-08|
0.849459/-0.000148896/-1.9388e-08|
0.841252/-0.000150173/-1.91564e-08|
0.832961/-0.000151433/-1.89078e-08|
0.824586/-0.000152672/-1.86265e-08|
0.816129/-0.000153901/-1.83616e-08|
0.80759/-0.000155113/-1.81133e-08|
0.798971/-0.00015631/-1.77322e-08|
0.790272/-0.000157494/-1.76001e-08|
0.781493/-0.000158658/-1.72523e-08|
0.772637/-0.000159807/-1.69707e-08|
0.763703/-0.000160941/-1.66893e-08|
0.754692/-0.000162059/-1.64243e-08|
0.745606/-0.000163161/-1.61099e-08|
0.736446/-0.000164248/-1.58781e-08|
0.727212/-0.000165311/-1.55633e-08|
0.717905/-0.000166367/-1.52157e-08|
0.708527/-0.000167403/-1.50338e-08|
0.699077/-0.000168421/-1.46858e-08|
0.689558/-0.000169422/-1.43715e-08|
0.679969/-0.000170408/-1.41146e-08|
0.670313/-0.000171374/-1.37753e-08|
0.660589/-0.000172327/-1.35352e-08|
0.650799/-0.000173261/-1.32207e-08|
0.640945/-0.000174174/-1.28729e-08|
0.631026/-0.000175076/-1.2608e-08|
0.621044/-0.000175957/-1.23182e-08|
0.611/-0.000176819/-1.19874e-08|
0.600894/-0.000177666/-1.16973e-08|
0.590729/-0.000178493/-1.1391e-08|
0.580505/-0.000179305/-1.10767e-08|
0.570222/-0.000180098/-1.07371e-08|
0.559883/-0.00018087/-1.04888e-08|
0.549487/-0.000181627/-1.0141e-08|
0.539037/-0.000182366/-9.8679e-09|
0.528532/-0.000183085/-9.48712e-09|
0.517975/-0.000183787/-9.1973e-09|
0.507365/-0.00018447/-8.9407e-09|
0.496705/-0.000185135/-8.58466e-09|
0.485996/-0.000185779/-8.22062e-09|
0.475238/-0.000186409/-7.97202e-09|
0.464432/-0.000187017/-7.63272e-09|
0.45358/-0.000187609/-7.30142e-09|
0.442682/-0.000188178/-6.9871e-09|
0.43174/-0.00018873/-6.66405e-09|
0.420755/-0.000189267/-6.3621e-09|
0.409728/-0.000189782/-6.04729e-09|
0.398659/-0.000190275/-5.65415e-09|
0.387551/-0.000190753/-5.42665e-09|
0.376405/-0.000191211/-5.06625e-09|
0.36522/-0.000191649/-4.68572e-09|
0.353999/-0.000192069/-4.44537e-09|
0.342742/-0.000192468/-4.0937e-09|
0.331452/-0.00019285/-3.74809e-09|
0.320128/-0.000193213/-3.43352e-09|
0.308772/-0.000193552/-3.11896e-09|
0.297385/-0.000193878/-2.77117e-09|
0.285969/-0.000194182/-2.4959e-09|
0.274523/-0.000194463/-2.10687e-09|
0.263051/-0.00019473/-1.79546e-09|
0.251552/-0.000194975/-1.48066e-09|
0.240028/-0.0001952/-1.13262e-09|
0.22848/-0.000195406/-8.57835e-10|
0.216909/-0.000195593/-4.67844e-10|
0.205316/-0.00019576/-1.75836e-10|
0.193703/-0.000195909/1.36545e-10|
0.18207/-0.000196036/4.87974e-10|
0.170419/-0.000196143/8.5735e-10|
0.158751/-0.000196232/1.09333e-09|
0.147068/-0.0001963/1.50152e-09|
0.135369/-0.000196352/1.79425e-09|
0.123657/-0.00019638/2.0882e-09|
0.111933/-0.00019639/2.47528e-09|
0.100197/-0.000196382/2.77117e-09|
0.0884514/-0.000196353/3.1209e-09|
0.0766969/-0.000196301/3.39205e-09|
0.0649347/-0.000196236/3.76676e-09|
0.0531661/-0.000196146/4.0772e-09|
0.0413922/-0.000196038/4.42475e-09|
0.0296142/-0.000195913/4.70633e-09|
0.0178331/-0.000195764/5.06625e-09|
0.0060503/-0.000195598/5.36456e-09|
-0.00573312/-0.000195411/5.67888e-09|
-0.017516/-0.000195207/6.04341e-09|
-0.0292972/-0.000194981/6.34124e-09|
-0.0410753/-0.000194737/6.6558e-09|
-0.0528494/-0.000194471/6.97449e-09|
-0.0646182/-0.000194189/7.30167e-09|
-0.0763805/-0.000193885/7.62448e-09|
-0.0881352/-0.000193563/7.93904e-09|
-0.0998811/-0.000193222/8.26185e-09|
-0.111617/-0.00019286/8.55143e-09|
-0.123342/-0.000192479/8.91596e-09|
-0.135054/-0.00019208/9.18905e-09|
-0.146753/-0.000191661/9.51186e-09|
-0.158437/-0.000191223/9.83491e-09|
-0.170105/-0.000190766/1.0141e-08|
-0.181757/-0.000190289/1.04391e-08|
-0.19339/-0.000189794/1.07786e-08|
-0.205004/-0.000189281/1.10682e-08|
-0.216597/-0.000188746/1.13828e-08|
-0.228168/-0.000188194/1.16561e-08|
-0.239717/-0.000187624/1.20036e-08|
-0.251242/-0.000187033/1.23184e-08|
-0.262742/-0.000186425/1.25748e-08|
-0.274215/-0.000185799/1.28896e-08|
-0.285661/-0.000185152/1.32124e-08|
-0.297078/-0.000184488/1.34937e-08|
-0.308466/-0.000183805/1.38001e-08|
-0.319823/-0.000183105/1.40816e-08|
-0.331148/-0.000182385/1.44045e-08|
-0.342439/-0.000181646/1.46693e-08|
-0.353697/-0.000180892/1.49509e-08|
-0.364919/-0.000180118/1.52987e-08|
-0.376104/-0.000179326/1.55303e-08|
-0.387252/-0.000178516/1.58449e-08|
-0.398361/-0.000177688/1.60932e-08|
-0.40943/-0.000176843/1.6441e-08|
-0.420459/-0.000175979/1.67058e-08|
-0.431445/-0.000175099/1.69542e-08|
-0.442388/-0.000174202/1.72358e-08|
-0.453287/-0.000173284/1.75336e-08|
-0.46414/-0.000172352/1.78152e-08|
-0.474947/-0.000171401/1.808e-08|
-0.485707/-0.000170436/1.83284e-08|
-0.496418/-0.000169449/1.86597e-08|
-0.507079/-0.000168447/1.88583e-08|
-0.51769/-0.000167429/1.91561e-08|
-0.528249/-0.000166395/1.94377e-08|
-0.538754/-0.000165343/1.96531e-08|
-0.549207/-0.000164274/1.99841e-08|
-0.559604/-0.00016319/2.01496e-08|
-0.569945/-0.00016209/2.04973e-08|
-0.580229/-0.00016097/2.07127e-08|
-0.590455/-0.000159839/2.09443e-08|
-0.600622/-0.000158689/2.12424e-08|
-0.610729/-0.000157523/2.14413e-08|
-0.620774/-0.000156344/2.17226e-08|
-0.630758/-0.000155145/2.19377e-08|
-0.640679/-0.000153936/2.22193e-08|
-0.650535/-0.000152706/2.24344e-08|
-0.660327/-0.000151463/2.26663e-08|
-0.670052/-0.000150207/2.28982e-08|
-0.67971/-0.000148932/2.3163e-08|
-0.6893/-0.000147646/2.33616e-08|
-0.698822/-0.000146342/2.3577e-08|
-0.708273/-0.000145026/2.38583e-08|
-0.717654/-0.000143693/2.40405e-08|
-0.726963/-0.000142347/2.42559e-08|
-0.736199/-0.000140987/2.45042e-08|
-0.745361/-0.000139613/2.47028e-08|
-0.754449/-0.000138223/2.4918e-08|
-0.763461/-0.000136821/2.51168e-08|
-0.772397/-0.000135407/2.53485e-08|
-0.781256/-0.000133975/2.55472e-08|
-0.790036/-0.000132533/2.57459e-08|
-0.798738/-0.000131078/2.59446e-08|
-0.80736/-0.000129607/2.61597e-08|
-0.8159/-0.000128125/2.63254e-08|
-0.82436/-0.00012663/2.65406e-08|
-0.832736/-0.000125123/2.67394e-08|
-0.84103/-0.000123602/2.69048e-08|
-0.849239/-0.000122069/2.71035e-08|
-0.857364/-0.000120525/2.72526e-08|
-0.865402/-0.000118968/2.75009e-08|
-0.873354/-0.000117398/2.76169e-08|
-0.881219/-0.000115819/2.78155e-08|
-0.888995/-0.000114226/2.7981e-08|
-0.896683/-0.000112622/2.81798e-08|
-0.90428/-0.000111008/2.82791e-08|
-0.911788/-0.000109381/2.85108e-08|
-0.919204/-0.000107746/2.86103e-08|
-0.926528/-0.000106096/2.88089e-08|
-0.93376/-0.000104439/2.89413e-08|
-0.940898/-0.00010277/2.91401e-08|
-0.947942/-0.000101091/2.92393e-08|
-0.954891/-9.94007e-05/2.9372e-08|
-0.961744/-9.77039e-05/2.95705e-08|
-0.968502/-9.59933e-05/2.96699e-08|
-0.975162/-9.42767e-05/2.98023e-08|
-0.981725/-9.25481e-05/2.99679e-08|
-0.98819/-9.08116e-05/3.00673e-08|
-0.994555/-8.90632e-05/3.02328e-08|
-1.00082/-8.73089e-05/3.03321e-08|
-1.00699/-8.55466e-05/3.04315e-08|
-1.01305/-8.37723e-05/3.0597e-08|
-1.01902/-8.19921e-05/3.06633e-08|
-1.02488/-8.0204e-05/3.08288e-08|
-1.03064/-7.84059e-05/3.0895e-08|
-1.0363/-7.66019e-05/3.10276e-08|
-1.04185/-7.47879e-05/3.11268e-08|
-1.0473/-7.2968e-05/3.11931e-08|
-1.05264/-7.11421e-05/3.13586e-08|
-1.05788/-6.93063e-05/3.13918e-08|
-1.06301/-6.74665e-05/3.14911e-08|
-1.06804/-6.56168e-05/3.15904e-08|
-1.07296/-6.37631e-05/3.16898e-08|
-1.07777/-6.19014e-05/3.1756e-08|
-1.08248/-6.00338e-05/3.18222e-08|
-1.08707/-5.81622e-05/3.18885e-08|
-1.09156/-5.62807e-05/3.20209e-08|
-1.09594/-5.43972e-05/3.20209e-08|
-1.10021/-5.25077e-05/3.21203e-08|
-1.10436/-5.06123e-05/3.21865e-08|
-1.10841/-4.87109e-05/3.22527e-08|
-1.11235/-4.68055e-05/3.22527e-08|
-1.11617/-4.48962e-05/3.23852e-08|
-1.11989/-4.29829e-05/3.23521e-08|
-1.12349/-4.10616e-05/3.24514e-08|
-1.12698/-3.91404e-05/3.24845e-08|
-1.13036/-3.72132e-05/3.25177e-08|
-1.13362/-3.5282e-05/3.25508e-08|
-1.13677/-3.33468e-05/3.25839e-08|
-1.13981/-3.14116e-05/3.26501e-08|
-1.14273/-2.94685e-05/3.2617e-08|
-1.14554/-2.75274e-05/3.26501e-08|
-1.14823/-2.55803e-05/3.27163e-08|
-1.15081/-2.36313e-05/3.27163e-08|
-1.15328/-2.16802e-05/3.27163e-08|
-1.15562/-1.97272e-05/3.26832e-08|
-1.15786/-1.77721e-05/3.27826e-08|
-1.15997/-1.58131e-05/3.27163e-08|
-1.16197/-1.38561e-05/3.27494e-08|
-1.16386/-1.18971e-05/3.27163e-08|
-1.16563/-9.93411e-06/3.27494e-08|
-1.16728/-7.97113e-06/3.27163e-08|
-1.16881/-6.00815e-06/3.26832e-08|
-1.17023/-4.04716e-06/3.27163e-08|
-1.17153/-2.0802e-06/3.26501e-08|
-1.17272/-1.17222e-07/3.26832e-08|
-1.17378/1.84774e-06/3.25839e-08|
-1.17473/3.81072e-06/3.2617e-08|
-1.17556/5.77569e-06/3.25508e-08|
-1.17628/7.73867e-06/3.25177e-08|
-1.17687/9.69966e-06/3.24845e-08|
-1.17735/1.16626e-05/3.24514e-08|
-1.17771/1.36216e-05/3.24183e-08|
-1.17795/1.55826e-05/3.23189e-08|
-1.17808/1.75377e-05/3.22859e-08|
-1.17809/1.94947e-05/3.22859e-08|
-1.17797/2.14477e-05/3.21534e-08|
-1.17775/2.33988e-05/3.21534e-08|
-1.1774/2.53479e-05/3.20209e-08|
-1.17694/2.7295e-05/3.19878e-08|
-1.17635/2.92401e-05/3.19216e-08|
-1.17565/3.11792e-05/3.18554e-08|
-1.17484/3.31163e-05/3.17891e-08|
-1.1739/3.50535e-05/3.16236e-08|
-1.17285/3.69827e-05/3.16567e-08|
-1.17168/3.89119e-05/3.14911e-08|
-1.17039/4.08332e-05/3.14249e-08|
-1.16899/4.27524e-05/3.12924e-08|
-1.16747/4.46677e-05/3.12593e-08|
-1.16583/4.6579e-05/3.116e-08|
-1.16408/4.84864e-05/3.10275e-08|
-1.1622/5.03838e-05/3.0895e-08|
-1.16022/5.22832e-05/3.08288e-08|
-1.15811/5.41727e-05/3.06964e-08|
-1.1559/5.60582e-05/3.05971e-08|
-1.15356/5.79357e-05/3.04646e-08|
-1.15111/5.98113e-05/3.03652e-08|
-1.14855/6.16809e-05/3.01997e-08|
-1.14587/6.35425e-05/3.01004e-08|
-1.14307/6.53962e-05/2.99679e-08|
-1.14016/6.7246e-05/2.98354e-08|
-1.13714/6.90877e-05/2.9703e-08|
-1.134/7.09236e-05/2.95374e-08|
-1.13075/7.27514e-05/2.94382e-08|
-1.12739/7.45734e-05/2.92393e-08|
-1.12391/7.63853e-05/2.91732e-08|
-1.12032/7.81914e-05/2.89082e-08|
-1.11662/7.99894e-05/2.88752e-08|
-1.11281/8.17796e-05/2.86433e-08|
-1.10889/8.35617e-05/2.84779e-08|
-1.10485/8.5334e-05/2.83453e-08|
-1.10071/8.71003e-05/2.81797e-08|
-1.09645/8.88546e-05/2.80143e-08|
-1.09209/9.0605e-05/2.77989e-08|
-1.08761/9.23395e-05/2.76831e-08|
-1.08303/9.4072e-05/2.74843e-08|
-1.07834/9.57906e-05/2.73023e-08|
-1.07354/9.74993e-05/2.71035e-08|
-1.06863/9.92e-05/2.69545e-08|
-1.06362/0.000100891/2.67393e-08|
-1.0585/0.000102572/2.65572e-08|
-1.05327/0.00010424/2.6375e-08|
-1.04794/0.000105901/2.61765e-08|
-1.0425/0.00010755/2.59611e-08|
-1.03696/0.000109188/2.5779e-08|
-1.03132/0.000110814/2.55637e-08|
-1.02557/0.000112431/2.53652e-08|
-1.01972/0.000114036/2.51498e-08|
-1.01377/0.000115629/2.49347e-08|
-1.00772/0.000117212/2.47523e-08|
-1.00156/0.000118782/2.44877e-08|
-0.995307/0.00012034/2.43053e-08|
-0.988953/0.000121887/2.40902e-08|
-0.9825/0.00012342/2.38419e-08|
-0.975949/0.000124942/2.36267e-08|
-0.9693/0.000126451/2.34114e-08|
-0.962554/0.000127947/2.31465e-08|
-0.955712/0.000129432/2.29476e-08|
-0.948774/0.000130902/2.2716e-08|
-0.941741/0.00013236/2.24344e-08|
-0.934614/0.000133805/2.22358e-08|
-0.927394/0.000135236/2.20042e-08|
-0.920081/0.000136654/2.17226e-08|
-0.912676/0.000138058/2.14908e-08|
-0.905179/0.000139447/2.12589e-08|
-0.897592/0.000140824/2.0994e-08|
-0.889915/0.000142187/2.07127e-08|
-0.882149/0.000143533/2.05138e-08|
-0.874295/0.000144867/2.02325e-08|
-0.866354/0.000146187/1.99841e-08|
-0.858325/0.000147491/1.96861e-08|
-0.850211/0.00014878/1.94874e-08|
-0.842012/0.000150056/1.91564e-08|
-0.833728/0.000151315/1.8941e-08|
-0.825361/0.000152558/1.86429e-08|
-0.816912/0.000153789/1.83781e-08|
-0.808381/0.000155003/1.81133e-08|
-0.799769/0.000156202/1.78482e-08|
-0.791077/0.000157383/1.75338e-08|
-0.782306/0.000158552/1.73017e-08|
-0.773456/0.000159702/1.70039e-08|
-0.764529/0.000160838/1.67391e-08|
-0.755526/0.000161957/1.64078e-08|
-0.746447/0.000163059/1.61926e-08|
-0.737294/0.000164146/1.58613e-08|
-0.728066/0.000165217/1.558e-08|
-0.718766/0.000166269/1.53152e-08|
-0.709394/0.000167307/1.49839e-08|
-0.699951/0.000168327/1.4719e-08|
-0.690438/0.000169332/1.44045e-08|
-0.680856/0.000170316/1.41561e-08|
-0.671205/0.000171288/1.38333e-08|
-0.661488/0.00017224/1.3527e-08|
-0.651704/0.000173174/1.32124e-08|
-0.641856/0.000174093/1.29473e-08|
-0.631943/0.000174992/1.26412e-08|
-0.621967/0.000175875/1.23264e-08|
-0.611928/0.00017674/1.20121e-08|
-0.601828/0.000177589/1.1747e-08|
-0.591669/0.000178419/1.1391e-08|
-0.58145/0.000179231/1.11181e-08|
-0.571172/0.000180023/1.07784e-08|
-0.560838/0.0001808/1.05053e-08|
-0.550447/0.000181559/1.01742e-08|
-0.540002/0.000182298/9.87614e-09|
-0.529502/0.000183019/9.53684e-09|
-0.51895/0.000183724/9.24701e-09|
-0.508345/0.000184407/8.9242e-09|
-0.49769/0.000185074/8.63438e-09|
-0.486985/0.000185721/8.26185e-09|
-0.476231/0.000186351/7.99676e-09|
-0.46543/0.000186962/7.63272e-09|
-0.454582/0.000187554/7.36788e-09|
-0.443688/0.000188127/7.00359e-09|
-0.43275/0.000188681/6.69315e-09|
-0.421769/0.000189217/6.39508e-09|
-0.410746/0.000189735/6.04729e-09|
-0.399681/0.000190231/5.73685e-09|
-0.388577/0.000190711/5.41841e-09|
-0.377434/0.000191168/5.09535e-09|
-0.366252/0.000191611/4.71458e-09|
-0.355035/0.000192031/4.53244e-09|
-0.343781/0.000192432/4.03161e-09|
-0.332494/0.000192816/3.84534e-09|
-0.321173/0.000193179/3.45196e-09|
-0.30982/0.000193523/3.10247e-09|
-0.298436/0.000193848/2.90553e-09|
-0.287022/0.000194154/2.4195e-09|
-0.275579/0.000194437/2.16266e-09|
-0.264109/0.000194709/1.81608e-09|
-0.252613/0.000194951/1.56045e-09|
-0.241091/0.000195181/1.18913e-09|
-0.229545/0.000195388/7.8071e-10|
-0.217976/0.000195575/5.84744e-10|
-0.206385/0.000195749/1.75836e-10|
-0.194774/0.000195894/-1.36545e-10|
-0.183143/0.000196024/-4.29039e-10|
-0.171494/0.000196133/-8.19515e-10|
-0.159827/0.000196226/-1.09164e-09|
-0.148145/0.000196298/-1.44355e-09|
-0.136448/0.000196345/-1.75617e-09|
-0.124737/0.00019638/-2.06758e-09|
-0.113014/0.00019639/-2.45855e-09|
-0.101279/0.000196382/-2.72994e-09|
-0.0895342/0.000196356/-3.08161e-09|
-0.0777806/0.000196307/-3.39205e-09|
-0.0660192/0.000196242/-3.74809e-09|
-0.0542512/0.000196155/-4.01924e-09|
-0.0424776/0.00019605/-4.36679e-09|
-0.0306997/0.000195926/-4.7187e-09|
-0.018919/0.000195778/-4.99592e-09|
-0.00713626/0.000195614/-5.38106e-09|
0.00464716/0.000195429/-5.62116e-09|
0.0164301/0.000195226/-6.00582e-09|
0.0282115/0.000195001/-6.32062e-09|
0.0399899/0.00019476/-6.63107e-09|
0.0517644/0.000194498/-6.98274e-09|
0.0635337/0.000194215/-7.21896e-09|
0.0752967/0.000193915/-7.60774e-09|
0.0870522/0.000193592/-7.9143e-09|
0.0987989/0.000193255/-8.23687e-09|
0.110536/0.000192895/-8.53518e-09|
0.122262/0.000192515/-8.86624e-09|
0.133975/0.000192117/-9.16407e-09|
0.145675/0.000191698/-9.47888e-09|
0.157361/0.000191265/-9.82642e-09|
0.169031/0.000190809/-1.00665e-08|
0.180684/0.000190334/-1.0464e-08|
0.192318/0.00018984/-1.07204e-08|
0.203934/0.000189328/-1.10352e-08|
0.215529/0.000188796/-1.1358e-08|
0.227103/0.000188246/-1.16643e-08|
0.238654/0.000187677/-1.19374e-08|
0.250181/0.000187088/-1.22935e-08|
0.261683/0.000186484/-1.25501e-08|
0.273159/0.000185856/-1.28481e-08|
0.284607/0.000185212/-1.32124e-08|
0.296027/0.00018455/-1.3469e-08|
0.307418/0.000183869/-1.37174e-08|
0.318777/0.000183169/-1.40981e-08|
0.330105/0.000182453/-1.4388e-08|
0.3414/0.000181715/-1.46361e-08|
0.35266/0.000180962/-1.49344e-08|
0.363886/0.000180191/-1.52157e-08|
0.375075/0.000179399/-1.55635e-08|
0.386226/0.00017859/-1.58116e-08|
0.397339/0.000177767/-1.60602e-08|
0.408412/0.000176921/-1.63913e-08|
0.419444/0.000176058/-1.66893e-08|
0.430434/0.00017518/-1.69377e-08|
0.441381/0.000174284/-1.71858e-08|
0.452284/0.000173371/-1.75836e-08|
0.463142/0.000172437/-1.76993e-08|
0.473953/0.000171489/-1.80965e-08|
0.484717/0.000170525/-1.82954e-08|
0.495433/0.000169541/-1.86429e-08|
0.506099/0.00016854/-1.88251e-08|
0.516714/0.000167524/-1.91399e-08|
0.527278/0.000166493/-1.9388e-08|
0.537788/0.000165438/-1.96528e-08|
0.548245/0.000164376/-1.99512e-08|
0.558648/0.00016329/-2.01663e-08|
0.568994/0.000162192/-2.03979e-08|
0.579283/0.000161074/-2.07457e-08|
0.589515/0.000159944/-2.09278e-08|
0.599687/0.000158796/-2.11762e-08|
0.6098/0.000157632/-2.14413e-08|
0.619851/0.000156453/-2.16729e-08|
0.629841/0.000155256/-2.19875e-08|
0.639767/0.000154046/-2.21364e-08|
0.649629/0.000152822/-2.2418e-08|
0.659427/0.000151578/-2.26665e-08|
0.669158/0.000150322/-2.28649e-08|
0.678823/0.000149051/-2.30471e-08|
0.688419/0.000147765/-2.35273e-08|
0.697947/0.000146465/-2.34446e-08|
0.707405/0.000145145/-2.38913e-08|
0.716792/0.000143817/-2.38916e-08|
0.726108/0.000142472/-2.43551e-08|
0.73535/0.000141112/-2.44877e-08|
0.74452/0.00013974/-2.46366e-08|
0.753614/0.000138357/-2.4918e-08|
0.762634/0.000136946/-2.50671e-08|
0.771577/0.000135539/-2.53814e-08|
0.780443/0.000134105/-2.54976e-08|
0.789231/0.000132672/-2.57956e-08|
0.797939/0.000131211/-2.57791e-08|
0.806568/0.000129741/-2.62591e-08|
0.815117/0.000128263/-2.62592e-08|
0.823583/0.000126768/-2.65241e-08|
0.831968/0.000125264/-2.67228e-08|
0.840269/0.000123741/-2.68717e-08|
0.848486/0.000122211/-2.71202e-08|
0.856618/0.000120664/-2.73022e-08|
0.864665/0.000119117/-2.74347e-08|
0.872625/0.000117541/-2.75174e-08|
0.880498/0.000115966/-2.78817e-08|
0.888282/0.000114374/-2.79149e-08|
0.895978/0.000112771/-2.82128e-08|
0.903584/0.000111159/-2.83122e-08|
0.9111/0.000109531/-2.83454e-08|
0.918524/0.000107893/-2.87095e-08|
0.925857/0.000106247/-2.87758e-08|
0.933097/0.000104596/-2.89082e-08|
0.940244/0.000102923/-2.9107e-08|
0.947296/0.000101248/-2.93056e-08|
0.954254/9.95557e-05/-2.92725e-08|
0.961117/9.78569e-05/-2.96368e-08|
0.967883/9.61562e-05/-2.96036e-08|
0.974552/9.44336e-05/-2.97692e-08|
0.981124/9.27071e-05/-3.00011e-08|
0.987598/9.09726e-05/-3.00672e-08|
0.993973/8.92262e-05/-3.01666e-08|
1.00025/8.74678e-05/-3.02328e-08|
1.00642/8.57115e-05/-3.06301e-08|
1.0125/8.39333e-05/-3.03985e-08|
1.01847/8.21571e-05/-3.08288e-08|
1.02434/8.03709e-05/-3.07295e-08|
1.03011/7.85708e-05/-3.09282e-08|
1.03578/7.67668e-05/-3.0895e-08|
1.04134/7.49568e-05/-3.12262e-08|
1.0468/7.31428e-05/-3.116e-08|
1.05215/7.1305e-05/-3.13586e-08|
1.0574/6.94811e-05/-3.13256e-08|
1.06254/6.76314e-05/-3.15904e-08|
1.06758/6.57876e-05/-3.15242e-08|
1.07251/6.39319e-05/-3.16567e-08|
1.07733/6.20782e-05/-3.1756e-08|
1.08205/6.02047e-05/-3.18222e-08|
1.08665/5.83351e-05/-3.19547e-08|
1.09115/5.64535e-05/-3.18885e-08|
1.09554/5.4574e-05/-3.21203e-08|
1.09982/5.26786e-05/-3.21534e-08|
1.10399/5.07871e-05/-3.20872e-08|
1.10804/4.88877e-05/-3.22196e-08|
1.11199/4.69824e-05/-3.22527e-08|
1.11583/4.5073e-05/-3.23852e-08|
1.11955/4.31557e-05/-3.24514e-08|
1.12316/4.12424e-05/-3.2319e-08|
1.12666/3.93152e-05/-3.25177e-08|
1.13005/3.7386e-05/-3.2617e-08|
1.13332/3.54608e-05/-3.24183e-08|
1.13649/3.35276e-05/-3.2617e-08|
1.13953/3.15924e-05/-3.26501e-08|
1.14247/2.96493e-05/-3.25839e-08|
1.14529/2.77023e-05/-3.28157e-08|
1.14799/2.57631e-05/-3.25177e-08|
1.15058/2.38121e-05/-3.27163e-08|
1.15305/2.1855e-05/-3.28488e-08|
1.15541/1.99099e-05/-3.25508e-08|
1.15766/1.79529e-05/-3.28488e-08|
1.15978/1.59939e-05/-3.27494e-08|
1.16179/1.40389e-05/-3.27163e-08|
1.16369/1.20699e-05/-3.27163e-08|
1.16547/1.01189e-05/-3.27494e-08|
1.16713/8.1559e-06/-3.27163e-08|
1.16868/6.18498e-06/-3.26832e-08|
1.17011/4.23193e-06/-3.27163e-08|
1.17142/2.261e-06/-3.2617e-08|
1.17261/2.96036e-07/-3.27494e-08|
1.17369/-1.66694e-06/-3.25839e-08|
1.17465/-3.62992e-06/-3.25508e-08|
1.17549/-5.59489e-06/-3.25839e-08|
1.17622/-7.55787e-06/-3.25839e-08|
1.17682/-9.51886e-06/-3.24845e-08|
1.17731/-1.14818e-05/-3.23521e-08|
1.17768/-1.34389e-05/-3.24845e-08|
1.17794/-1.54038e-05/-3.23189e-08|
1.17807/-1.73589e-05/-3.2319e-08|
1.17809/-1.93119e-05/-3.22527e-08|
1.17799/-2.12669e-05/-3.21203e-08|
1.17777/-2.3222e-05/-3.21865e-08|
1.17744/-2.5171e-05/-3.21203e-08|
1.17698/-2.71122e-05/-3.18885e-08|
1.17641/-2.90612e-05/-3.20209e-08|
1.17572/-3.10004e-05/-3.17229e-08|
1.17492/-3.29395e-05/-3.19216e-08|
1.17399/-3.48747e-05/-3.15904e-08|
1.17295/-3.68019e-05/-3.16567e-08|
1.17179/-3.87331e-05/-3.14911e-08|
1.17052/-4.06603e-05/-3.1458e-08|
1.16912/-4.25736e-05/-3.12924e-08|
1.16761/-4.44949e-05/-3.13256e-08|
1.16599/-4.63982e-05/-3.10606e-08|
1.16424/-4.83135e-05/-3.10606e-08|
1.16238/-5.0209e-05/-3.09614e-08|
1.16041/-5.21084e-05/-3.07626e-08|
1.15831/-5.39978e-05/-3.07626e-08|
1.15611/-5.58853e-05/-3.0597e-08|
1.15378/-5.77629e-05/-3.04646e-08|
1.15134/-5.96424e-05/-3.04316e-08|
1.14879/-6.1506e-05/-3.01665e-08|
1.14612/-6.33697e-05/-3.01004e-08|
1.14333/-6.52274e-05/-2.99016e-08|
1.14043/-6.70731e-05/-2.9968e-08|
1.13742/-6.89189e-05/-2.97029e-08|
1.1343/-7.07547e-05/-2.95706e-08|
1.13106/-7.25826e-05/-2.94049e-08|
1.1277/-7.44085e-05/-2.92725e-08|
1.12424/-7.62184e-05/-2.91401e-08|
1.12066/-7.80245e-05/-2.90075e-08|
1.11697/-7.98186e-05/-2.88089e-08|
1.11317/-8.16166e-05/-2.86765e-08|
1.10925/-8.33988e-05/-2.85108e-08|
1.10523/-8.51731e-05/-2.84448e-08|
1.10109/-8.69373e-05/-2.81135e-08|
1.09685/-8.86937e-05/-2.79148e-08|
1.09249/-9.04421e-05/-2.79314e-08|
1.08803/-9.21826e-05/-2.77824e-08|
1.08345/-9.39111e-05/-2.73519e-08|
1.07877/-9.56317e-05/-2.73519e-08|
1.07398/-9.73423e-05/-2.71864e-08|
1.06909/-9.9049e-05/-2.68717e-08|
1.06408/-0.000100736/-2.68387e-08|
1.05897/-0.000102411/-2.65737e-08|
1.05376/-0.000104087/-2.63751e-08|
1.04844/-0.000105754/-2.62591e-08|
1.04301/-0.000107395/-2.58453e-08|
1.03748/-0.000109036/-2.58453e-08|
1.03184/-0.000110667/-2.56464e-08|
1.02611/-0.000112279/-2.5299e-08|
1.02026/-0.00011389/-2.51996e-08|
1.01432/-0.000115484/-2.50007e-08|
1.00828/-0.000117067/-2.46864e-08|
1.00213/-0.000118642/-2.45869e-08|
0.995888/-0.000120193/-2.43053e-08|
0.989542/-0.000121743/-2.41399e-08|
0.983099/-0.000123282/-2.37592e-08|
0.976557/-0.0001248/-2.37259e-08|
0.969917/-0.000126312/-2.33616e-08|
0.96318/-0.000127812/-2.32954e-08|
0.956347/-0.000129293/-2.28982e-08|
0.949417/-0.000130769/-2.26995e-08|
0.942393/-0.000132227/-2.25007e-08|
0.935275/-0.000133675/-2.22525e-08|
0.928063/-0.000135101/-2.20372e-08|
0.920759/-0.000136524/-2.16894e-08|
0.913362/-0.000137926/-2.15735e-08|
0.905874/-0.000139324/-2.12591e-08|
0.898295/-0.000140698/-2.1027e-08|
0.890626/-0.00014206/-2.07624e-08|
0.882869/-0.00014341/-2.05138e-08|
0.875023/-0.000144745/-2.0249e-08|
0.867089/-0.000146067/-1.99677e-08|
0.859069/-0.000147369/-1.97855e-08|
0.850962/-0.000148663/-1.94542e-08|
0.842771/-0.000149938/-1.92059e-08|
0.834495/-0.0001512/-1.89578e-08|
0.826136/-0.000152446/-1.86759e-08|
0.817694/-0.000153677/-1.83948e-08|
0.809171/-0.000154892/-1.81627e-08|
0.800566/-0.00015609/-1.78317e-08|
0.791881/-0.000157277/-1.7633e-08|
0.783117/-0.000158444/-1.72358e-08|
0.774275/-0.000159596/-1.71034e-08|
0.765355/-0.000160734/-1.67223e-08|
0.756359/-0.000161854/-1.64243e-08|
0.747287/-0.000162958/-1.62424e-08|
0.73814/-0.000164048/-1.58613e-08|
0.72892/-0.000165118/-1.56462e-08|
0.719626/-0.000166176/-1.52987e-08|
0.710261/-0.00016721/-1.50668e-08|
0.700824/-0.000168236/-1.47355e-08|
0.691318/-0.000169239/-1.4388e-08|
0.681742/-0.000170225/-1.42056e-08|
0.672098/-0.000171199/-1.38498e-08|
0.662386/-0.000172151/-1.35767e-08|
0.652609/-0.00017309/-1.32289e-08|
0.642766/-0.000174008/-1.29806e-08|
0.632859/-0.000174912/-1.26495e-08|
0.622889/-0.000175796/-1.23597e-08|
0.612856/-0.000176659/-1.20948e-08|
0.602762/-0.000177512/-1.17056e-08|
0.592607/-0.000178343/-1.14657e-08|
0.582394/-0.000179157/-1.10849e-08|
0.572122/-0.000179951/-1.0886e-08|
0.561793/-0.00018073/-1.04888e-08|
0.551407/-0.000181489/-1.02154e-08|
0.540967/-0.00018223/-9.87614e-09|
0.530472/-0.000182956/-9.5948e-09|
0.519925/-0.000183658/-9.28849e-09|
0.509325/-0.000184346/-8.93221e-09|
0.498674/-0.000185011/-8.65936e-09|
0.487974/-0.000185664/-8.31157e-09|
0.477224/-0.000186294/-7.98852e-09|
0.466427/-0.000186907/-7.69893e-09|
0.455583/-0.000187499/-7.35963e-09|
0.444694/-0.000188075/-7.06981e-09|
0.43376/-0.000188632/-6.70552e-09|
0.422783/-0.000189168/-6.44068e-09|
0.411763/-0.000189688/-6.08464e-09|
0.400703/-0.000190187/-5.73273e-09|
0.389602/-0.000190666/-5.46376e-09|
0.378462/-0.000191128/-5.10772e-09|
0.367285/-0.000191569/-4.80165e-09|
0.35607/-0.000191994/-4.48272e-09|
0.34482/-0.000192396/-4.13905e-09|
0.333536/-0.000192782/-3.78326e-09|
0.322218/-0.000193147/-3.54727e-09|
0.310868/-0.000193491/-3.16237e-09|
0.299486/-0.000193819/-2.84587e-09|
0.288075/-0.000194126/-2.49784e-09|
0.276635/-0.000194414/-2.1857e-09|
0.265168/-0.000194683/-1.90921e-09|
0.253673/-0.000194931/-1.48381e-09|
0.242154/-0.000195158/-1.24807e-09|
0.23061/-0.000195371/-8.97611e-10|
0.219043/-0.000195561/-5.07134e-10|
0.207454/-0.000195731/-2.73091e-10|
0.195845/-0.000195881/1.36545e-10|
0.184216/-0.000196012/4.10121e-10|
0.172568/-0.000196127/7.41178e-10|
0.160903/-0.000196216/1.07199e-09|
0.149222/-0.000196291/1.48284e-09|
0.137526/-0.000196345/1.67735e-09|
0.125817/-0.000196375/2.02829e-09|
0.114095/-0.000196391/2.44011e-09|
0.102361/-0.000196383/2.69041e-09|
0.0906172/-0.000196359/3.08161e-09|
0.0788643/-0.000196314/3.33433e-09|
0.0671036/-0.00019625/3.69012e-09|
0.0553359/-0.000196161/4.03573e-09|
0.043563/-0.00019606/4.3503e-09|
0.0317855/-0.000195939/4.61926e-09|
0.0200049/-0.000195792/5.03739e-09|
0.00822235/-0.000195631/5.30248e-09|
-0.00356114/-0.000195446/5.63741e-09|
-0.0153441/-0.000195246/5.9481e-09|
-0.0271257/-0.000195024/6.28327e-09|
-0.0389045/-0.000194782/6.61045e-09|
-0.0506795/-0.000194521/6.92889e-09|
-0.0624492/-0.000194244/7.23545e-09|
-0.0742128/-0.000193942/7.55827e-09|
-0.0859691/-0.000193624/7.88932e-09|
-0.0977166/-0.000193285/8.19564e-09|
-0.109454/-0.000192929/8.51845e-09|
-0.121181/-0.000192552/8.81652e-09|
-0.132896/-0.000192155/9.14758e-09|
-0.144597/-0.000191739/9.46238e-09|
-0.156284/-0.000191305/9.76846e-09|
-0.167956/-0.000190852/1.00748e-08|
-0.17961/-0.000190378/1.04061e-08|
-0.191247/-0.000189886/1.06957e-08|
-0.202864/-0.000189375/1.10352e-08|
-0.214461/-0.000188846/1.13083e-08|
-0.226037/-0.000188298/1.16146e-08|
-0.23759/-0.00018773/1.19374e-08|
-0.249119/-0.000187144/1.22687e-08|
-0.260624/-0.000186539/1.25171e-08|
-0.272102/-0.000185915/1.28396e-08|
-0.283553/-0.000185273/1.31462e-08|
-0.294976/-0.000184611/1.34358e-08|
-0.306369/-0.000183932/1.37259e-08|
-0.317732/-0.000183236/1.40732e-08|
-0.329062/-0.000182519/1.43218e-08|
-0.34036/-0.000181783/1.46196e-08|
-0.351624/-0.000181032/1.49179e-08|
-0.362853/-0.000180262/1.52157e-08|
-0.374045/-0.000179473/1.54971e-08|
-0.3852/-0.000178667/1.57786e-08|
-0.396316/-0.000177843/1.60602e-08|
-0.407393/-0.000176999/1.63748e-08|
-0.418429/-0.00017614/1.66561e-08|
-0.429423/-0.000175262/1.6888e-08|
-0.440374/-0.000174367/1.72025e-08|
-0.451281/-0.000173454/1.74841e-08|
-0.462143/-0.000172525/1.7749e-08|
-0.472959/-0.000171578/1.80138e-08|
-0.483727/-0.000170614/1.83449e-08|
-0.494447/-0.000169632/1.85437e-08|
-0.505118/-0.000168632/1.88416e-08|
-0.515738/-0.000167619/1.90902e-08|
-0.526306/-0.000166587/1.9388e-08|
-0.536822/-0.000165538/1.96364e-08|
-0.547284/-0.000164473/1.99014e-08|
-0.557691/-0.000163392/2.01496e-08|
-0.568043/-0.000162292/2.03817e-08|
-0.578337/-0.000161179/2.0696e-08|
-0.588574/-0.000160048/2.09113e-08|
-0.598752/-0.000158903/2.11762e-08|
-0.60887/-0.00015774/2.14245e-08|
-0.618927/-0.000156562/2.16564e-08|
-0.628922/-0.000155367/2.1888e-08|
-0.638855/-0.000154158/2.21863e-08|
-0.648723/-0.000152936/2.24012e-08|
-0.658527/-0.000151694/2.25836e-08|
-0.668264/-0.000150439/2.28982e-08|
-0.677935/-0.000149169/2.30803e-08|
-0.687538/-0.000147883/2.33452e-08|
-0.697072/-0.000146584/2.35438e-08|
-0.706536/-0.00014527/2.38086e-08|
-0.71593/-0.000143939/2.3991e-08|
-0.725252/-0.000142595/2.42226e-08|
-0.734502/-0.00014124/2.4471e-08|
-0.743678/-0.000139866/2.46366e-08|
-0.752779/-0.000138481/2.4885e-08|
-0.761806/-0.000137081/2.51001e-08|
-0.770756/-0.000135668/2.52987e-08|
-0.779629/-0.00013424/2.55141e-08|
-0.788424/-0.0001328/2.56963e-08|
-0.79714/-0.000131347/2.59115e-08|
-0.805776/-0.000129879/2.61268e-08|
-0.814332/-0.0001284/2.63088e-08|
-0.822807/-0.000126907/2.64744e-08|
-0.831199/-0.000125401/2.67062e-08|
-0.839507/-0.000123883/2.68718e-08|
-0.847732/-0.000122352/2.70704e-08|
-0.855872/-0.000120811/2.72526e-08|
-0.863927/-0.000119256/2.74181e-08|
-0.871895/-0.000117688/2.76167e-08|
-0.879776/-0.00011611/2.7799e-08|
-0.887568/-0.000114521/2.79314e-08|
-0.895272/-0.000112919/2.81135e-08|
-0.902887/-0.000111307/2.82791e-08|
-0.910411/-0.000109682/2.84777e-08|
-0.917844/-0.000108047/2.86103e-08|
-0.925185/-0.000106402/2.87427e-08|
-0.932434/-0.000104745/2.89413e-08|
-0.939589/-0.000103077/2.90739e-08|
-0.94665/-0.000101401/2.92062e-08|
-0.953617/-9.97146e-05/2.94051e-08|
-0.960488/-9.80179e-05/2.95043e-08|
-0.967263/-9.63092e-05/2.96368e-08|
-0.973942/-9.45926e-05/2.98354e-08|
-0.980523/-9.2868e-05/2.98685e-08|
-0.987005/-9.11315e-05/3.01004e-08|
-0.99339/-8.93871e-05/3.01665e-08|
-0.999674/-8.76347e-05/3.03321e-08|
-1.00586/-8.58704e-05/3.03985e-08|
-1.01194/-8.41002e-05/3.05639e-08|
-1.01793/-8.2322e-05/3.06964e-08|
-1.02381/-8.05318e-05/3.07626e-08|
-1.02959/-7.87397e-05/3.08619e-08|
-1.03526/-7.69337e-05/3.10606e-08|
-1.04083/-7.51237e-05/3.10607e-08|
-1.0463/-7.33038e-05/3.12262e-08|
-1.05166/-7.14799e-05/3.12593e-08|
-1.05692/-6.9646e-05/3.14249e-08|
-1.06207/-6.78043e-05/3.1458e-08|
-1.06712/-6.59585e-05/3.16236e-08|
-1.07206/-6.41068e-05/3.16236e-08|
-1.07689/-6.22431e-05/3.1756e-08|
-1.08162/-6.03795e-05/3.18222e-08|
-1.08623/-5.85059e-05/3.18885e-08|
-1.09074/-5.66304e-05/3.19547e-08|
-1.09514/-5.47449e-05/3.20541e-08|
-1.09943/-5.28574e-05/3.20872e-08|
-1.10361/-5.096e-05/3.21865e-08|
-1.10767/-4.90626e-05/3.22196e-08|
-1.11163/-4.71572e-05/3.22527e-08|
-1.11548/-4.52479e-05/3.23521e-08|
-1.11921/-4.33346e-05/3.23852e-08|
-1.12283/-4.14173e-05/3.24183e-08|
-1.12635/-3.9494e-05/3.25177e-08|
-1.12974/-3.75688e-05/3.24845e-08|
-1.13303/-3.56376e-05/3.25177e-08|
-1.1362/-3.37044e-05/3.2617e-08|
-1.13926/-3.17693e-05/3.2617e-08|
-1.1422/-2.98282e-05/3.2617e-08|
-1.14503/-2.7885e-05/3.26832e-08|
-1.14774/-2.59399e-05/3.26832e-08|
-1.15034/-2.39889e-05/3.26832e-08|
-1.15283/-2.20398e-05/3.27494e-08|
-1.1552/-2.00888e-05/3.26832e-08|
-1.15745/-1.81317e-05/3.27494e-08|
-1.15959/-1.61747e-05/3.27494e-08|
-1.16161/-1.42177e-05/3.27494e-08|
-1.16352/-1.22567e-05/3.27163e-08|
-1.16531/-1.02957e-05/3.27494e-08|
-1.16698/-8.33472e-06/3.27163e-08|
-1.16854/-6.36975e-06/3.26832e-08|
-1.16998/-4.40876e-06/3.27163e-08|
-1.1713/-2.44379e-06/3.26832e-08|
-1.17251/-4.78824e-07/3.2617e-08|
-1.17359/1.48614e-06/3.26501e-08|
-1.17457/3.44912e-06/3.2617e-08|
-1.17542/5.41409e-06/3.25177e-08|
-1.17615/7.37707e-06/3.25839e-08|
-1.17677/9.33806e-06/3.24514e-08|
-1.17727/1.1301e-05/3.24845e-08|
-1.17765/1.3262e-05/3.23521e-08|
-1.17792/1.52191e-05/3.24183e-08|
-1.17806/1.71781e-05/3.22859e-08|
-1.17809/1.91351e-05/3.22527e-08|
-1.178/2.10861e-05/3.21865e-08|
-1.1778/2.30412e-05/3.21203e-08|
-1.17747/2.49883e-05/3.20872e-08|
-1.17703/2.69373e-05/3.20209e-08|
-1.17647/2.88785e-05/3.19216e-08|
-1.17579/3.08236e-05/3.18554e-08|
-1.175/3.27607e-05/3.1756e-08|
-1.17408/3.46959e-05/3.17229e-08|
-1.17305/3.66271e-05/3.15904e-08|
-1.1719/3.85543e-05/3.15573e-08|
-1.17064/4.04795e-05/3.14249e-08|
-1.16926/4.24008e-05/3.13586e-08|
-1.16776/4.43161e-05/3.12593e-08|
-1.16614/4.62274e-05/3.11268e-08|
-1.16441/4.81327e-05/3.10607e-08|
-1.16256/5.00361e-05/3.09282e-08|
-1.16059/5.19315e-05/3.08619e-08|
-1.15851/5.3825e-05/3.07295e-08|
-1.15631/5.57105e-05/3.05639e-08|
-1.154/5.7592e-05/3.05309e-08|
-1.15157/5.94676e-05/3.03652e-08|
-1.14903/6.13352e-05/3.02328e-08|
-1.14637/6.31988e-05/3.01335e-08|
-1.14359/6.50545e-05/3.0001e-08|
-1.14071/6.69062e-05/2.98354e-08|
-1.1377/6.875e-05/2.97361e-08|
-1.13459/7.05838e-05/2.95705e-08|
-1.13136/7.24157e-05/2.94382e-08|
-1.12802/7.42376e-05/2.93056e-08|
-1.12456/7.60516e-05/2.91731e-08|
-1.12099/7.78596e-05/2.89746e-08|
-1.11731/7.96596e-05/2.8842e-08|
-1.11352/8.14497e-05/2.86765e-08|
-1.10962/8.32339e-05/2.85439e-08|
-1.1056/8.50081e-05/2.83784e-08|
-1.10148/8.67744e-05/2.81798e-08|
-1.09724/8.85328e-05/2.80803e-08|
-1.0929/9.02832e-05/2.78321e-08|
-1.08844/9.20216e-05/2.76831e-08|
-1.08388/9.37521e-05/2.75174e-08|
-1.07921/9.54727e-05/2.73519e-08|
-1.07443/9.71854e-05/2.71533e-08|
-1.06954/9.88881e-05/2.69545e-08|
-1.06455/0.000100579/2.68056e-08|
-1.05945/0.000102264/2.65902e-08|
-1.05424/0.000103934/2.63916e-08|
-1.04893/0.000105595/2.62095e-08|
-1.04351/0.000107246/2.59943e-08|
-1.03799/0.000108887/2.58452e-08|
-1.03237/0.000110516/2.55637e-08|
-1.02664/0.000112133/2.54314e-08|
-1.02081/0.000113742/2.51663e-08|
-1.01487/0.000115337/2.50009e-08|
-1.00884/0.00011692/2.47691e-08|
-1.0027/0.000118493/2.45537e-08|
-0.996467/0.000120053/2.43553e-08|
-0.990132/0.000121603/2.40735e-08|
-0.983697/0.000123137/2.39248e-08|
-0.977164/0.000124663/2.36597e-08|
-0.970533/0.000126173/2.34443e-08|
-0.963805/0.000127673/2.32295e-08|
-0.95698/0.000129159/2.29476e-08|
-0.95006/0.000130633/2.27657e-08|
-0.943045/0.000132094/2.24842e-08|
-0.935935/0.000133538/2.2302e-08|
-0.928732/0.000134974/2.20042e-08|
-0.921436/0.000136393/2.17886e-08|
-0.914048/0.0001378/2.15405e-08|
-0.906568/0.000139194/2.12921e-08|
-0.898997/0.000140571/2.10273e-08|
-0.891337/0.000141937/2.08284e-08|
-0.883587/0.000143286/2.04976e-08|
-0.87575/0.000144624/2.02987e-08|
-0.867824/0.000145944/2.00171e-08|
-0.859812/0.000147251/1.97688e-08|
-0.851713/0.000148544/1.94874e-08|
-0.84353/0.000149821/1.92556e-08|
-0.835262/0.000151083/1.89578e-08|
-0.82691/0.000152333/1.86927e-08|
-0.818476/0.000153562/1.84443e-08|
-0.80996/0.00015478/1.81795e-08|
-0.801362/0.000155981/1.78482e-08|
-0.792685/0.000157168/1.76495e-08|
-0.783928/0.000158337/1.7302e-08|
-0.775093/0.000159492/1.70536e-08|
-0.766181/0.00016063/1.6805e-08|
-0.757191/0.000161751/1.64907e-08|
-0.748126/0.000162858/1.62091e-08|
-0.738986/0.000163949/1.59111e-08|
-0.729773/0.000165019/1.56462e-08|
-0.720486/0.000166078/1.53317e-08|
-0.711127/0.000167117/1.50998e-08|
-0.701697/0.00016814/1.47358e-08|
-0.692197/0.000169148/1.44872e-08|
-0.682627/0.000170137/1.41726e-08|
-0.672989/0.00017111/1.38913e-08|
-0.663284/0.000172065/1.35932e-08|
-0.653513/0.000173003/1.32869e-08|
-0.643676/0.000173923/1.29888e-08|
-0.633775/0.000174829/1.26742e-08|
-0.62381/0.000175714/0|
-0.613783/0/0|
